{"id": "9c4bc723-6c9b-4cea-92a7-9f0f0f9e7697", "type": "dataset", "attributes": {"name": "Global Mangrove Forests (OLD)", "slug": "Global-Mangrove-Forests", "type": null, "subtitle": null, "application": ["gfw"], "dataPath": null, "attributesPath": null, "connectorType": "rest", "provider": "cartodb", "userId": "59db4eace9c1380001d6e4c3", "connectorUrl": "https://wri-01.carto.com/tables/mangrove_2010", "tableName": "mangrove_2010", "status": "saved", "published": false, "overwrite": false, "verified": false, "blockchain": {}, "mainDateField": null, "env": "staging", "geoInfo": false, "protected": false, "legend": {"date": [], "region": [], "country": [], "nested": []}, "clonedHost": {}, "errorMessage": "", "taskId": null, "updatedAt": "2018-11-05T09:50:22.543Z", "dataLastUpdated": null, "widgetRelevantProps": [], "layerRelevantProps": [], "layer": [{"id": "5192313d-55b4-4eda-8331-fff7b33496f5", "type": "layer", "attributes": {"name": "Mangrove forests", "slug": "Global-Mangroves-TEST", "dataset": "9c4bc723-6c9b-4cea-92a7-9f0f0f9e7697", "description": "Global mangrove data using mangrove_2010", "application": ["gfw"], "iso": [], "provider": "cartodb", "userId": "5936af3802d342203186ab99", "default": false, "protected": false, "published": true, "env": "staging", "layerConfig": {"body": {"layers": [{"options": {"cartocss_version": "2.3.0", "cartocss": "#mangrove_2010_depreciated{polygon-fill: #05ffaa; polygon-opacity: 0.7;  line-color: #05ffaa;  line-width: 1;  line-opacity: 1; }", "sql": "SELECT * FROM mangrove_2010"}, "type": "cartodb"}], "minzoom": 3, "maxzoom": 18}, "sql_config": [], "params_config": [], "account": "wri-01"}, "legendConfig": {"items": [{"color": "#05ffaa", "name": "Mangrove Forests"}], "type": "basic"}, "interactionConfig": {}, "applicationConfig": {"default": true, "active": true, "global": true, "metadata": "mangrove_2010_gmw"}, "staticImageConfig": {}, "updatedAt": "2018-09-12T13:19:34.725Z"}}], "metadata": [{"id": "5b64553fb6baae001154d19f", "type": "metadata", "attributes": {"dataset": "9c4bc723-6c9b-4cea-92a7-9f0f0f9e7697", "application": "gfw", "resource": {"id": "9c4bc723-6c9b-4cea-92a7-9f0f0f9e7697", "type": "dataset"}, "language": "en", "info": {"description": "This data set shows the global extent of mangrove forests in the year 2010.", "name": "Mangrove Forests", "color": "#a0c746", "citation": "2010, Global Mangrove Watch"}, "createdAt": "2018-08-03T13:14:39.877Z", "updatedAt": "2018-09-19T13:46:45.201Z", "status": "published"}}], "vocabulary": [{"id": "9c4bc723-6c9b-4cea-92a7-9f0f0f9e7697", "type": "vocabulary", "attributes": {"resource": {"id": "9c4bc723-6c9b-4cea-92a7-9f0f0f9e7697", "type": "dataset"}, "tags": ["landCover"], "name": "categoryTab", "application": "gfw"}}]}}