{"id": "42c1bd92-8f37-4b5f-b746-9e8496cb370b", "type": "dataset", "attributes": {"name": "Soil Organic Carbon 2019", "slug": "Soil-Organic-Carbon-2019", "type": null, "subtitle": null, "application": ["gfw"], "dataPath": null, "attributesPath": null, "connectorType": "rest", "provider": "gee", "userId": "59db4eace9c1380001d6e4c3", "connectorUrl": null, "tableName": "projects/wri-datalab/Soil_Carbon_30m", "status": "failed", "published": true, "overwrite": false, "verified": false, "blockchain": {}, "mainDateField": null, "env": "staging", "geoInfo": false, "protected": false, "legend": {"date": [], "region": [], "country": [], "nested": []}, "clonedHost": {}, "errorMessage": null, "taskId": null, "updatedAt": "2019-01-25T11:13:00.381Z", "dataLastUpdated": null, "widget": [], "layer": [], "widgetRelevantProps": [], "layerRelevantProps": [], "metadata": [{"id": "5c4af12c788b3b00128bc44c", "type": "metadata", "attributes": {"dataset": "42c1bd92-8f37-4b5f-b746-9e8496cb370b", "application": "gfw", "resource": {"id": "42c1bd92-8f37-4b5f-b746-9e8496cb370b", "type": "dataset"}, "language": "en", "info": {"citation": "FAO/IIASA/ISRIC/ISSCAS/JRC, 2012", "color": "#89552C", "description": "Identifies organic carbon density in the topsoil (0-30 cm depth).", "name": "Soil organic carbon"}, "createdAt": "2019-01-25T11:21:16.193Z", "updatedAt": "2019-01-25T11:21:16.193Z", "status": "published"}}], "vocabulary": [{"id": "42c1bd92-8f37-4b5f-b746-9e8496cb370b", "type": "vocabulary", "attributes": {"resource": {"id": "42c1bd92-8f37-4b5f-b746-9e8496cb370b", "type": "dataset"}, "tags": ["climate", "carbonDensity"], "name": "categoryTab", "application": "gfw"}}]}}