{"id": "52f774e3-7a72-4092-a859-1a8c3e412c29", "type": "dataset", "attributes": {"name": "Tree cover TEST", "slug": "Tree-cover-TEST", "type": null, "subtitle": null, "application": ["gfw"], "dataPath": null, "attributesPath": null, "connectorType": "rest", "provider": "gee", "userId": "59db4eace9c1380001d6e4c3", "connectorUrl": null, "tableName": "UMD/hansen/global_forest_change_2013", "status": "saved", "published": true, "overwrite": false, "verified": false, "blockchain": {}, "mainDateField": null, "env": "staging", "geoInfo": false, "protected": false, "legend": {"date": [], "region": [], "country": [], "nested": []}, "clonedHost": {}, "errorMessage": "", "taskId": null, "updatedAt": "2018-08-08T12:58:15.639Z", "dataLastUpdated": null, "widget": [], "layer": [], "widgetRelevantProps": [], "layerRelevantProps": [], "metadata": [{"id": "5b6ae8e82792cc001173c492", "type": "metadata", "attributes": {"dataset": "52f774e3-7a72-4092-a859-1a8c3e412c29", "application": "gfw", "resource": {"id": "52f774e3-7a72-4092-a859-1a8c3e412c29", "type": "dataset"}, "language": "en", "info": {"isSelectorLayer": true, "description": "2000/2010, Global, Hansen/UMD/Google/USGS/NASA", "name": "Tree Cover", "colour": "#fe6598"}, "createdAt": "2018-08-08T12:58:16.023Z", "updatedAt": "2018-08-08T12:58:16.023Z", "status": "published"}}], "vocabulary": [{"id": "52f774e3-7a72-4092-a859-1a8c3e412c29", "type": "vocabulary", "attributes": {"resource": {"id": "52f774e3-7a72-4092-a859-1a8c3e412c29", "type": "dataset"}, "tags": ["landCover"], "name": "categoryTab", "application": "gfw"}}]}}