{"id": "dc3e9507-d247-40f9-9d78-a16363d9e4d3", "type": "dataset", "attributes": {"name": "Luli - Gran Chaco", "slug": "Luli-Gran-Chaco", "type": "tabular", "subtitle": null, "application": ["gfw"], "dataPath": null, "attributesPath": null, "connectorType": "rest", "provider": "cartodb", "userId": "57a0aa1071e394dd32ffe137", "connectorUrl": "https://wri-01.carto.com/tables/wdpa_protected_areas/table", "tableName": "wdpa_protected_areas", "status": "saved", "published": false, "overwrite": false, "verified": false, "blockchain": {}, "mainDateField": null, "env": "staging", "geoInfo": false, "protected": false, "legend": {"date": [], "region": [], "country": [], "nested": []}, "clonedHost": {}, "errorMessage": "", "taskId": null, "updatedAt": "2019-05-03T16:43:17.093Z", "dataLastUpdated": null, "widget": [], "widgetRelevantProps": [], "layerRelevantProps": [], "layer": [{"id": "1ae1ecd7-14e0-4909-91b6-a5a262646a64", "type": "layer", "attributes": {"name": "Gran Chaco", "slug": "Luli-Gran-Chaco", "dataset": "dc3e9507-d247-40f9-9d78-a16363d9e4d3", "description": "", "application": ["gfw"], "iso": [], "provider": "cartodb", "userId": "57a0aa1071e394dd32ffe137", "default": false, "protected": false, "published": true, "env": "staging", "layerConfig": {"account": "wri-01", "body": {"layers": [{"options": {"cartocss": "#ecoregion-bounds { polygon-opacity: 0.0; line-color: #4286f4; line-width: 4; line-opacity: 1; }", "cartocss_version": "2.3.0", "interactivity": ["cartodb_id", "eco_name"], "sql": "SELECT *, area_km2 * 1e4 AS area_m2 FROM wwf_terr_ecos_orn WHERE eco_id = 60210"}, "type": "mapnik"}], "maxzoom": 19, "minzoom": 2, "vectorLayers": [{"paint": {"line-color": "#4286f4", "line-width": 2}, "source-layer": "layer0", "type": "line"}, {"paint": {"fill-color": "transparent"}, "source-layer": "layer0", "type": "fill"}]}}, "legendConfig": {"items": [{"color": "#4286f4", "name": "Ecoregion boundary"}], "type": "basic"}, "interactionConfig": {"output": [{"type": "string", "suffix": "", "property": "Name", "prefix": "", "format": null, "column": "name"}, {"type": "string", "suffix": "", "property": "Sub-Location", "prefix": "", "format": null, "column": "sub_loc"}, {"type": "string", "suffix": "", "property": "WDPA ID", "prefix": "", "format": null, "column": "wdpaid"}, {"type": "string", "suffix": "", "property": "Status", "prefix": "", "format": null, "column": "status"}, {"type": "string", "suffix": "", "property": "Designation Type", "prefix": "", "format": null, "column": "desig_type"}, {"type": "string", "suffix": "", "property": "Ownership Type", "prefix": "", "format": null, "column": "own_type"}, {"type": "string", "suffix": "", "property": "Governance Type", "prefix": "", "format": null, "column": "gov_type"}, {"type": "string", "suffix": "", "property": "Management Authority", "prefix": "", "format": null, "column": "mang_auth"}, {"type": "number", "property": "cartodb_id", "hidden": true, "format": null, "column": "cartodb_id"}, {"type": "json", "property": "the_geom", "hidden": true, "format": "json", "column": "the_geom_webmercator"}]}, "applicationConfig": {"metadata": "wdpa_protected_areas", "global": true, "default": false, "analysisEndpoint": "wdpa", "active": true}, "staticImageConfig": {}, "updatedAt": "2019-04-26T09:21:59.141Z"}}], "metadata": [{"id": "5cc2cc81362f3b00118eeb0e", "type": "metadata", "attributes": {"dataset": "dc3e9507-d247-40f9-9d78-a16363d9e4d3", "application": "gfw", "resource": {"id": "dc3e9507-d247-40f9-9d78-a16363d9e4d3", "type": "dataset"}, "language": "en", "info": {"color": "#A878F3", "name": "Luli - Gran Chaco", "description": "Displays areas that are legally protected according to various designations (e.g., national parks, state reserves, and wildlife reserves) and managed to achieve conservation objectives.", "citation": ""}, "createdAt": "2019-04-26T09:16:49.738Z", "updatedAt": "2019-04-26T09:16:49.738Z", "status": "published"}}], "vocabulary": [{"id": "dc3e9507-d247-40f9-9d78-a16363d9e4d3", "type": "vocabulary", "attributes": {"resource": {"id": "dc3e9507-d247-40f9-9d78-a16363d9e4d3", "type": "dataset"}, "tags": ["landUse", "conservation"], "name": "categoryTab", "application": "gfw"}}]}}