{"id": "05a6d516-e045-498d-bc9f-04673990860f", "type": "dataset", "attributes": {"name": "Brazil Biomes", "slug": "Brazil-Biomes_1", "type": null, "subtitle": null, "application": ["gfw"], "dataPath": null, "attributesPath": null, "connectorType": "rest", "provider": "cartodb", "userId": "59db4eace9c1380001d6e4c3", "connectorUrl": "https://wri-01.carto.com/tables/bra_biomes", "tableName": "bra_biomes", "status": "saved", "published": true, "overwrite": false, "verified": false, "blockchain": {}, "mainDateField": null, "env": "production", "geoInfo": false, "protected": true, "legend": {"date": [], "region": [], "country": [], "nested": []}, "clonedHost": {}, "errorMessage": "", "taskId": null, "updatedAt": "2018-11-21T14:02:30.130Z", "dataLastUpdated": null, "widget": [], "widgetRelevantProps": [], "layerRelevantProps": [], "layer": [{"id": "309734ad-fd33-4175-b930-25cc77244a30", "type": "layer", "attributes": {"name": "Brazil biomes - 2004", "slug": "Brazil-Biomes_1", "dataset": "05a6d516-e045-498d-bc9f-04673990860f", "description": "Shows the boundaries of the six Brazilian continental biomes", "application": ["gfw"], "iso": ["BRA"], "provider": "cartodb", "userId": "59db4eace9c1380001d6e4c3", "default": true, "protected": true, "published": true, "env": "production", "layerConfig": {"account": "wri-01", "body": {"layers": [{"options": {"cartocss": "#bra_biomes { polygon-opacity: 0.5; line-color: #FFF; line-width: 0.5; line-opacity: 1; } #bra_biomes[name='Amaz\u00f4nia'] { polygon-fill: #136400; } #bra_biomes[name='Caatinga'] { polygon-fill: #49CC4C; } #bra_biomes[name='Cerrado'] { polygon-fill: #9ECC49; } #bra_biomes[name='Mata Atl\u00e2ntica'] { polygon-fill: #5CA2D1; } #bra_biomes[name='Pampa'] { polygon-fill: #63802E; } #bra_biomes[name='Pantanal'] { polygon-fill: #0F3B82; }", "cartocss_version": "2.3.0", "sql": "SELECT cartodb_id, the_geom_webmercator, name, (round(shape_area)*1000000) as area_ha FROM bra_biomes"}, "type": "cartodb"}], "maxzoom": 19, "minzoom": 2, "vectorLayers": [{"filter": ["all", ["==", "name", "Amaz\u00f4nia"]], "paint": {"fill-color": "#136400", "fill-opacity": 0.5}, "source-layer": "layer0", "type": "fill"}, {"filter": ["all", ["==", "name", "Caatinga"]], "paint": {"fill-color": "#49CC4C", "fill-opacity": 0.5}, "source-layer": "layer0", "type": "fill"}, {"filter": ["all", ["==", "name", "Cerrado"]], "paint": {"fill-color": "#9ECC49", "fill-opacity": 0.5}, "source-layer": "layer0", "type": "fill"}, {"filter": ["all", ["==", "name", "Mata Atl\u00e2ntica"]], "paint": {"fill-color": "#5CA2D1", "fill-opacity": 0.5}, "source-layer": "layer0", "type": "fill"}, {"filter": ["all", ["==", "name", "Pampa"]], "paint": {"fill-color": "#63802E", "fill-opacity": 0.5}, "source-layer": "layer0", "type": "fill"}, {"filter": ["all", ["==", "name", "Pantanal"]], "paint": {"fill-color": "#0F3B82", "fill-opacity": 0.5}, "source-layer": "layer0", "type": "fill"}]}}, "legendConfig": {"type": "basic", "items": [{"name": "Amaz\u00f4nia", "color": "#136400"}, {"name": "Caatinga", "color": "#49CC4C"}, {"name": "Cerrado", "color": "#9ECC49"}, {"name": "Mata atl\u00e2ntica", "color": "#5CA2D1"}, {"name": "Pampa", "color": "#63802E"}, {"name": "Pantanal", "color": "#0F3B82"}]}, "interactionConfig": {}, "applicationConfig": {"default": true, "active": true, "global": false, "metadata": "bra_biomes"}, "staticImageConfig": {}, "updatedAt": "2019-03-08T15:36:32.603Z"}}], "metadata": [{"id": "5b64554491b07b0012a534db", "type": "metadata", "attributes": {"dataset": "05a6d516-e045-498d-bc9f-04673990860f", "application": "gfw", "resource": {"id": "05a6d516-e045-498d-bc9f-04673990860f", "type": "dataset"}, "language": "en", "info": {"name": "Brazil biomes", "color": "#a0c746", "description": "Shows the boundaries of the six Brazilian continental biomes \u2013 Amaz\u00f4nia, Cerrado, Caatinga, Mata Atl\u00e2ntica, Pantanal, and Pampa.", "citation": ""}, "createdAt": "2018-08-03T13:14:44.400Z", "updatedAt": "2018-11-06T15:57:53.374Z", "status": "published"}}], "vocabulary": [{"id": "05a6d516-e045-498d-bc9f-04673990860f", "type": "vocabulary", "attributes": {"resource": {"id": "05a6d516-e045-498d-bc9f-04673990860f", "type": "dataset"}, "tags": ["landCover"], "name": "categoryTab", "application": "gfw"}}]}}