{"id": "091cab6a-3a78-4015-a7b4-7a5d46ccf50b", "type": "dataset", "attributes": {"name": "Tree plantations by type - 2013-2014 CLONE", "slug": "Tree-plantations-by-type-2013-2014-CLONE", "type": null, "subtitle": null, "application": ["gfw"], "dataPath": null, "attributesPath": null, "connectorType": "rest", "provider": "cartodb", "userId": "57a0aa1071e394dd32ffe137", "connectorUrl": "https://wri-01.carto.com/tables/gfw_plantations", "tableName": "gfw_plantations", "status": "saved", "published": true, "overwrite": false, "verified": false, "blockchain": {}, "mainDateField": null, "env": "production", "geoInfo": false, "protected": false, "legend": {"date": [], "region": [], "country": [], "nested": []}, "clonedHost": {}, "errorMessage": "", "taskId": null, "updatedAt": "2019-04-05T11:55:25.568Z", "dataLastUpdated": null, "metadata": [], "widget": [], "layer": [], "vocabulary": [], "widgetRelevantProps": [], "layerRelevantProps": []}}