{"id": "134caa0a-21f7-451d-a7fe-30db31a424aa", "type": "dataset", "attributes": {"name": "Political boundaries (GADM)", "slug": "Country-geometries-1490086842548", "type": "tabular", "subtitle": null, "application": ["gfw", "data4sdgs", "aqueduct", "forest-atlas", "gfw-climate"], "dataPath": null, "attributesPath": null, "connectorType": "rest", "provider": "cartodb", "userId": "57a0aa1071e394dd32ffe137", "connectorUrl": "https://wri-01.carto.com/tables/gadm28_countries/public", "tableName": "gadm28_countries", "status": "saved", "published": true, "overwrite": false, "verified": false, "blockchain": {}, "mainDateField": null, "env": "production", "geoInfo": true, "protected": true, "legend": {"date": [], "region": [], "country": [], "nested": []}, "clonedHost": {}, "errorMessage": null, "taskId": null, "updatedAt": "2018-11-21T13:54:56.454Z", "dataLastUpdated": null, "widgetRelevantProps": [], "layerRelevantProps": ["the_geom", "the_geom_webmercator", "iso"], "layer": [{"id": "4fb877f5-bf36-402c-b871-c1dd9e54b7d4", "type": "layer", "attributes": {"name": "Political Boundaries (National)", "slug": "political-boundaries-wri", "dataset": "134caa0a-21f7-451d-a7fe-30db31a424aa", "description": "National political boundaries.", "application": ["rw"], "iso": ["global"], "provider": "cartodb", "userId": "58f63c81bd32c60206ed6b12", "default": true, "protected": false, "published": true, "env": "production", "layerConfig": {"account": "wri-01", "body": {"maxzoom": 18, "minzoom": 3, "layers": [{"type": "cartodb", "options": {"sql": "SELECT the_geom, the_geom_webmercator, iso, cartodb_id FROM gadm28_countries", "cartocss": "#gadm28_countries{  polygon-fill: #3bb2d0;  polygon-opacity: 0;  line-color: #5CA2D1;  line-width: 0.5;  line-opacity: 1;}", "cartocss_version": "2.3.0"}}]}}, "legendConfig": {"items": [{"color": "#5CA2D1", "name": "National Political Boundaries"}], "type": "basic"}, "interactionConfig": {}, "applicationConfig": {}, "staticImageConfig": {}, "updatedAt": "2017-10-13T21:25:28.008Z"}}], "metadata": [{"id": "5888ab163d81e10b00e6a5ae", "type": "metadata", "attributes": {"dataset": "134caa0a-21f7-451d-a7fe-30db31a424aa", "application": "aqueduct", "resource": {"id": "134caa0a-21f7-451d-a7fe-30db31a424aa", "type": "dataset"}, "language": "en", "name": "Country geometries", "description": "GADM is a spatial database of the location of the world's administrative areas (or adminstrative boundaries) for use in GIS and similar software. Administrative areas in this database are countries and lower level subdivisions such as provinces, departments, counties, etc. GADM describes where these administrative areas are (the spatial features), and for each area it provides some attributes, such as the name and variant names.", "source": "https://www.gadm.org", "citation": "", "license": "", "info": {"organization": "WRI"}, "createdAt": "2017-01-25T13:41:42.621Z", "updatedAt": "2017-01-25T13:41:42.621Z", "status": "published"}}, {"id": "59a4226f7b6c000012baa6f5", "type": "metadata", "attributes": {"dataset": "134caa0a-21f7-451d-a7fe-30db31a424aa", "application": "gfw", "resource": {"id": "134caa0a-21f7-451d-a7fe-30db31a424aa", "type": "dataset"}, "language": "es", "name": "", "description": "", "source": "", "citation": "", "license": "", "info": {"dataDownload": "", "organization": "", "source-long": "", "short-description": "", "caution": "", "updateFrequence": "", "dateContent": "", "spatialResolution": "", "geographicCoverage": "", "function": "", "subtitle": ""}, "createdAt": "2017-08-28T14:02:23.744Z", "updatedAt": "2017-08-28T14:02:23.744Z", "status": "published"}}, {"id": "59d7cac2331a2f00111422e9", "type": "metadata", "attributes": {"dataset": "134caa0a-21f7-451d-a7fe-30db31a424aa", "application": "rw", "resource": {"id": "134caa0a-21f7-451d-a7fe-30db31a424aa", "type": "dataset"}, "language": "en", "name": "National Political Boundaries", "description": "This data set is comprised of a series of shapefiles created by the World Resources Institute (WRI) that show political (country) boundaries, based on data from NaturalEarthData.com. Political boundaries are shown from 3 perspectives: US, China, and India. Multiple shapefiles and geoJSON files exist within each perspective, including \"Primary\" countries (UN member states, sans dependencies), \"all\" countries (all land area), all boundaries, non-disputed bounds (\"cartographic boundaries\"), disputed areas and all land area. This data set does not include disputed areas. Resource Watch shows only a subset of the dataset. For access to the full dataset and additional information, see the Learn More link.", "source": "WRI", "info": {"wri_rw_id": "soc.065", "rwId": "soc.065", "data_type": "Vector", "name": "National Political Boundaries", "sources": [{"source-name": "World Resources Institute (WRI)", "id": 0, "source-description": ""}], "technical_title": "WRI Bounds", "functions": "National political boundaries", "cautions": "The data do not imply any opinion on the part of the World Resources Institute concerning the legal status or delineation of any country or territory, nor do they imply endorsement of the represented country areas or boundaries.", "citation": "World Resource Institute. 2017. \"WRI Bounds.\" Retrieved from https://github.com/wri/wri-bounds. Accessed through Resource Watch, [date]. www.resourcewatch.org.", "license": "Creative Commons Zero v1.0 Universal", "license_link": "https://github.com/wri/wri-bounds/blob/master/LICENSE", "geographic_coverage": "Global", "spatial_resolution": null, "date_of_content": "2017", "frequency_of_updates": "Varies", "learn_more_link": "https://github.com/wri/wri-bounds", "data_download_link": null, "data_download_original_link": "https://github.com/wri/wri-bounds"}, "columns": {}, "createdAt": "2017-10-06T18:26:10.080Z", "updatedAt": "2018-03-20T22:12:28.799Z", "status": "published"}}], "vocabulary": [{"id": "134caa0a-21f7-451d-a7fe-30db31a424aa", "type": "vocabulary", "attributes": {"resource": {"id": "134caa0a-21f7-451d-a7fe-30db31a424aa", "type": "dataset"}, "tags": ["vector", "geospatial", "table", "global", "country", "land"], "name": "knowledge_graph", "application": "rw"}}], "widget": [{"id": null, "type": "widget", "attributes": {"id": "3e0e5ca2-2537-4228-a794-de3e2166d306", "type": "widget", "attributes": {"name": "Population in small countries", "dataset": "134caa0a-21f7-451d-a7fe-30db31a424aa", "slug": "Population-in-small-countries", "userId": "58750a56dfc643722bdd02ab", "description": "Explain what this does", "application": ["forest-atlas"], "verified": false, "default": false, "protected": false, "defaultEditableWidget": false, "published": false, "freeze": false, "env": "production", "widgetConfig": {"paramsConfig": {"visualizationType": "chart", "limit": 50, "value": {"tableName": "gadm28_countries", "datasetID": "134caa0a-21f7-451d-a7fe-30db31a424aa", "type": "number", "name": "pop2000"}, "category": {"tableName": "gadm28_countries", "datasetID": "134caa0a-21f7-451d-a7fe-30db31a424aa", "type": "string", "name": "iso2"}, "color": null, "size": null, "orderBy": null, "aggregateFunction": null, "chartType": "bar", "filters": [{"value": [21, 185307958], "tableName": "gadm28_countries", "datasetID": "134caa0a-21f7-451d-a7fe-30db31a424aa", "type": "number", "name": "area_ha"}], "areaIntersection": null, "band": null, "layer": null}, "data": [{"name": "table", "transform": [{"type": "identifier", "as": "id"}, {"type": "joinaggregate", "as": ["count"]}], "url": "https://production-api.globalforestwatch.org/v1/query/134caa0a-21f7-451d-a7fe-30db31a424aa?sql=SELECT iso2 as x, pop2000 as y FROM gadm28_countries WHERE area_ha >= 21 AND area_ha <= 185307958  ORDER BY pop2000 desc LIMIT 50", "format": {"type": "json", "property": "data"}}], "scales": [{"name": "x", "type": "band", "range": "width", "padding": 0.05, "domain": {"data": "table", "field": "id"}}, {"name": "y", "type": "linear", "range": "height", "nice": true, "zero": true, "domain": {"data": "table", "field": "y"}}], "axes": [{"orient": "bottom", "scale": "x", "labelOverlap": "parity", "ticks": false, "encode": {"labels": {"update": {"text": {"signal": "width < 300 || data('table')[0].count > 10 ? truncate(data('table')[datum.value - 1].x, 12) : data('table')[datum.value - 1].x"}, "align": {"signal": "width < 300 || data('table')[0].count > 10 ? 'right' : 'center'"}, "baseline": {"signal": "width < 300 || data('table')[0].count > 10 ? 'middle' : 'top'"}, "angle": {"signal": "width < 300 || data('table')[0].count > 10 ? -90 :0 "}}}}}, {"orient": "left", "scale": "y", "labelOverlap": "parity", "format": "s", "encode": {"labels": {"update": {"align": {"value": "right"}, "baseline": {"value": "bottom"}}}}}], "marks": [{"type": "rect", "from": {"data": "table"}, "encode": {"update": {"opacity": {"value": 1}, "x": {"scale": "x", "field": "id"}, "width": {"scale": "x", "band": 1}, "y": {"scale": "y", "field": "y"}, "y2": {"scale": "y", "value": 0}}, "hover": {"opacity": {"value": 0.8}}}}], "interaction_config": [{"name": "tooltip", "config": {"fields": [{"column": "y", "property": "Pop2000", "type": "number", "format": ".2s"}, {"column": "x", "property": "Iso2", "type": "string", "format": ".2f"}]}}], "config": {"range": {"dotSize": [20, 250], "category": ["#5A7598", "#C1CCDC", "#DBB86F", "#B7597B", "#5FAB55", "#8D439E", "#CD87CA", "#6BC8CB", "#C58857", "#712932", "#ACE3E9", "#B1D193", "#294260", "#49ACDB", "#2A75C3"], "category20": ["#5A7598", "#C1CCDC", "#DBB86F", "#B7597B", "#5FAB55", "#8D439E", "#CD87CA", "#6BC8CB", "#C58857", "#712932", "#ACE3E9", "#B1D193", "#294260", "#49ACDB", "#2A75C3"], "ordinal": {"scheme": "greens"}, "ramp": {"scheme": "purples"}}, "axis": {"labelFontSize": 13, "labelFont": "Lato", "labelColor": "#717171", "labelPadding": 10, "ticks": true, "tickSize": 8, "tickColor": "#A9ABAD", "tickOpacity": 0.5, "tickExtra": false}, "axisX": {"bandPosition": 0.5, "domainWidth": 1.2, "domainColor": "#A9ABAD", "labelAlign": "center", "labelBaseline": "top"}, "axisY": {"domain": false, "labelAlign": "left", "labelBaseline": "bottom", "tickOpacity": 0.5, "grid": true, "ticks": false, "gridColor": "#A9ABAD", "gridOpacity": 0.5}, "mark": {"fill": "#5A7598"}, "symbol": {"fill": "#5A7598", "stroke": "#fff"}, "rect": {"cornerRadius": 3, "fill": "#5A7598"}, "line": {"interpolate": "linear", "stroke": "#5A7598", "fillOpacity": 0}, "name": "wind"}}, "template": false, "createdAt": "2018-06-28T07:19:44.760Z", "updatedAt": "2018-06-28T07:19:44.760Z"}}}]}}