{"id": "13e28550-3fc9-45ec-bb00-5a48a82b77e1", "type": "dataset", "attributes": {"name": "Intact Forest Landscapes", "slug": "Intact-Forest-Landscapes_1", "type": null, "subtitle": null, "application": ["gfw"], "dataPath": null, "attributesPath": null, "connectorType": "rest", "provider": "cartodb", "userId": "59db4eace9c1380001d6e4c3", "connectorUrl": "https://wri-01.carto.com/tables/ifl_2000_2013_2016", "tableName": "ifl_2000_2013_2016", "status": "saved", "published": true, "overwrite": false, "verified": false, "blockchain": {}, "mainDateField": null, "env": "production", "geoInfo": false, "protected": true, "legend": {"date": [], "region": [], "country": [], "nested": []}, "clonedHost": {}, "errorMessage": "", "taskId": null, "updatedAt": "2018-11-21T14:02:21.367Z", "dataLastUpdated": null, "widgetRelevantProps": [], "layerRelevantProps": [], "layer": [{"id": "fd44b976-62e6-4072-8218-8abf6e254ed8", "type": "layer", "attributes": {"name": "Intact Forest Landscapes - 2000-2016", "slug": "Intact-Forest-Landscapes-2000-2016", "dataset": "13e28550-3fc9-45ec-bb00-5a48a82b77e1", "description": "IFL including reduction in extent 2013-2016", "application": ["gfw"], "iso": [], "provider": "cartodb", "userId": "59db4eace9c1380001d6e4c3", "default": true, "protected": true, "published": true, "env": "production", "layerConfig": {"account": "wri-01", "body": {"layers": [{"options": {"cartocss": "#ifl_2016 {  polygon-opacity: 0.9;  polygon-fill: #5C8C50;  line-width: 0;  line-opacity: 1;} #ifl_reduction_2000_2013[class='IFL2000'] {  polygon-fill:  #969904;} #ifl_reduction_2013_2016[class='IFL2013'] {  polygon-fill:  #635731;}", "cartocss_version": "2.3.0", "sql": "SELECT * FROM ifl_2000_2013_2016"}, "type": "cartodb"}], "maxzoom": 19, "minzoom": 2, "vectorLayers": [{"paint": {"fill-color": "#5C8C50", "fill-opacity": 0.9}, "source-layer": "layer0", "type": "fill"}, {"filter": ["all", ["==", "class", "IFL2000"]], "paint": {"fill-color": "#969904"}, "source-layer": "layer0", "type": "fill"}, {"filter": ["all", ["==", "class", "IFL2013"]], "paint": {"fill-color": "#635731"}, "source-layer": "layer0", "type": "fill"}]}, "params_config": [], "sql_config": []}, "legendConfig": {"items": [{"color": "#5C8C50", "name": "Intact Forest Landscapes"}, {"color": "#969904", "name": "Reduction in extent 2000-2013"}, {"color": "#635731", "name": "Reduction in extent 2013-2016"}], "type": "basic"}, "interactionConfig": {}, "applicationConfig": {"active": true, "default": true, "global": true, "menuPosition": 2, "metadata": "intact_forest_landscapes_change"}, "staticImageConfig": {}, "updatedAt": "2019-03-08T15:07:11.413Z"}}], "metadata": [{"id": "5b645540c31667001159baf8", "type": "metadata", "attributes": {"dataset": "13e28550-3fc9-45ec-bb00-5a48a82b77e1", "application": "gfw", "resource": {"id": "13e28550-3fc9-45ec-bb00-5a48a82b77e1", "type": "dataset"}, "language": "en", "info": {"citation": "2000/2013/2016", "color": "#a0c746", "description": "Identifies the world\u2019s last remaining unfragmented forest landscapes, large enough to retain all native biodiversity and showing no signs of human alteration as of the year 2013. This layer also shows the reduction in the extent of Intact Forest Landscapes from 2000 to 2016.", "name": "Intact Forest Landscapes"}, "createdAt": "2018-08-03T13:14:40.647Z", "updatedAt": "2018-11-12T20:26:58.710Z", "status": "published"}}], "vocabulary": [{"id": "13e28550-3fc9-45ec-bb00-5a48a82b77e1", "type": "vocabulary", "attributes": {"resource": {"id": "13e28550-3fc9-45ec-bb00-5a48a82b77e1", "type": "dataset"}, "tags": ["landCover"], "name": "categoryTab", "application": "gfw"}}], "widget": [{"id": null, "type": "widget", "attributes": {"id": "1c0b8986-82af-4b7a-ae75-3edba0f79e68", "type": "widget", "attributes": {"name": "Tree Cover Loss in intract Forest Landscape", "dataset": "13e28550-3fc9-45ec-bb00-5a48a82b77e1", "slug": "Tree-Cover-Loss-in-intract-Forest-Landscape", "userId": "5b3a57251b3a8854b6338faa", "description": "Widget used in mapbuilder to present the annual tree cover loss in intact forest landscapere. In order to use this widget the application must add a tree cover desnity treshold, period for anlaysis, and geostore ID through the analysis url.", "application": ["forest-atlas"], "verified": false, "default": false, "protected": false, "defaultEditableWidget": false, "published": true, "freeze": false, "env": "production", "widgetConfig": {"marks": [{"encode": {"update": {"opacity": {"value": 0.9}}, "hover": {"opacity": {"value": 0.6}}, "enter": {"tooltip": {"signal": "datum.year + ' : ' + format(datum.loss, ' ,.0f') + ' ha'"}, "fill": {"value": "#317E2C"}, "x2": {"value": 0, "scale": "x"}, "x": {"field": "loss", "scale": "x"}, "height": {"band": 1, "scale": "y"}, "y": {"field": "year", "scale": "y"}}}, "type": "rect", "from": {"data": "table"}, "name": "bars"}], "axes": [{"zindex": 1, "labelPadding": 4, "tickSize": 0, "scale": "y", "orient": "left", "title": "Year"}, {"tickCount": 5, "format": ",.1s", "labelOverlap": "greedy", "scale": "x", "orient": "bottom", "title": "Hectares (k = 1,000)"}], "scales": [{"padding": 0.3, "range": "height", "domain": {"field": "year", "data": "table"}, "type": "band", "name": "y"}, {"format": "", "nice": true, "zero": true, "round": true, "range": "width", "domain": {"field": "loss", "data": "table"}, "type": "linear", "name": "x"}], "data": [{"transform": [{"fields": ["result"], "type": "flatten"}, {"expr": "(datum.result.year)", "as": "year", "type": "formula"}, {"expr": "(datum.result.result)", "as": "loss", "type": "formula"}, {"as": ["loss", "year"], "fields": ["loss", "year"], "type": "project"}], "url": "https://production-api.globalforestwatch.org/v1/loss-by-landcover?", "format": {"property": "data.attributes.histogram"}, "name": "table"}], "padding": 5, "height": 320, "width": 210, "schema": "https://vega.github.io/schema/vega/v4.json"}, "template": false, "createdAt": "2018-11-05T21:33:16.847Z", "updatedAt": "2018-11-05T21:33:16.847Z"}}}]}}