{"id": "20cc5eca-8c63-4c41-8e8e-134dcf1e6d76", "type": "dataset", "attributes": {"name": "for.006.nrt Active Fires (VIIRS)_old", "slug": "VIIRS-Active-Fire-Global-1490086842549", "type": "tabular", "subtitle": "NASA", "application": ["rw", "data4sdgs", "prep"], "dataPath": null, "attributesPath": null, "connectorType": "rest", "provider": "cartodb", "userId": "586bc76036aacd381cb92b3a", "connectorUrl": "https://wri-01.carto.com/tables/vnp14imgtdl_nrt_global_7d/table", "tableName": "vnp14imgtdl_nrt_global_7d", "status": "saved", "published": true, "overwrite": false, "verified": false, "blockchain": {}, "subscribable": {"Maximum observed fire radiative power (FRP)": {"dataQuery": "    SELECT frp AS value, acq_date,  ST_AsGeoJSON(the_geom) as geom     FROM VIIRS-Active-Fire-Global-1490086842549  WHERE acq_date >= '{{begin}}' AND acq_date <= '{{end}}'  ORDER BY acq_date DESC  LIMIT 10", "subscriptionQuery": "SELECT MAX(frp) AS value FROM VIIRS-Active-Fire-Global-1490086842549  WHERE acq_date >= '{{begin}}' AND acq_date <= '{{end}}'"}, "Number of fires with fire radiative power over 200": {"dataQuery": "    SELECT frp AS value, acq_date,  ST_AsGeoJSON(the_geom) as geom     FROM VIIRS-Active-Fire-Global-1490086842549  WHERE acq_date >= '{{begin}}' AND acq_date <= '{{end}}'  AND frp >= 200.0 ORDER BY acq_date DESC  LIMIT 10", "subscriptionQuery": "    SELECT COUNT(*) AS value  FROM VIIRS-Active-Fire-Global-1490086842549  WHERE acq_date >= '{{begin}}' AND acq_date <= '{{end}}' AND frp >= 200.0 "}}, "mainDateField": "acq_date", "env": "production", "geoInfo": true, "protected": false, "legend": {"date": [], "region": [], "country": [], "nested": []}, "clonedHost": {}, "errorMessage": null, "taskId": null, "updatedAt": "2019-04-12T17:30:08.357Z", "dataLastUpdated": "2019-04-12T17:24:31.387Z", "widgetRelevantProps": ["bright_ti5", "frp", "latitude", "longitude", "acq_time", "acq_date", "confidence", "daynight"], "layerRelevantProps": ["bright_ti5", "frp", "acq_date", "acq_time"], "layer": [{"id": "5ca12eec-f8fe-49eb-b353-67c9eeb5bc6a", "type": "layer", "attributes": {"name": "Large Fires (Past Week)", "slug": "viirs-active-fire-global", "dataset": "20cc5eca-8c63-4c41-8e8e-134dcf1e6d76", "description": "This layer shows fires detected in the past week with a fire radiative power (FRP) of at least 100MW.", "application": ["rw"], "iso": [""], "provider": "cartodb", "userId": "58fde4354eecd9073107af0f", "default": true, "protected": false, "published": true, "env": "production", "layerConfig": {"account": "rw-nrt", "body": {"maxzoom": 18, "minzoom": 3, "layers": [{"type": "cartodb", "options": {"sql": "SELECT cartodb_id, the_geom, acq_date, acq_time, acq_date::text as date_str, acq_time::text as time_str, frp, latitude, longitude, the_geom_webmercator, CASE WHEN acq_date>= (CURRENT_DATE - interval '7 day') AND acq_date< (CURRENT_DATE - interval '6 day') THEN 7 WHEN acq_date>= (CURRENT_DATE - interval '6 day') AND acq_date< (CURRENT_DATE - interval '5 day') THEN 6 WHEN acq_date>= (CURRENT_DATE - interval '5 day') AND acq_date< (CURRENT_DATE - interval '4 day') THEN 5 WHEN acq_date>= (CURRENT_DATE - interval '4 day') AND acq_date< (CURRENT_DATE - interval '3 day') THEN 4 WHEN acq_date>= (CURRENT_DATE - interval '3 day') AND acq_date< (CURRENT_DATE - interval '2 day') THEN 3 WHEN acq_date>= (CURRENT_DATE - interval '2 day') AND acq_date< (CURRENT_DATE - interval '1 day') THEN 2 WHEN acq_date>= (CURRENT_DATE - interval '1 day') THEN 1 ELSE -1 END AS days_ago FROM vnp14imgtdl_nrt_global_7d where (acq_date> (CURRENT_DATE - interval '7 day')) and frp>=100 ORDER BY acq_date asc, frp asc", "cartocss": "#layer { ::halo { marker-width: 20; marker-fill: #FFCC00; marker-fill-opacity: 1; marker-line-color: #f0fcaa; marker-line-width: 0; marker-line-opacity: 1; marker-placement: point; marker-type: ellipse; marker-allow-overlap: true; opacity: 0.3;} marker-width: 5; marker-fill-opacity: 1; marker-line-color: #FFF; marker-line-width: 0; marker-line-opacity: 1; marker-placement: point; marker-type: ellipse; marker-allow-overlap: true; }[days_ago=7]{marker-fill: #EA0000;}[days_ago=6]{marker-fill: #FF2600;}[days_ago=5]{marker-fill: #FF6600;}[days_ago=4]{marker-fill: #FF8C00;}[days_ago=3]{marker-fill: #FFB200;}[days_ago=2]{marker-fill: #FFD900;}[days_ago=1]{marker-fill: #FFFF00;}", "cartocss_version": "2.3.0"}}]}, "pulseConfig": {"type": "imageOverlay", "values": {"format": "png", "bbox": [-110, -65, 110, 65], "width": 2048, "height": 1024}}}, "legendConfig": {"type": "choropleth", "items": [{"name": "7 days ago", "color": "#EA0000"}, {"name": "6 days ago", "color": "#FF2600"}, {"name": "5 days ago", "color": "#FF6600"}, {"name": "4 days ago", "color": "#FF8C00"}, {"name": "3 days ago", "color": "#FFB200"}, {"name": "2 days ago", "color": "#FFD900"}, {"name": "1 day ago", "color": "#FFFF00"}]}, "interactionConfig": {"output": [{"suffix": " MW", "format": null, "column": "frp", "prefix": "", "property": "Fire Radiative Power", "type": "number"}, {"column": "date_str", "format": null, "prefix": "", "property": "Date", "suffix": "", "type": "string"}, {"column": "time_str", "format": null, "prefix": "", "property": "Time", "suffix": " UTC", "type": "string"}], "pulseConfig": {"url": "https://api.resourcewatch.org/v1/query/20cc5eca-8c63-4c41-8e8e-134dcf1e6d76?sql=SELECT cartodb_id, the_geom, acq_date, acq_time, acq_date::text as date_str, acq_time::text as time_str, frp, latitude, longitude, the_geom_webmercator, CASE WHEN acq_date>= (CURRENT_DATE - interval '7 day') AND acq_date< (CURRENT_DATE - interval '6 day') THEN 7 WHEN acq_date>= (CURRENT_DATE - interval '6 day') AND acq_date< (CURRENT_DATE - interval '5 day') THEN 6 WHEN acq_date>= (CURRENT_DATE - interval '5 day') AND acq_date< (CURRENT_DATE - interval '4 day') THEN 5 WHEN acq_date>= (CURRENT_DATE - interval '4 day') AND acq_date< (CURRENT_DATE - interval '3 day') THEN 4 WHEN acq_date>= (CURRENT_DATE - interval '3 day') AND acq_date< (CURRENT_DATE - interval '2 day') THEN 3 WHEN acq_date>= (CURRENT_DATE - interval '2 day') AND acq_date< (CURRENT_DATE - interval '1 day') THEN 2 WHEN acq_date>= (CURRENT_DATE - interval '1 day') THEN 1 ELSE -1 END AS days_ago FROM vnp14imgtdl_nrt_global_7d where st_intersects(the_geom,st_buffer(ST_SetSRID(ST_GeomFromGeoJSON('{\"type\":\"Point\",\"coordinates\":{{point}}}'),4326),1)) AND (acq_date> (CURRENT_DATE - interval '7 day')) and frp>=100 ORDER BY acq_date asc, frp asc"}}, "applicationConfig": {}, "staticImageConfig": {}, "updatedAt": "2019-04-10T14:09:34.726Z"}}, {"id": "f9029b9a-a435-4d5f-9800-7440db013ada", "type": "layer", "attributes": {"name": "All Fires (Past Week)", "slug": "All-Fires-Latest-Week", "dataset": "20cc5eca-8c63-4c41-8e8e-134dcf1e6d76", "description": "This layer shows fires detected in the past week.", "application": ["rw"], "iso": [], "provider": "cartodb", "userId": "57d021e329309063404573a8", "default": false, "protected": false, "published": true, "env": "production", "layerConfig": {"account": "rw-nrt", "body": {"maxzoom": 18, "minzoom": 3, "layers": [{"type": "cartodb", "options": {"sql": "SELECT cartodb_id, the_geom, acq_date, acq_time, acq_date::text as date_str, acq_time::text as time_str, frp, latitude, longitude, the_geom_webmercator, CASE WHEN acq_date>= (CURRENT_DATE - interval '7 day') AND acq_date< (CURRENT_DATE - interval '6 day') THEN 7 WHEN acq_date>= (CURRENT_DATE - interval '6 day') AND acq_date< (CURRENT_DATE - interval '5 day') THEN 6 WHEN acq_date>= (CURRENT_DATE - interval '5 day') AND acq_date< (CURRENT_DATE - interval '4 day') THEN 5 WHEN acq_date>= (CURRENT_DATE - interval '4 day') AND acq_date< (CURRENT_DATE - interval '3 day') THEN 4 WHEN acq_date>= (CURRENT_DATE - interval '3 day') AND acq_date< (CURRENT_DATE - interval '2 day') THEN 3 WHEN acq_date>= (CURRENT_DATE - interval '2 day') AND acq_date< (CURRENT_DATE - interval '1 day') THEN 2 WHEN acq_date>= (CURRENT_DATE - interval '1 day') THEN 1 ELSE -1 END AS days_ago FROM vnp14imgtdl_nrt_global_7d where (acq_date> (CURRENT_DATE - interval '7 day')) ORDER BY acq_date asc, frp asc", "cartocss": "#layer { marker-width: 4; marker-fill-opacity: 1; marker-line-color: #FFF; marker-line-width: 0; marker-line-opacity: 1; marker-placement: point; marker-type: ellipse; marker-allow-overlap: true; }[days_ago=7]{marker-fill: #EA0000;}[days_ago=6]{marker-fill: #FF2600;}[days_ago=5]{marker-fill: #FF6600;}[days_ago=4]{marker-fill: #FF8C00;}[days_ago=3]{marker-fill: #FFB200;}[days_ago=2]{marker-fill: #FFD900;}[days_ago=1]{marker-fill: #FFFF00;}", "cartocss_version": "2.3.0"}}]}, "pulseConfig": {"type": "imageOverlay", "values": {"format": "png", "bbox": [-110, -65, 110, 65], "width": 2048, "height": 1024}, "sql": "SELECT ST_Transform(the_geom_webmercator, 32663) as the_geom_webmercator, bright_ti4, scan, track, acq_date, acq_time, satellite, confidence, version, bright_ti5, frp, daynight FROM vnp14imgtdl_nrt_global_7d WHERE (acq_date> (CURRENT_DATE - interval '7 day'))", "urlTemplate": "https://{{account}}.carto.com/api/v1/map/static/bbox/{{token_groupid}}/{{bbox}}/{{width}}/{{height}}.{{format}}"}}, "legendConfig": {"type": "choropleth", "items": [{"name": "7 days ago", "color": "#EA0000"}, {"name": "6 days ago", "color": "#FF2600"}, {"name": "5 days ago", "color": "#FF6600"}, {"name": "4 days ago", "color": "#FF8C00"}, {"name": "3 days ago", "color": "#FFB200"}, {"name": "2 days ago", "color": "#FFD900"}, {"name": "1 day ago", "color": "#FFFF00"}]}, "interactionConfig": {"output": [{"column": "frp", "format": null, "prefix": "", "property": "Fire Radiative Power", "suffix": " K", "type": "number"}, {"column": "date_str", "format": null, "prefix": "", "property": "Date", "suffix": ""}, {"column": "time_str", "format": null, "prefix": "", "property": "Time", "suffix": " UTC"}]}, "applicationConfig": {}, "staticImageConfig": {}, "updatedAt": "2019-04-02T15:54:24.622Z"}}, {"id": "babae01b-61aa-443f-a1ca-45237583b0f8", "type": "layer", "attributes": {"name": "VIIRS active fires", "slug": "VIIRS-active-fires", "dataset": "20cc5eca-8c63-4c41-8e8e-134dcf1e6d76", "description": "Displays fire alert data for the past 24 hours, 48 hours, 72 hours, or 7 days", "application": ["gfw"], "iso": [], "provider": "cartodb", "userId": "57a0aa1071e394dd32ffe137", "default": true, "protected": false, "published": true, "env": "production", "layerConfig": {"body": {"layers": [{"options": {"cartocss_version": "2.3.0", "cartocss": "#vnp14imgt_nrt_global_7d { marker-fill: #FFCC00; marker-width: 1.5; marker-line-color: #FFF; marker-line-width: 1; marker-line-opacity: 1; marker-opacity: 0.9; marker-comp-op: multiply; marker-type: ellipse; marker-placement: point; marker-allow-overlap: true; marker-clip: false; marker-multi-policy: largest; } #vnp14imgt_nrt_global_7d[zoom>6]{ marker-width: 3; } #vnp14imgt_nrt_global_7d[zoom>8]{ marker-width: 6; } #vnp14imgt_nrt_global_7d[zoom>11]{ marker-width: 13; } #vnp14imgt_nrt_global_7d[zoom>12]{ marker-width: 25; } #vnp14imgt_nrt_global_7d[zoom>13]{ marker-width: 50; } #vnp14imgt_nrt_global_7d[zoom>14]{ marker-width: 100; } #vnp14imgt_nrt_global_7d[zoom>15]{ marker-width: 200; } #vnp14imgt_nrt_global_7d[zoom>16]{ marker-width: 400; } #vnp14imgt_nrt_global_7d[zoom>17]{ marker-width: 800; }", "sql": "SELECT cartodb_id, the_geom_webmercator, (SUBSTR(acq_time, 1, 2) || ':' || SUBSTR(acq_time, 3, 4)) as acq_time,  COALESCE(to_char(acq_date, 'DD Mon, YYYY')) as acq_date, confidence, bright_ti4 brightness, longitude, latitude FROM vnp14imgtdl_nrt_global_7d where (acq_date> (CURRENT_DATE - interval '{{number_of_days}} day')) AND confidence != 'low'"}, "type": "cartodb"}], "minzoom": 3, "maxzoom": 18}, "sql_config": [], "params_config": [{"key": "number_of_days", "required": true}], "account": "wri-01"}, "legendConfig": {}, "interactionConfig": {"output": [{"column": "acq_time", "format": null, "property": "Acquisition time", "type": "string"}, {"column": "acq_date", "format": null, "property": "Acquisition date", "type": "string"}, {"column": "confidence", "format": null, "property": "confidence", "type": "string"}, {"column": "brightness", "format": null, "property": "Brightness", "type": "number"}, {"column": "longitude", "format": null, "property": "Longitude", "type": "number"}, {"column": "latitude", "format": null, "property": "Latitude", "type": "number"}], "type": "intersection"}, "applicationConfig": {"default": true, "active": true, "global": true, "metadata": "viirs_fires"}, "staticImageConfig": {}, "updatedAt": "2018-08-09T11:19:08.832Z"}}, {"id": "c368d2f6-3667-4fc3-9d6d-728cffbee1e3", "type": "layer", "attributes": {"name": "Large Fires (Past Week)", "slug": "Large-Fires-Past-Week_1", "dataset": "20cc5eca-8c63-4c41-8e8e-134dcf1e6d76", "description": "This layer shows fires detected in the past week with a fire radiative power (FRP) of at least 100MW.", "application": ["prep"], "iso": [], "provider": "cartodb", "userId": "594a8b5b3b0f7f271d303321", "default": true, "protected": false, "published": true, "env": "production", "layerConfig": {"account": "wri-01", "body": {"maxzoom": 18, "minzoom": 3, "layers": [{"type": "cartodb", "options": {"sql": "SELECT cartodb_id, the_geom, acq_date, acq_time, frp, latitude, longitude, the_geom_webmercator, CASE WHEN acq_date>= (CURRENT_DATE - interval '7 day') AND acq_date< (CURRENT_DATE - interval '6 day') THEN 7 WHEN acq_date>= (CURRENT_DATE - interval '6 day') AND acq_date< (CURRENT_DATE - interval '5 day') THEN 6 WHEN acq_date>= (CURRENT_DATE - interval '5 day') AND acq_date< (CURRENT_DATE - interval '4 day') THEN 5 WHEN acq_date>= (CURRENT_DATE - interval '4 day') AND acq_date< (CURRENT_DATE - interval '3 day') THEN 4 WHEN acq_date>= (CURRENT_DATE - interval '3 day') AND acq_date< (CURRENT_DATE - interval '2 day') THEN 3 WHEN acq_date>= (CURRENT_DATE - interval '2 day') AND acq_date< (CURRENT_DATE - interval '1 day') THEN 2 WHEN acq_date>= (CURRENT_DATE - interval '1 day') THEN 1 ELSE -1 END AS days_ago FROM vnp14imgtdl_nrt_global_7d where (acq_date> (CURRENT_DATE - interval '7 day')) and frp>=100 ORDER BY acq_date asc, frp asc", "cartocss": "#layer { ::halo { marker-width: 20; marker-fill: #FFCC00; marker-fill-opacity: 1; marker-line-color: #f0fcaa; marker-line-width: 0; marker-line-opacity: 1; marker-placement: point; marker-type: ellipse; marker-allow-overlap: true; opacity: 0.3;} marker-width: 5; marker-fill-opacity: 1; marker-line-color: #FFF; marker-line-width: 0; marker-line-opacity: 1; marker-placement: point; marker-type: ellipse; marker-allow-overlap: true; }[days_ago=7]{marker-fill: #EA0000;}[days_ago=6]{marker-fill: #FF2600;}[days_ago=5]{marker-fill: #FF6600;}[days_ago=4]{marker-fill: #FF8C00;}[days_ago=3]{marker-fill: #FFB200;}[days_ago=2]{marker-fill: #FFD900;}[days_ago=1]{marker-fill: #FFFF00;}", "cartocss_version": "2.3.0"}}]}, "pulseConfig": {"type": "imageOverlay", "values": {"format": "png", "bbox": [-110, -65, 110, 65], "width": 2048, "height": 1024}}}, "legendConfig": {"items": [{"color": "#EA0000", "name": "7 days ago"}, {"color": "#FF2600", "name": "6 days ago"}, {"color": "#FF6600", "name": "5 days ago"}, {"color": "#FF8C00", "name": "4 days ago"}, {"color": "#FFB200", "name": "3 days ago"}, {"color": "#FFD900", "name": "2 days ago"}, {"color": "#FFFF00", "name": "1 day ago"}], "type": "choropleth"}, "interactionConfig": {"output": [{"format": "YYYY/MM/DD", "type": "date", "property": "Date", "column": "acq_date"}, {"format": "0a", "type": "number", "property": "Fire Radiative Power", "column": "frp"}]}, "applicationConfig": {}, "staticImageConfig": {}, "updatedAt": "2018-10-03T02:33:01.000Z"}}, {"id": "7db137e3-ea6c-406c-b1f9-5ba2d9412b16", "type": "layer", "attributes": {"name": "All Fires (Past Week)", "slug": "All-Fires-Past-Week_1", "dataset": "20cc5eca-8c63-4c41-8e8e-134dcf1e6d76", "description": "This layer shows fires detected in the past week.", "application": ["prep"], "iso": [], "provider": "cartodb", "userId": "594a8b5b3b0f7f271d303321", "default": false, "protected": false, "published": true, "env": "production", "layerConfig": {"account": "wri-01", "body": {"maxzoom": 18, "minzoom": 3, "layers": [{"type": "cartodb", "options": {"sql": "SELECT cartodb_id, the_geom, acq_date, acq_time, frp, latitude, longitude, the_geom_webmercator, CASE WHEN acq_date>= (CURRENT_DATE - interval '7 day') AND acq_date< (CURRENT_DATE - interval '6 day') THEN 7 WHEN acq_date>= (CURRENT_DATE - interval '6 day') AND acq_date< (CURRENT_DATE - interval '5 day') THEN 6 WHEN acq_date>= (CURRENT_DATE - interval '5 day') AND acq_date< (CURRENT_DATE - interval '4 day') THEN 5 WHEN acq_date>= (CURRENT_DATE - interval '4 day') AND acq_date< (CURRENT_DATE - interval '3 day') THEN 4 WHEN acq_date>= (CURRENT_DATE - interval '3 day') AND acq_date< (CURRENT_DATE - interval '2 day') THEN 3 WHEN acq_date>= (CURRENT_DATE - interval '2 day') AND acq_date< (CURRENT_DATE - interval '1 day') THEN 2 WHEN acq_date>= (CURRENT_DATE - interval '1 day') THEN 1 ELSE -1 END AS days_ago FROM vnp14imgtdl_nrt_global_7d where (acq_date> (CURRENT_DATE - interval '7 day')) ORDER BY acq_date asc, frp asc", "cartocss": "#layer { marker-width: 4; marker-fill-opacity: 1; marker-line-color: #FFF; marker-line-width: 0; marker-line-opacity: 1; marker-placement: point; marker-type: ellipse; marker-allow-overlap: true; }[days_ago=7]{marker-fill: #EA0000;}[days_ago=6]{marker-fill: #FF2600;}[days_ago=5]{marker-fill: #FF6600;}[days_ago=4]{marker-fill: #FF8C00;}[days_ago=3]{marker-fill: #FFB200;}[days_ago=2]{marker-fill: #FFD900;}[days_ago=1]{marker-fill: #FFFF00;}", "cartocss_version": "2.3.0"}}]}, "pulseConfig": {"type": "imageOverlay", "values": {"format": "png", "bbox": [-110, -65, 110, 65], "width": 2048, "height": 1024}, "sql": "SELECT ST_Transform(the_geom_webmercator, 32663) as the_geom_webmercator, bright_ti4, scan, track, acq_date, acq_time, satellite, confidence, version, bright_ti5, frp, daynight FROM vnp14imgtdl_nrt_global_7d WHERE (acq_date> (CURRENT_DATE - interval '7 day'))", "urlTemplate": "https://{{account}}.carto.com/api/v1/map/static/bbox/{{token_groupid}}/{{bbox}}/{{width}}/{{height}}.{{format}}"}}, "legendConfig": {"items": [{"color": "#EA0000", "name": "7 days ago"}, {"color": "#FF2600", "name": "6 days ago"}, {"color": "#FF6600", "name": "5 days ago"}, {"color": "#FF8C00", "name": "4 days ago"}, {"color": "#FFB200", "name": "3 days ago"}, {"color": "#FFD900", "name": "2 days ago"}, {"color": "#FFFF00", "name": "1 day ago"}], "type": "choropleth"}, "interactionConfig": {"output": [{"format": "YYYY/MM/DD", "type": "date", "property": "Date", "column": "acq_date"}, {"format": "0a", "type": "number", "property": "Fire Radiative Power", "column": "frp"}]}, "applicationConfig": {}, "staticImageConfig": {}, "updatedAt": "2018-10-03T02:32:28.739Z"}}], "metadata": [{"id": "57a3171f5cd6980a00e054da", "type": "metadata", "attributes": {"dataset": "20cc5eca-8c63-4c41-8e8e-134dcf1e6d76", "application": "prep", "resource": {"id": "20cc5eca-8c63-4c41-8e8e-134dcf1e6d76", "type": "dataset"}, "language": "en", "name": "Fires (VIIRS)", "description": "The Visible Infrared Imaging Radiometer Suite (VIIRS) active fires data (VNP14IMGTDL_NRT) constitute the latest fire monitoring product to be added to FIRMS (Fire Information for Resource Management System), which identifies global fire locations in near-real time. Information is collected from the VIIRS sensor and processed with a fire detection algorithm to flag active fires. Each dot on the map represents the center of a 375 m pixel that has been flagged by the algorithm. The VIIRS data provides a higher resolution data set than the active fires data from MODIS.  The VIIRS data have higher spatial resolution (375 m pixels vs. 1 km pixels), which improves detection of smaller fires and provides a more reliable estimate of fire perimeters. The VIIRS data are also better calibrated to detect fires at night. The active fires data are available to view and download for the past 24 hours, 48 hours, or 7 days. Older fire data will be available for download from the NASA FIRMS website beginning in mid-2016. Each fire alert has a confidence value of low, nominal, or high to help users gauge the quality of individual hotspot / fire pixels. \n\nPREPdata shows only a subset of this data set. For access to the full data set and additional information, see the Download from Original Source link.", "source": "NASA", "citation": "NASA FIRMS. \u201cVIIRS Active Fires.\u201d https://earthdata.nasa.gov/earth-observation-data/near-real-time/firms/active-fire-data. Accessed through PREPdata, [date]. www.prepdata.org.", "license": "U.S. Government Work", "info": {"data_type": "Vector", "date_of_content": "2012-Present", "endpoint": "https://firms.modaps.eosdis.nasa.gov/wms", "function": "Global VIIRS-derived active fire locations", "geographic_coverage": "Global", "language": "English", "learn_more_link": "https://earthdata.nasa.gov/earth-observation-data/near-real-time/firms/active-fire-data", "license": "We acknowledge the use of data and imagery from LANCE FIRMS operated by the NASA/GSFC/Earth Science Data and Information System (ESDIS) with funding provided by NASA/HQ.", "license_link": "https://earthdata.nasa.gov/earth-observation-data/near-real-time/citation", "loca": {"indicator_id": ""}, "nexgddp": {"indicator_id": ""}, "organization-long": "National Aeronautics and Space Administration (NASA)", "published_date": "2018", "spatial_resolution": "375 m", "technical_title": "Visible Infrared Imaging Radiometer Suite (VIIRS) I-Band 375 m Active Fire Data", "wri_rw_id": "prep_0142"}, "columns": {"the_geom_webmercator": {"alias": ""}, "latitude": {"alias": "Latitude"}, "longitude": {"alias": "Longitude"}, "bright_ti4": {"alias": "Brightness Temperature (TI4)", "description": "Fire pixel brightness temperature in Kelvin on channel I4"}, "scan": {"description": "Fire pixel brightness temperature in Kelvin on channel I4", "alias": "Scans"}, "acq_date": {"alias": "Acquisition Date", "description": "Year and day of initial acquisition"}, "acq_time": {"alias": "Acquisition Time", "description": "Hour and minute of initial acquisition"}, "satellite": {"alias": "Satellite Descriptor"}, "confidence": {"alias": "Confidence", "description": "Low, nominal, high"}, "version": {"alias": "Version"}, "bright_ti5": {"alias": "Brightness Temperature (TI5)", "description": "Fire pixel brightness temperature in Kelvin on channel I5"}, "frp": {"alias": "Fire Radiative Power (MW)", "description": "Radiant heat output in megawatts"}, "daynight": {"alias": "Day or Night"}}, "createdAt": "2016-12-13T10:02:28.337Z", "updatedAt": "2019-04-05T19:41:41.346Z", "status": "published"}}, {"id": "59a426707b6c000012baa6f7", "type": "metadata", "attributes": {"dataset": "20cc5eca-8c63-4c41-8e8e-134dcf1e6d76", "application": "rw", "resource": {"id": "20cc5eca-8c63-4c41-8e8e-134dcf1e6d76", "type": "dataset"}, "language": "en", "name": "Fires", "description": "The Visible Infrared Imaging Radiometer Suite (VIIRS) active fires data (VNP14IMGT) constitute the latest fire monitoring product to be added to FIRMS (Fire Information for Resource Management System), which identifies global fire locations in near-real time. Information is collected from the VIIRS sensor and processed with a fire detection algorithm to flag active fires. Each dot on the map represents the center of a 375 m pixel that has been flagged by the algorithm. The VIIRS data provides a higher resolution data set than the active fires data from MODIS.  The VIIRS data have higher spatial resolution (375 m pixels vs. 1 km pixels), which improves detection of smaller fires and provides a more reliable estimate of fire perimeters. The VIIRS data are also better calibrated to detect fires at night. The active fires data are available to view and download for the past 24 hours, 48 hours, or 7 days. Older fire data will be available for download from the NASA FIRMS website beginning in mid-2016. Each fire alert has a confidence value of low, nominal, or high to help users gauge the quality of individual hotspot /fire pixels. Resource Watch shows only a subset of the data set. For access to the full data set and additional information, see the Learn More link.", "source": "NASA", "info": {"rwId": "for.006.nrt", "data_type": "Vector", "name": "Fires", "sources": [{"source-name": "National Aeronautics and Space Administration (NASA)", "id": 0, "source-description": ""}], "technical_title": "Visible Infrared Imaging Radiometer Suite (VIIRS) I-Band 375 m Active Fire Data", "functions": "Global VIIRS-derived active fire locations", "cautions": "Not all fires are detected. There are several reasons why VIIRS may not have detected a certain fire. The fire may have started and ended between satellite overpasses. The fire may have been too small or too cool to be detected in the 375 m pixel. Cloud cover, heavy smoke, or tree canopy may completely obscure a fire. It is not recommended to use active fire locations to estimate burned area due to spatial and temporal sampling issues. When zoomed out, this data layer displays some degree of inaccuracy because the data points must be collapsed to be visible on a larger scale. Zoom in for greater detail.", "citation": "NASA FIRMS. \u201cVIIRS Active Fires.\u201d https://earthdata.nasa.gov/earth-observation-data/near-real-time/firms/active-fire-data. Accessed through Resource Watch, (date). [www.resourcewatch.org](www.resourcewatch.org).", "license": "We acknowledge the use of data and imagery from LANCE FIRMS operated by the NASA/GSFC/Earth Science Data and Information System (ESDIS) with funding provided by NASA/HQ.", "license_link": "https://earthdata.nasa.gov/earth-observation-data/near-real-time/citation", "geographic_coverage": "Global", "spatial_resolution": "375 m", "date_of_content": "2012-Present", "frequency_of_updates": "Twice daily", "learn_more_link": "https://earthdata.nasa.gov/earth-observation-data/near-real-time/firms/viirs-i-band-active-fire-data", "data_download_link": null, "data_download_original_link": "https://earthdata.nasa.gov/earth-observation-data/near-real-time/firms/active-fire-data"}, "columns": {"latitude": {"alias": "Latitude"}, "longitude": {"alias": "Longitude"}, "bright_ti4": {"alias": "Brightness Temperature (TI4)", "description": "Fire pixel brightness temperature in Kelvin on channel I4"}, "bright_ti5": {"alias": "Brightness Temperature (TI5)", "description": "Fire pixel brightness temperature in Kelvin on channel I5"}, "version": {"alias": "Version"}, "confidence": {"alias": "Confidence", "description": "Low, nominal, high"}, "satellite": {"alias": "Satellite Descriptor"}, "acq_time": {"alias": "Acquisition Time", "description": "Hour and minute of initial acquisition"}, "acq_date": {"alias": "Acquisition Date", "description": "Year and day of initial acquisition"}, "daynight": {"alias": "Day or Night"}, "frp": {"alias": "Fire Radiative Power (MW)", "description": "Radiant heat output in megawatts"}, "scan": {"alias": "Scans", "description": "Number of scans in a 6 minute orbit segment"}}, "createdAt": "2017-08-28T14:19:28.700Z", "updatedAt": "2019-04-09T19:54:47.188Z", "status": "published"}}], "vocabulary": [{"id": "20cc5eca-8c63-4c41-8e8e-134dcf1e6d76", "type": "vocabulary", "attributes": {"resource": {"id": "20cc5eca-8c63-4c41-8e8e-134dcf1e6d76", "type": "dataset"}, "tags": ["fire"], "name": "knowledge_graph", "application": "prep"}}, {"id": "20cc5eca-8c63-4c41-8e8e-134dcf1e6d76", "type": "vocabulary", "attributes": {"resource": {"id": "20cc5eca-8c63-4c41-8e8e-134dcf1e6d76", "type": "dataset"}, "tags": ["near_real_time"], "name": "knowledge_graph", "application": "rw"}}]}}