{"id": "2d6ed2f7-4dc1-42ad-94b9-a65a5594037a", "type": "dataset", "attributes": {"name": "Sarawak Licenses for Planted Forests (LPFs)", "slug": "Sarawak-Licenses-for-Planted-Forests-LPFs", "type": null, "subtitle": null, "application": ["gfw"], "dataPath": null, "attributesPath": null, "connectorType": "rest", "provider": "cartodb", "userId": "59db4eace9c1380001d6e4c3", "connectorUrl": "https://wri-01.carto.com/tables/mys_wood_fiber", "tableName": "mys_wood_fiber", "status": "saved", "published": true, "overwrite": false, "verified": false, "blockchain": {}, "mainDateField": null, "env": "production", "geoInfo": false, "protected": true, "legend": {"date": [], "region": [], "country": [], "nested": []}, "clonedHost": {}, "errorMessage": "", "taskId": null, "updatedAt": "2018-11-21T14:02:51.672Z", "dataLastUpdated": null, "widget": [], "widgetRelevantProps": [], "layerRelevantProps": [], "layer": [{"id": "c02c5eb7-c122-413c-84e8-df93143b6d40", "type": "layer", "attributes": {"name": "Sarawak licenses for planted forests (LPFS) - 2011", "slug": "Sarawak-Licenses-for-Planted-Forests-LPFs", "dataset": "2d6ed2f7-4dc1-42ad-94b9-a65a5594037a", "description": "Shows the distribution of Licenses for Planted Forests (generally for timber trees) in Sarawak.", "application": ["gfw"], "iso": ["MYS"], "provider": "cartodb", "userId": "59db4eace9c1380001d6e4c3", "default": false, "protected": true, "published": true, "env": "production", "layerConfig": {"body": {"layers": [{"options": {"cartocss_version": "2.3.0", "cartocss": "#mys_wood_fiber{ polygon-fill: #e6adb9; line-color: #e6adb9; line-clip: false; polygon-clip: false; }", "sql": "SELECT cartodb_id, the_geom_webmercator, name_of_gr as company, source_of as source, to_char(permit_dat,'DD/MM/YYYY') as permit_date, round(area_offic::float) as area_ha, name FROM mys_wood_fiber"}, "type": "cartodb"}], "minzoom": 2, "maxzoom": 19, "vectorLayers": [{"type": "fill", "source-layer": "layer0", "paint": {"fill-opacity": "transparent", "fill-color": "#e6adb9"}}, {"type": "line", "source-layer": "layer0", "paint": {"line-opacity": "transparent", "line-color": "#e6adb9", "line-width": 1}}]}, "account": "wri-01"}, "legendConfig": {"type": "basic", "items": [{"color": "#e6adb9", "name": "Sarawak licenses for planted forests (lpfs)"}]}, "interactionConfig": {"type": "intersection", "output": [{"column": "name", "property": "Name", "type": "string", "format": null}, {"column": "company", "property": "Company", "type": "string", "format": null}, {"column": "source", "property": "Source", "type": "string", "format": null}, {"suffix": "ha", "column": "area_ha", "property": "Area Source", "type": "number", "format": "0a"}, {"column": "cartodb_id", "format": null, "property": "cartodb_id", "type": "number", "hidden": true}, {"column": "the_geom_webmercator", "format": "json", "property": "the_geom", "type": "json", "hidden": true}]}, "applicationConfig": {"default": true, "active": true, "global": false, "metadata": "mys_wood_fiber", "analysisEndpoint": "use"}, "staticImageConfig": {}, "updatedAt": "2019-03-08T13:19:47.730Z"}}], "metadata": [{"id": "5b64554ab6baae001154d1ac", "type": "metadata", "attributes": {"dataset": "2d6ed2f7-4dc1-42ad-94b9-a65a5594037a", "application": "gfw", "resource": {"id": "2d6ed2f7-4dc1-42ad-94b9-a65a5594037a", "type": "dataset"}, "language": "en", "info": {"citation": "", "color": "#12724C", "description": "Shows the distribution of Licenses for Planted Forests (generally for timber trees) in Sarawak.", "name": "Sarawak licenses for planted forests (LPFS)"}, "createdAt": "2018-08-03T13:14:50.240Z", "updatedAt": "2018-11-06T17:14:10.163Z", "status": "published"}}], "vocabulary": [{"id": "2d6ed2f7-4dc1-42ad-94b9-a65a5594037a", "type": "vocabulary", "attributes": {"resource": {"id": "2d6ed2f7-4dc1-42ad-94b9-a65a5594037a", "type": "dataset"}, "tags": ["landUse", "concessions"], "name": "categoryTab", "application": "gfw"}}]}}