{"id": "3668bb78-d77e-4215-bc2a-07433e204823", "type": "dataset", "attributes": {"name": "Recent Satellite Imagery", "slug": "Recent-Satellite-Imagery", "type": "raster", "subtitle": null, "application": ["gfw"], "dataPath": null, "attributesPath": null, "connectorType": "wms", "provider": "wms", "userId": "59db4eace9c1380001d6e4c3", "connectorUrl": "https://earthengine.googleapis.com/map/", "tableName": null, "status": "saved", "published": true, "overwrite": false, "verified": false, "blockchain": {}, "mainDateField": null, "env": "production", "geoInfo": false, "protected": true, "legend": {"date": [], "region": [], "country": [], "nested": []}, "clonedHost": {}, "errorMessage": null, "taskId": null, "updatedAt": "2018-11-21T14:04:27.471Z", "dataLastUpdated": null, "metadata": [], "widget": [], "vocabulary": [], "widgetRelevantProps": [], "layerRelevantProps": [], "layer": [{"id": "babd9968-4b55-4bc5-b771-d471ef8fbd8c", "type": "layer", "attributes": {"name": "Recent satellite imagery", "slug": "Recent-Satellite-Imagery", "dataset": "3668bb78-d77e-4215-bc2a-07433e204823", "description": "Shows recent imagery from LANDSAT and COPERNICUS instruments.", "application": ["gfw"], "iso": [], "provider": "leaflet", "userId": "59db4eace9c1380001d6e4c3", "default": false, "protected": true, "published": true, "env": "production", "layerConfig": {"body": {"format": "image/png", "maxzoom": 19, "minzoom": 2, "options": {"useCors": true}, "url": "{url}"}, "params_config": [{"default": 9, "key": "dataMaxZoom", "required": true}, {"key": "url", "required": true}], "service": "leaflet", "type": "tileLayer"}, "legendConfig": {}, "interactionConfig": {}, "applicationConfig": {"active": true, "default": true, "global": true, "isRecentImagery": true, "metadata": "recent_satellite_imagery"}, "staticImageConfig": {}, "updatedAt": "2019-03-07T10:25:05.087Z"}}]}}