{"id": "391ca96d-303f-4aef-be4b-9cdb4856832c", "type": "dataset", "attributes": {"name": "GLAD alerts summary stats grouped by year, week and iso", "slug": "GLAD-alerts-summary-stats-grouped-by-year-week-and-iso", "type": null, "subtitle": null, "application": ["gfw"], "dataPath": null, "attributesPath": null, "connectorType": "document", "provider": "csv", "userId": "57a9d92029309063404573a1", "connectorUrl": "http://gfw2-data.s3.amazonaws.com/country-pages/umd_landsat_alerts_iso_prod.csv", "tableName": "index_391ca96d303f4aefbe4b9cdb4856832c_1561097126677", "status": "saved", "published": true, "overwrite": true, "verified": false, "blockchain": {}, "mainDateField": null, "env": "production", "geoInfo": false, "protected": true, "legend": {"date": [], "region": [], "country": [], "nested": []}, "clonedHost": {}, "errorMessage": "", "taskId": "/v1/doc-importer/task/3fcba6fc-0451-4e4c-b683-3d6bb0ff1567", "updatedAt": "2019-06-21T06:11:29.202Z", "dataLastUpdated": null, "metadata": [], "widget": [], "layer": [], "widgetRelevantProps": [], "layerRelevantProps": [], "vocabulary": [{"id": "391ca96d-303f-4aef-be4b-9cdb4856832c", "type": "vocabulary", "attributes": {"resource": {"id": "391ca96d-303f-4aef-be4b-9cdb4856832c", "type": "dataset"}, "tags": ["forestChange", "deforestationAlerts"], "name": "categoryTab", "application": "gfw"}}]}}