{"id": "3bc67d97-cd01-4242-b72b-315e7f320543", "type": "dataset", "attributes": {"name": "BirdLife Endemic Bird Areas", "slug": "bio006-BirdLife-Endemic-Bird-Areas_1", "type": "tabular", "subtitle": null, "application": ["gfw"], "dataPath": null, "attributesPath": null, "connectorType": "rest", "provider": "cartodb", "userId": "59db4eace9c1380001d6e4c3", "connectorUrl": "https://wri-01.carto.com/tables/endemic_bird_areas/table", "tableName": "endemic_bird_areas", "status": "saved", "published": true, "overwrite": false, "verified": false, "blockchain": {}, "mainDateField": null, "env": "production", "geoInfo": false, "protected": true, "legend": {"date": [], "region": [], "country": [], "nested": []}, "clonedHost": {}, "errorMessage": "", "taskId": null, "updatedAt": "2018-11-21T14:04:19.506Z", "dataLastUpdated": null, "widget": [], "widgetRelevantProps": [], "layerRelevantProps": [], "layer": [{"id": "ab579981-e77c-4cd3-b2d4-5b8a279aa173", "type": "layer", "attributes": {"name": "BirdLife Endemic Bird Areas - 2014", "slug": "2014-Endemic-Bird-Areas_1", "dataset": "3bc67d97-cd01-4242-b72b-315e7f320543", "description": "Displays areas where the geographic range of 2 or more endemic bird species overlaps in 2014.", "application": ["gfw"], "iso": [""], "provider": "cartodb", "userId": "59db4eace9c1380001d6e4c3", "default": false, "protected": true, "published": true, "env": "production", "layerConfig": {"account": "wri-01", "body": {"maxzoom": 19, "minzoom": 2, "layers": [{"type": "cartodb", "options": {"sql": "SELECT * FROM endemic_bird_areas", "cartocss": "#endemic_bird_areas{  polygon-fill: #075e03;  polygon-opacity: 0.7;  line-color: #006d2c;  line-width:0.5 ;  line-opacity: 1;}", "cartocss_version": "2.3.0"}}], "vectorLayers": [{"type": "fill", "source-layer": "layer0", "paint": {"fill-opacity": 0.7, "fill-color": "#075e03"}}, {"type": "line", "source-layer": "layer0", "paint": {"line-opacity": 1, "line-color": "#006d2c", "line-width": 0.5}}]}}, "legendConfig": {"type": "basic", "items": [{"name": "Endemic bird areas", "color": "#075e03"}]}, "interactionConfig": {"output": [{"type": "string", "suffix": "", "property": "Name", "prefix": "", "format": null, "column": "ebaname"}, {"type": "number", "suffix": " ha", "property": "Area", "prefix": "", "format": "0,0", "column": "ebaarea"}, {"type": "number", "suffix": "m", "property": "Min Elevation", "format": null, "column": "ebaaltmin"}, {"type": "number", "suffix": "m", "property": "Max Elevation", "format": null, "column": "ebaaltmax"}, {"column": "cartodb_id", "format": null, "property": "cartodb_id", "type": "number", "hidden": true}, {"column": "the_geom_webmercator", "format": "json", "property": "the_geom", "type": "json", "hidden": true}]}, "applicationConfig": {"metadata": "endemic_bird_areas", "global": true, "active": true, "default": true, "analysisEndpoint": "use"}, "staticImageConfig": {}, "updatedAt": "2019-03-08T13:20:01.449Z"}}], "metadata": [{"id": "5b6d6ff5f01fa700114ff191", "type": "metadata", "attributes": {"dataset": "3bc67d97-cd01-4242-b72b-315e7f320543", "application": "gfw", "resource": {"id": "3bc67d97-cd01-4242-b72b-315e7f320543", "type": "dataset"}, "language": "en", "info": {"citation": "BirdLife International", "color": "#A878F3", "description": "Displays areas where the geographic range of two or more endemic bird species overlaps.", "name": "Endemic Bird Areas"}, "createdAt": "2018-08-10T10:59:01.654Z", "updatedAt": "2019-03-27T09:44:04.931Z", "status": "published"}}], "vocabulary": [{"id": "3bc67d97-cd01-4242-b72b-315e7f320543", "type": "vocabulary", "attributes": {"resource": {"id": "3bc67d97-cd01-4242-b72b-315e7f320543", "type": "dataset"}, "tags": ["biodiversity", "biodiversity"], "name": "categoryTab", "application": "gfw"}}]}}