{"id": "3dd68cff-a4b8-4d45-8799-a5d433e75e60", "type": "dataset", "attributes": {"name": "NDC stats for countries", "slug": "NDC-stats-for-countries-1490086842461", "type": null, "subtitle": null, "application": ["gfw"], "dataPath": "data", "attributesPath": null, "connectorType": "document", "provider": "json", "userId": "586bc76036aacd381cb92b3a", "connectorUrl": null, "tableName": "index_3dd68cffa4b84d458799a5d433e75e60", "status": "saved", "published": true, "overwrite": false, "verified": false, "blockchain": {}, "mainDateField": null, "env": "production", "geoInfo": false, "protected": true, "legend": {"date": [], "region": [], "country": [], "nested": []}, "clonedHost": {}, "errorMessage": null, "taskId": null, "updatedAt": "2018-11-21T13:54:56.813Z", "dataLastUpdated": null, "metadata": [], "widget": [], "layer": [], "vocabulary": [], "widgetRelevantProps": [], "layerRelevantProps": []}}