{"id": "41a26503-d708-4b95-bbde-c613fba04f44", "type": "dataset", "attributes": {"name": "Sarawak Protected Areas", "slug": "Sarawak-Protected-Areas", "type": null, "subtitle": null, "application": ["gfw"], "dataPath": null, "attributesPath": null, "connectorType": "rest", "provider": "cartodb", "userId": "59db4eace9c1380001d6e4c3", "connectorUrl": "https://wri-01.carto.com/tables/mys_protected_areas", "tableName": "mys_protected_areas", "status": "saved", "published": true, "overwrite": false, "verified": false, "blockchain": {}, "mainDateField": null, "env": "production", "geoInfo": false, "protected": true, "legend": {"date": [], "region": [], "country": [], "nested": []}, "clonedHost": {}, "errorMessage": "", "taskId": null, "updatedAt": "2018-11-21T14:02:53.093Z", "dataLastUpdated": null, "widget": [], "widgetRelevantProps": [], "layerRelevantProps": [], "layer": [{"id": "2ac2cd50-6b9d-4b7a-b960-325671fc610f", "type": "layer", "attributes": {"name": "Sarawak protected areas - 2010-2014", "slug": "Sarawak-Protected-Areas", "dataset": "41a26503-d708-4b95-bbde-c613fba04f44", "description": "Shows the boundaries of current and proposed Totally Protected Areas (National Parks, Wildlife Sanctuaries and Nature Reserves).", "application": ["gfw"], "iso": ["MYS"], "provider": "cartodb", "userId": "59db4eace9c1380001d6e4c3", "default": false, "protected": true, "published": true, "env": "production", "layerConfig": {"account": "wri-01", "body": {"layers": [{"options": {"cartocss": "#mys_protected_areas { polygon-opacity: 0.7; line-color: #FFF; line-width: 0.5; line-opacity: 1; } #mys_protected_areas[status=\"Gazetted\"] { polygon-fill: #1F78B4; } #mys_protected_areas[status=\"Proposed\"] { polygon-fill: #A6CEE3; }", "cartocss_version": "2.3.0", "sql": "SELECT cartodb_id, the_geom_webmercator, category, status, gaz_eff_da as date_create, round(area_ha::float) as area_ha, name FROM mys_protected_areas"}, "type": "cartodb"}], "maxzoom": 19, "minzoom": 2, "vectorLayers": [{"paint": {"fill-color": "#FFF", "fill-opacity": 0.7}, "source-layer": "layer0", "type": "fill"}, {"paint": {"line-color": "#FFF", "line-opacity": 1, "line-width": 0.5}, "source-layer": "layer0", "type": "line"}, {"filter": ["all", ["==", "status", "Gazetted"]], "paint": {"fill-color": "#1F78B4"}, "source-layer": "layer0", "type": "fill"}, {"filter": ["all", ["==", "status", "Proposed"]], "paint": {"fill-color": "#A6CEE3"}, "source-layer": "layer0", "type": "fill"}]}}, "legendConfig": {"type": "basic", "items": [{"color": "#1F78B4", "name": "Gazetted"}, {"color": "#A6CEE3", "name": "Proposed"}]}, "interactionConfig": {"type": "intersection", "output": [{"column": "name", "property": "Name", "type": "string", "format": null}, {"column": "status", "property": "Status", "type": "string", "format": null}, {"column": "category", "property": "Category", "type": "string", "format": null}, {"column": "date_create", "property": "Date", "type": "date", "format": null}, {"suffix": "Ha", "column": "area_ha", "property": "Status", "type": "number", "format": "0a"}, {"column": "cartodb_id", "format": null, "property": "cartodb_id", "type": "number", "hidden": true}, {"column": "the_geom_webmercator", "format": "json", "property": "the_geom", "type": "json", "hidden": true}]}, "applicationConfig": {"default": true, "active": true, "global": false, "metadata": "mys_protected_areas", "analysisEndpoint": "use"}, "staticImageConfig": {}, "updatedAt": "2019-03-08T16:39:40.728Z"}}], "metadata": [{"id": "5b64554a6ec14b00117e29a0", "type": "metadata", "attributes": {"dataset": "41a26503-d708-4b95-bbde-c613fba04f44", "application": "gfw", "resource": {"id": "41a26503-d708-4b95-bbde-c613fba04f44", "type": "dataset"}, "language": "en", "info": {"name": "Sarawak protected areas", "color": "#A878F3", "description": "Shows the boundaries of current and proposed Totally Protected Areas (National Parks, Wildlife Sanctuaries and Nature Reserves).", "citation": ""}, "createdAt": "2018-08-03T13:14:50.654Z", "updatedAt": "2018-11-06T15:58:01.037Z", "status": "published"}}], "vocabulary": [{"id": "41a26503-d708-4b95-bbde-c613fba04f44", "type": "vocabulary", "attributes": {"resource": {"id": "41a26503-d708-4b95-bbde-c613fba04f44", "type": "dataset"}, "tags": ["landUse", "conservation"], "name": "categoryTab", "application": "gfw"}}]}}