{"id": "4316b45c-e744-4f4c-9823-142eb7638c8d", "type": "dataset", "attributes": {"name": "Indonesia land cover", "slug": "Indonesia-land-cover", "type": null, "subtitle": null, "application": ["gfw"], "dataPath": null, "attributesPath": null, "connectorType": "rest", "provider": "cartodb", "userId": "57a0aa1071e394dd32ffe137", "connectorUrl": "https://wri-01.carto.com/tables/idn_land_cover", "tableName": "idn_land_cover", "status": "saved", "published": true, "overwrite": false, "verified": false, "blockchain": {}, "mainDateField": null, "env": "production", "geoInfo": false, "protected": true, "legend": {"date": [], "region": [], "country": [], "nested": []}, "clonedHost": {}, "errorMessage": "", "taskId": null, "updatedAt": "2018-11-21T14:03:04.130Z", "dataLastUpdated": null, "widget": [], "widgetRelevantProps": [], "layerRelevantProps": [], "layer": [{"id": "463537a8-5ebb-43c1-b6a4-2f25b9910028", "type": "layer", "attributes": {"name": "Indonesia land cover - 2017", "slug": "Indonesia-land-cover", "dataset": "4316b45c-e744-4f4c-9823-142eb7638c8d", "description": "Indicates land cover, classified by type for the area of Indonesia.", "application": ["gfw"], "iso": ["IDN"], "provider": "cartodb", "userId": "57a0aa1071e394dd32ffe137", "default": false, "protected": true, "published": true, "env": "production", "layerConfig": {"body": {"layers": [{"options": {"cartocss_version": "2.3.0", "cartocss": "#idn_land_cover{ polygon-opacity: 0.7; polygon-fill:#FF0000; line-color: #FFF; line-width: 0.5; line-opacity: 0.0; [desc_in='Hutan Lahan Kering Primer']{ polygon-fill:#35B538; } [desc_in='Hutan Lahan Kering Sekunder']{ polygon-fill:#72FE00; } [desc_in='Hutan Mangrove Primer']{ polygon-fill:#35B538; } [desc_in='Hutan Rawa Primer']{ polygon-fill:#35B538; } [desc_in='Hutan Mangrove Sekunder']{ polygon-fill:#72FE00; } [desc_in='Hutan Rawa Sekunder']{ polygon-fill:#72FE00; } [desc_in='Hutan Tanaman']{ polygon-fill:#D3E599; } [desc_in='Belukar']{ polygon-fill:#4F6027; } [desc_in='Perkebunan']{ polygon-fill:#CEA561; } [desc_in='Pemukiman']{ polygon-fill:#000000; } [desc_in='Tanah Terbuka']{ polygon-fill:#EE6F30; } [desc_in='Awan']{ polygon-fill:#D1D1D1; } [desc_in='Savana']{ polygon-fill:#4F6027; } [desc_in='Badan Air']{ polygon-fill:#1284BE; } [desc_in='Belukar Rawa']{ polygon-fill:#99E5E5; } [desc_in='Pertanian Lahan Kering']{ polygon-fill:#CEA561; } [desc_in='Pertanian Lahan Kering Campur']{ polygon-fill:#CEA561; } [desc_in='Sawah']{ polygon-fill:#CEA561; } [desc_in='Tambak']{ polygon-fill:#EE6F30; } [desc_in='Bandara/ Pelabuhan']{ polygon-fill:#EE6F30; } [desc_in='Transmigrasi']{ polygon-fill:#000000; } [desc_in='Pertambangan']{ polygon-fill:#EE6F30; } [desc_in='Rawa']{ polygon-fill:#99E5E5; } [desc_in='Savanna/ Padang rumput']{ polygon-fill:#D5FE00; } }", "sql": "SELECT * FROM idn_land_cover"}, "type": "cartodb"}], "minzoom": 2, "metadata": "https://production-api.globalforestwatch.org/v1/gfw-metadata/idn_land_cover_metadata", "maxzoom": 19, "vectorLayers": [{"type": "fill", "source-layer": "layer0", "paint": {"fill-opacity": 0.7, "fill-color": "#FF0000"}}, {"type": "line", "source-layer": "layer0", "paint": {"line-opacity": 0, "line-color": "#FFF", "line-width": 0.5}}, {"type": "fill", "source-layer": "layer0", "filter": ["all", ["==", "desc_in", "Hutan Lahan Kering Primer"]], "paint": {"fill-color": "#35B538"}}, {"type": "fill", "source-layer": "layer0", "filter": ["all", ["==", "desc_in", "Hutan Lahan Kering Sekunder"]], "paint": {"fill-color": "#72FE00"}}, {"type": "fill", "source-layer": "layer0", "filter": ["all", ["==", "desc_in", "Hutan Mangrove Primer"]], "paint": {"fill-color": "#35B538"}}, {"type": "fill", "source-layer": "layer0", "filter": ["all", ["==", "desc_in", "Hutan Rawa Primer"]], "paint": {"fill-color": "#35B538"}}, {"type": "fill", "source-layer": "layer0", "filter": ["all", ["==", "desc_in", "Hutan Mangrove Sekunder"]], "paint": {"fill-color": "#72FE00"}}, {"type": "fill", "source-layer": "layer0", "filter": ["all", ["==", "desc_in", "Hutan Rawa Sekunder"]], "paint": {"fill-color": "#72FE00"}}, {"type": "fill", "source-layer": "layer0", "filter": ["all", ["==", "desc_in", "Hutan Tanaman"]], "paint": {"fill-color": "#D3E599"}}, {"type": "fill", "source-layer": "layer0", "filter": ["all", ["==", "desc_in", "Belukar"]], "paint": {"fill-color": "#4F6027"}}, {"type": "fill", "source-layer": "layer0", "filter": ["all", ["==", "desc_in", "Perkebunan"]], "paint": {"fill-color": "#CEA561"}}, {"type": "fill", "source-layer": "layer0", "filter": ["all", ["==", "desc_in", "Pemukiman"]], "paint": {"fill-color": "#000000"}}, {"type": "fill", "source-layer": "layer0", "filter": ["all", ["==", "desc_in", "Tanah Terbuka"]], "paint": {"fill-color": "#EE6F30"}}, {"type": "fill", "source-layer": "layer0", "filter": ["all", ["==", "desc_in", "Awan"]], "paint": {"fill-color": "#D1D1D1"}}, {"type": "fill", "source-layer": "layer0", "filter": ["all", ["==", "desc_in", "Savana"]], "paint": {"fill-color": "#4F6027"}}, {"type": "fill", "source-layer": "layer0", "filter": ["all", ["==", "desc_in", "Badan Air"]], "paint": {"fill-color": "#1284BE"}}, {"type": "fill", "source-layer": "layer0", "filter": ["all", ["==", "desc_in", "Belukar Rawa"]], "paint": {"fill-color": "#99E5E5"}}, {"type": "fill", "source-layer": "layer0", "filter": ["all", ["==", "desc_in", "Pertanian Lahan Kering"]], "paint": {"fill-color": "#CEA561"}}, {"type": "fill", "source-layer": "layer0", "filter": ["all", ["==", "desc_in", "Pertanian Lahan Kering Campur"]], "paint": {"fill-color": "#CEA561"}}, {"type": "fill", "source-layer": "layer0", "filter": ["all", ["==", "desc_in", "Sawah"]], "paint": {"fill-color": "#CEA561"}}, {"type": "fill", "source-layer": "layer0", "filter": ["all", ["==", "desc_in", "Tambak"]], "paint": {"fill-color": "#EE6F30"}}, {"type": "fill", "source-layer": "layer0", "filter": ["all", ["==", "desc_in", "Bandara/ Pelabuhan"]], "paint": {"fill-color": "#EE6F30"}}, {"type": "fill", "source-layer": "layer0", "filter": ["all", ["==", "desc_in", "Transmigrasi"]], "paint": {"fill-color": "#000000"}}, {"type": "fill", "source-layer": "layer0", "filter": ["all", ["==", "desc_in", "Pertambangan"]], "paint": {"fill-color": "#EE6F30"}}, {"type": "fill", "source-layer": "layer0", "filter": ["all", ["==", "desc_in", "Rawa"]], "paint": {"fill-color": "#99E5E5"}}, {"type": "fill", "source-layer": "layer0", "filter": ["all", ["==", "desc_in", "Savanna/ Padang rumput"]], "paint": {"fill-color": "#D5FE00"}}]}, "sql_config": [], "params_config": [], "account": "wri-01"}, "legendConfig": {"type": "basic", "items": [{"name": "Primary forest", "color": "#35B538"}, {"name": "Secondary forest", "color": "#72FE00"}, {"name": "Plantation forest", "color": "#D3E599"}, {"name": "Grass land", "color": "#4F6027"}, {"name": "Cropland", "color": "#CEA561"}, {"name": "Other land", "color": "#EE6F30"}, {"name": "Settlement area", "color": "#000000"}, {"name": "Wetland", "color": "#99E5E5"}, {"name": "Unknown", "color": "#D1D1D1"}, {"name": "Bodies of water", "color": "#1284BE"}]}, "interactionConfig": {}, "applicationConfig": {"active": true, "default": true, "global": false, "metadata": "idn_land_cover_metadata"}, "staticImageConfig": {}, "updatedAt": "2019-03-08T13:19:50.693Z"}}], "metadata": [{"id": "5b64554d6ec14b00117e29a5", "type": "metadata", "attributes": {"dataset": "4316b45c-e744-4f4c-9823-142eb7638c8d", "application": "gfw", "resource": {"id": "4316b45c-e744-4f4c-9823-142eb7638c8d", "type": "dataset"}, "language": "en", "info": {"name": "Indonesia land cover", "color": "#a0c746", "description": "Official data on land cover for Indonesia.", "citation": ""}, "createdAt": "2018-08-03T13:14:53.627Z", "updatedAt": "2018-11-06T15:58:03.173Z", "status": "published"}}], "vocabulary": [{"id": "4316b45c-e744-4f4c-9823-142eb7638c8d", "type": "vocabulary", "attributes": {"resource": {"id": "4316b45c-e744-4f4c-9823-142eb7638c8d", "type": "dataset"}, "tags": ["landCover"], "name": "categoryTab", "application": "gfw"}}]}}