{"id": "4fc24a03-cb3e-4df3-a2ee-e2a8dca342b3", "type": "dataset", "attributes": {"name": "Logging concessions", "slug": "Managed-Forests", "type": null, "subtitle": null, "application": ["gfw"], "dataPath": null, "attributesPath": null, "connectorType": "rest", "provider": "cartodb", "userId": "59db4eace9c1380001d6e4c3", "connectorUrl": "https://wri-01.carto.com/tables/gfw_logging", "tableName": "gfw_logging", "status": "saved", "published": true, "overwrite": false, "verified": false, "blockchain": {}, "mainDateField": null, "env": "production", "geoInfo": false, "protected": true, "legend": {"date": [], "region": [], "country": [], "nested": []}, "clonedHost": {}, "errorMessage": "", "taskId": null, "updatedAt": "2019-06-10T18:39:49.625Z", "dataLastUpdated": null, "widget": [], "widgetRelevantProps": [], "layerRelevantProps": [], "layer": [{"id": "c26db41a-b586-461c-b648-93205eafea0b", "type": "layer", "attributes": {"name": "Logging concessions", "slug": "Managed-Forests", "dataset": "4fc24a03-cb3e-4df3-a2ee-e2a8dca342b3", "description": "Managed forests from logging tables", "application": ["gfw"], "iso": ["GNQ", "CMR", "CAN", "COD", "MYS", "CAF", "LBR", "IDN", "CMR", "GAB", "COG"], "provider": "cartodb", "userId": "59db4eace9c1380001d6e4c3", "default": true, "protected": true, "published": true, "env": "production", "layerConfig": {"account": "wri-01", "body": {"layers": [{"options": {"cartocss": "#gfw_logging{polygon-fill: #fecc5c;  polygon-opacity: 0.7;  line-color: #fecc5c;  line-width: 0.1;  line-opacity: 1;}", "cartocss_version": "2.3.0", "sql": "SELECT the_geom_webmercator, cartodb_id, name, country, round(area_ha::float) as area_ha, legal_term, company FROM gfw_logging {{where}}"}}], "maxzoom": 19, "minzoom": 2, "vectorLayers": [{"type": "fill", "source-layer": "layer0", "paint": {"fill-opacity": 0.7, "fill-color": "#fecc5c"}}, {"type": "line", "source-layer": "layer0", "paint": {"line-opacity": 1, "line-color": "#fecc5c", "line-width": 0.1}}]}, "params_config": [], "sql_config": [{"key": "where", "key_params": [{"key": "country", "required": false}]}]}, "legendConfig": {"items": [{"color": "#fecc5c", "name": "Managed forests"}], "type": "basic"}, "interactionConfig": {"output": [{"format": null, "type": "string", "property": "Name", "column": "name"}, {"format": null, "type": "string", "property": "Company", "column": "company"}, {"format": null, "type": "string", "property": "Country", "column": "country"}, {"format": null, "type": "string", "property": "Area", "column": "area_ha", "suffix": "Ha"}, {"column": "cartodb_id", "format": null, "property": "cartodb_id", "type": "number", "hidden": true}, {"column": "the_geom_webmercator", "format": "json", "property": "the_geom", "type": "json", "hidden": true}], "type": "intersection"}, "applicationConfig": {"default": true, "active": true, "global": true, "metadata": "gfw_logging", "analysisEndpoint": "use"}, "staticImageConfig": {}, "updatedAt": "2019-06-10T19:01:03.517Z"}}], "metadata": [{"id": "5b645542c31667001159baf9", "type": "metadata", "attributes": {"dataset": "4fc24a03-cb3e-4df3-a2ee-e2a8dca342b3", "application": "gfw", "resource": {"id": "4fc24a03-cb3e-4df3-a2ee-e2a8dca342b3", "type": "dataset"}, "language": "en", "info": {"citation": "select countries", "color": "#12724C", "description": "Displays boundaries of forested areas allocated by governments to companies for harvesting timber and other wood products.", "name": "Logging concessions"}, "createdAt": "2018-08-03T13:14:42.145Z", "updatedAt": "2019-06-10T18:44:52.227Z", "status": "published"}}], "vocabulary": [{"id": "4fc24a03-cb3e-4df3-a2ee-e2a8dca342b3", "type": "vocabulary", "attributes": {"resource": {"id": "4fc24a03-cb3e-4df3-a2ee-e2a8dca342b3", "type": "dataset"}, "tags": ["landUse", "concessions"], "name": "categoryTab", "application": "gfw"}}]}}