{"id": "5bc5cd49-706f-409c-b10d-77fdfecb010f", "type": "dataset", "attributes": {"name": "Fire alerts summary stats", "slug": "Fire-alerts-summary-stats_1", "type": null, "subtitle": null, "application": ["gfw"], "dataPath": null, "attributesPath": null, "connectorType": "document", "provider": "csv", "userId": "57a9d92029309063404573a1", "connectorUrl": "http://gfw2-data.s3.amazonaws.com/country-pages/fire_alerts_adm1.csv", "tableName": "index_5bc5cd49706f409cb10d77fdfecb010f_1537957774088", "status": "pending", "published": true, "overwrite": true, "verified": false, "blockchain": {}, "mainDateField": null, "env": "production", "geoInfo": false, "protected": true, "legend": {"date": [], "region": [], "country": [], "nested": []}, "clonedHost": {}, "errorMessage": "", "taskId": "/v1/doc-importer/task/b0e409f5-5627-47b9-930b-148d705d62b8", "updatedAt": "2018-11-21T14:02:20.112Z", "dataLastUpdated": null, "metadata": [], "widget": [], "layer": [], "widgetRelevantProps": [], "layerRelevantProps": [], "vocabulary": [{"id": "5bc5cd49-706f-409c-b10d-77fdfecb010f", "type": "vocabulary", "attributes": {"resource": {"id": "5bc5cd49-706f-409c-b10d-77fdfecb010f", "type": "dataset"}, "tags": ["forestChange", "firesAlerts"], "name": "categoryTab", "application": "gfw"}}]}}