{"id": "5da0c609-c20c-4e99-9d2c-3b1120a2983b", "type": "dataset", "attributes": {"name": "PRODES Deforestation", "slug": "PRODES-Deforestation_1", "type": null, "subtitle": null, "application": ["gfw"], "dataPath": null, "attributesPath": null, "connectorType": "rest", "provider": "cartodb", "userId": "59db4eace9c1380001d6e4c3", "connectorUrl": "https://wri-01.carto.com/tables/prodes_wgs84", "tableName": "prodes_wgs84", "status": "saved", "published": true, "overwrite": false, "verified": false, "blockchain": {}, "mainDateField": null, "env": "production", "geoInfo": false, "protected": true, "legend": {"date": [], "region": [], "country": [], "nested": []}, "clonedHost": {}, "errorMessage": "", "taskId": null, "updatedAt": "2018-11-21T14:03:01.068Z", "dataLastUpdated": null, "widget": [], "widgetRelevantProps": [], "layerRelevantProps": [], "layer": [{"id": "d1d52ca8-f716-4f85-afcb-ad1a90d6c321", "type": "layer", "attributes": {"name": "PRODES deforestation", "slug": "PRODES-Deforestation", "dataset": "5da0c609-c20c-4e99-9d2c-3b1120a2983b", "description": "Deforestation monitoring system for the Brazilian Amazon used by the Brazilian government to establish public policy.", "application": ["gfw"], "iso": ["BRA"], "provider": "cartodb", "userId": "59db4eace9c1380001d6e4c3", "default": false, "protected": true, "published": true, "env": "production", "layerConfig": {"account": "wri-01", "body": {"layers": [{"options": {"cartocss": "#prodes_wgs84 { polygon-fill:#F69; polygon-opacity: 1; line-opacity: 1; line-color: #F69; line-width: 0.1; }", "cartocss_version": "2.3.0", "sql": "SELECT cartodb_id, the_geom_webmercator, ano::int AS date FROM prodes_wgs84 WHERE ano BETWEEN '{{startDate}}' AND '{{endDate}}'"}, "type": "cartodb"}], "maxzoom": 19, "minzoom": 2, "vectorLayers": [{"type": "fill", "source-layer": "layer0", "paint": {"fill-opacity": 1, "fill-color": "#F69"}}, {"type": "line", "source-layer": "layer0", "paint": {"line-opacity": 1, "line-color": "#F69", "line-width": 0.1}}]}, "params_config": [{"default": "2000-01-01", "key": "startDate", "required": true}, {"default": "2015-01-01", "key": "endDate", "required": true, "url": "https://production-api.globalforestwatch.org/v2/prodes-loss/latest"}], "timeline_config": {"dateFormat": "YYYY", "interval": "years", "speed": 250, "step": 1}}, "legendConfig": {"items": [{"color": "#F69", "name": "PRODES deforestation"}], "type": "basic"}, "interactionConfig": {}, "applicationConfig": {"active": true, "analysisConfig": [{"key": "value", "service": "prodes-loss", "type": "geostore", "unit": "ha", "version": "v2"}, {"key": "value", "service": "prodes-loss", "type": "admin", "unit": "ha", "version": "v2"}], "default": true, "global": false, "menuPosition": 3, "metadata": "prodes", "multiConfig": {"color": "#dc6699", "position": 0}, "subscriptionKey": "prodes-loss"}, "staticImageConfig": {}, "updatedAt": "2019-03-08T13:19:49.727Z"}}, {"id": "d887e0df-6b60-49e4-9b62-a39e7a870278", "type": "layer", "attributes": {"name": "Geographic coverage", "slug": "Geographic-Coverage", "dataset": "5da0c609-c20c-4e99-9d2c-3b1120a2983b", "description": "PRODES geographic coverage.", "application": ["gfw"], "iso": ["BRA"], "provider": "cartodb", "userId": "59db4eace9c1380001d6e4c3", "default": false, "protected": true, "published": true, "env": "production", "layerConfig": {"account": "wri-01", "body": {"layers": [{"options": {"cartocss": "#prodes_extent{ polygon-fill: #f69; polygon-opacity: 0.3; line-width: 1; line-color: #FFF; line-opacity: 0; }", "cartocss_version": "2.3.0", "sql": "SELECT *FROM prodes_extent"}, "type": "cartodb"}], "maxzoom": 19, "minzoom": 2, "vectorLayers": [{"paint": {"fill-color": "#f69", "fill-opacity": 0.3}, "source-layer": "layer0", "type": "fill"}, {"paint": {"line-color": "#FFF", "line-opacity": 0, "line-width": 1}, "source-layer": "layer0", "type": "line"}]}}, "legendConfig": {"type": "basic", "items": [{"color": "#F69", "name": "Geographic Coverage"}]}, "interactionConfig": {}, "applicationConfig": {"active": true, "default": false, "global": false, "multiConfig": {"color": "#DA6899", "position": 1}}, "staticImageConfig": {}, "updatedAt": "2019-03-11T14:11:18.744Z"}}], "metadata": [{"id": "5b64554c6ec14b00117e29a4", "type": "metadata", "attributes": {"dataset": "5da0c609-c20c-4e99-9d2c-3b1120a2983b", "application": "gfw", "resource": {"id": "5da0c609-c20c-4e99-9d2c-3b1120a2983b", "type": "dataset"}, "language": "en", "info": {"citation": "annual, 30m, Brazilian Amazon, INPE", "color": "#DA6899", "description": "Deforestation monitoring system for the Brazilian Amazon used by the Brazilian government to establish public policy.", "isMultiLayer": true, "name": "PRODES deforestation"}, "createdAt": "2018-08-03T13:14:52.995Z", "updatedAt": "2018-11-06T16:04:12.461Z", "status": "published"}}, {"id": "5ca7c2c78e6c500017f138a6", "type": "metadata", "attributes": {"dataset": "5da0c609-c20c-4e99-9d2c-3b1120a2983b", "application": "rw", "resource": {"id": "5da0c609-c20c-4e99-9d2c-3b1120a2983b", "type": "dataset"}, "language": "en", "name": "PRODES deforestation", "description": "The PRODES deforestation dataset was developed by Global Forest Watch (GFW) at the World Resources Institute (WRI) using data from the PRODES project, which is operated by the National Institute of Space Research (INPE) in collaboration with the Minister of the Environment (MMA) and the Brazilian Institute of Environment and Renewable Natural Resources (IBAMA). The dataset shows annual deforestation in the Brazilian Legal Amazon between 2000 and 2015.   \n  \n Since 2002, all PRODES data is publicly available online. Input images for each of the 220 Landsat footprints that cover the Brazilian Amazon are selected based on their lack of cloud cover and their capture date. The PRODES system uses the seasonal year, starting on August 1st, to calculate annual deforestation, so images are selected as near to this date as possible (generally from July, August, and September). From 2003 to 2005, analysts used image transformation to determine the components of vegetation, soil, and shadow using the program SPRING. These components were segmented and classified into the classes of forest, non-forest, deforestation in the target year, previous deforestation, clouds, and water, which are then manually corrected by experts.   \n  \nStarting in 2005, a new methodology was implemented which makes use of the open source TerraAmazon platform. The platform allows the PRODES analysis to be more uniform and can incorporate imagery from a variety of satellites. As before, images are selected to be as cloud free as possible. The images are then masked to exclude non-forest, previous deforestation, and water using the previous year\u2019s analysis. Analysts then delineate deforested polygons in the intact forest of the previous year.", "source": "INPE/MMA/IBAMA/GFW/WRI", "info": {"rwId": "for.027", "data_type": "Vector", "name": "PRODES deforestation", "sources": [{"source-name": "National Institute of Space Research (INPE)", "id": 0, "source-description": ""}, {"source-name": " Ministry of the Environment (MMA)", "id": 1, "source-description": ""}, {"source-name": " Brazilian Institute of Environment and Renewable Natural Resources (IBAMA)", "id": 2, "source-description": ""}, {"source-name": "Global Forest Watch (GFW)", "id": 3, "source-description": ""}, {"source-name": "World Resources Institute (WRI)", "id": 4, "source-description": ""}], "technical_title": "PRODES deforestation", "functions": "Annual deforestation in the Legal Brazilian Amazon between 2000 and 2005", "cautions": "PRODES only identifies forest clearings of 6.25 hectares or larger, so forest degradation or smaller clearings from fire or selective logging are not detected. Frequent cloud cover over areas of the Amazon may change the reported year of deforestation. The year reported is the first year deforestation is identified by analysts, but this does not necessarily correspond to the year of deforestation if the landscape has been covered by clouds in previous years.", "citation": "National Institute of Space Research (INPE). \u201cPRODES deforestation.\" Accessed through Resource Watch on January 25, 2019. [www.resourcewatch.org](www.resourcewatch.org).", "license": "Creative Commons BY SA 3.0", "license_link": "http://creativecommons.org/licenses/by-sa/3.0/deed.en", "geographic_coverage": "Brazil", "spatial_resolution": null, "date_of_content": "2005-2015", "frequency_of_updates": "Annual", "learn_more_link": "http://data.globalforestwatch.org/datasets/4160f715e12d46a98c989bdbe7e5f4d6_1", "data_download_link": "http://gfw2-data.s3.amazonaws.com/forest_change/prodes/zip/prodes.zip", "data_download_original_link": "http://data.globalforestwatch.org/datasets/4160f715e12d46a98c989bdbe7e5f4d6_1"}, "createdAt": "2019-04-05T21:04:07.113Z", "updatedAt": "2019-06-20T13:07:49.448Z", "status": "published"}}], "vocabulary": [{"id": "5da0c609-c20c-4e99-9d2c-3b1120a2983b", "type": "vocabulary", "attributes": {"resource": {"id": "5da0c609-c20c-4e99-9d2c-3b1120a2983b", "type": "dataset"}, "tags": ["ww"], "name": "categoryTab", "application": "rw"}}, {"id": "5da0c609-c20c-4e99-9d2c-3b1120a2983b", "type": "vocabulary", "attributes": {"resource": {"id": "5da0c609-c20c-4e99-9d2c-3b1120a2983b", "type": "dataset"}, "tags": ["forestChange", "treeCoverChange"], "name": "categoryTab", "application": "gfw"}}]}}