{"id": "63e88e53-0a88-416e-9532-fa06f703d435", "type": "dataset", "attributes": {"name": "Summarized GLAD alerts for admin stats", "slug": "Summarized-GLAD-alerts-for-admin-stats", "type": null, "subtitle": null, "application": ["gfw"], "dataPath": null, "attributesPath": null, "connectorType": "document", "provider": "csv", "userId": "57a9d92029309063404573a1", "connectorUrl": "http://s3.amazonaws.com/gfw2-data/country-pages/umd_landsat_alerts_all.csv", "tableName": "index_63e88e530a88416e9532fa06f703d435_1561097140560", "status": "saved", "published": true, "overwrite": true, "verified": false, "blockchain": {}, "mainDateField": null, "env": "production", "geoInfo": false, "protected": true, "legend": {"date": [], "region": [], "country": [], "nested": []}, "clonedHost": {}, "errorMessage": "", "taskId": "/v1/doc-importer/task/f8c7947c-86c8-439b-8138-3594b2580f2e", "updatedAt": "2019-06-21T06:11:31.724Z", "dataLastUpdated": null, "metadata": [], "widget": [], "layer": [], "vocabulary": [], "widgetRelevantProps": [], "layerRelevantProps": []}}