{"id": "69199c5c-31a3-46e4-9ae2-068160b90d79", "type": "dataset", "attributes": {"name": "Logging concessions", "slug": "FORMA-Alerts", "type": "raster", "subtitle": null, "application": ["gfw"], "dataPath": null, "attributesPath": null, "connectorType": "wms", "provider": "leaflet", "userId": "59db4eace9c1380001d6e4c3", "connectorUrl": "https://api-dot-forma-250.appspot.com/tiles/latest", "tableName": null, "status": "saved", "published": true, "overwrite": false, "verified": false, "blockchain": {}, "mainDateField": null, "env": "production", "geoInfo": false, "protected": true, "legend": {"date": [], "region": [], "country": [], "nested": []}, "clonedHost": {}, "errorMessage": null, "taskId": null, "updatedAt": "2019-06-10T18:55:32.763Z", "dataLastUpdated": null, "widget": [], "widgetRelevantProps": [], "layerRelevantProps": [], "layer": [{"id": "66203fea-2e58-4a55-b222-1dae075cf95d", "type": "layer", "attributes": {"name": "Deforestation alerts (FORMA)", "slug": "FORMA-Alerts", "dataset": "69199c5c-31a3-46e4-9ae2-068160b90d79", "description": "Detects recent tree cover loss from 2012 to the present.", "application": ["gfw"], "iso": [], "provider": "leaflet", "userId": "59db4eace9c1380001d6e4c3", "default": false, "protected": true, "published": true, "env": "production", "layerConfig": {"body": {"maxzoom": 8, "url": "https://storage.googleapis.com/forma-public/Forma250/tiles/forma_{{date}}/v1/{z}/{x}/{y}.png"}, "decode_config": [{"default": "2012-01-01", "key": "startDate", "required": true}, {"key": "endDate", "required": true, "url": "https://api-dot-forma-250.appspot.com/tiles/latest"}], "params_config": [{"format": "YYYYMMDD", "key": "date", "required": true}, {"default": 15, "key": "dataMaxZoom", "required": true}], "service": "leaflet", "timeline_config": {"dateFormat": "YYYY-MM-DD", "interval": "months", "speed": 250, "step": 1}, "type": "tileLayer"}, "legendConfig": {"items": [{"color": "#F69", "name": "FORMA alerts"}], "type": "basic"}, "interactionConfig": {}, "applicationConfig": {"active": true, "analysisConfig": [{"key": "areaHaLoss", "service": "forma250gfw", "type": "admin", "unit": "ha"}, {"key": "areaHaLoss", "service": "forma250gfw", "type": "geostore", "unit": "ha"}, {"key": "alertCounts", "service": "forma250gfw", "type": "admin", "unit": "counts"}, {"key": "alertCounts", "service": "forma250gfw", "type": "geostore", "unit": "counts"}], "default": true, "global": true, "metadata": "forma", "subscriptionKey": "forma250gfw"}, "staticImageConfig": {}, "updatedAt": "2019-06-10T15:47:56.776Z"}}, {"id": "85f055e0-4fe3-4672-a902-522d9e3beb88", "type": "layer", "attributes": {"name": "Geographic coverage", "slug": "Geographic-Coverage_2", "dataset": "69199c5c-31a3-46e4-9ae2-068160b90d79", "description": "Geographic Coverage for FORMA Alerts layer.", "application": ["gfw"], "iso": [], "provider": "cartodb", "userId": "59db4eace9c1380001d6e4c3", "default": false, "protected": true, "published": true, "env": "production", "layerConfig": {"account": "wri-01", "body": {"layers": [{"options": {"cartocss": "#gran_chaco_extent{ polygon-fill: #f69; polygon-opacity: 0.3; line-width: 1; line-color: #FFF; line-opacity: 0; }", "cartocss_version": "2.3.0", "sql": "SELECT * FROM forma_coverage"}, "type": "cartodb"}], "maxzoom": 19, "minzoom": 2, "vectorLayers": [{"paint": {"fill-color": "#f69", "fill-opacity": 0.3}, "source-layer": "layer0", "type": "fill"}]}}, "legendConfig": {"type": "basic", "items": [{"color": "#f69", "name": "Geographic coverage"}]}, "interactionConfig": {}, "applicationConfig": {"active": true, "default": false, "global": true}, "staticImageConfig": {}, "updatedAt": "2019-03-11T14:11:35.505Z"}}], "metadata": [{"id": "5b64554dc31667001159bafe", "type": "metadata", "attributes": {"dataset": "69199c5c-31a3-46e4-9ae2-068160b90d79", "application": "gfw", "resource": {"id": "69199c5c-31a3-46e4-9ae2-068160b90d79", "type": "dataset"}, "language": "en", "info": {"citation": "monthly, January 2006-August 2015, 500m, humid tropics, WRI/CGD", "color": "#DA6899", "description": "Detects areas where tree cover loss is likely to have recently occurred.", "isMultiLayer": true, "name": "Deforestation alerts (FORMA)"}, "createdAt": "2018-08-03T13:14:53.841Z", "updatedAt": "2019-06-10T16:42:32.781Z", "status": "published"}}], "vocabulary": [{"id": "69199c5c-31a3-46e4-9ae2-068160b90d79", "type": "vocabulary", "attributes": {"resource": {"id": "69199c5c-31a3-46e4-9ae2-068160b90d79", "type": "dataset"}, "tags": ["forestChange", "deforestationAlerts"], "name": "categoryTab", "application": "gfw"}}]}}