{"id": "70e2549c-d722-44a6-a8d7-4a385d78565e", "type": "dataset", "attributes": {"name": "Tree Cover Gain", "slug": "Tree-Cover-Gain-2015", "type": null, "subtitle": null, "application": ["gfw"], "dataPath": null, "attributesPath": null, "connectorType": "rest", "provider": "gee", "userId": "59db4eace9c1380001d6e4c3", "connectorUrl": null, "tableName": "UMD/hansen/global_forest_change_2015", "status": "saved", "published": true, "overwrite": false, "verified": false, "blockchain": {}, "mainDateField": null, "env": "production", "geoInfo": false, "protected": true, "legend": {"date": [], "region": [], "country": [], "nested": []}, "clonedHost": {}, "errorMessage": "", "taskId": null, "updatedAt": "2018-12-13T04:02:30.467Z", "dataLastUpdated": null, "widget": [], "widgetRelevantProps": [], "layerRelevantProps": [], "layer": [{"id": "3b22a574-2507-4b4a-a247-80057c1a1ad4", "type": "layer", "attributes": {"name": "Tree cover gain - 2001-2012", "slug": "Tree-Cover-Gain", "dataset": "70e2549c-d722-44a6-a8d7-4a385d78565e", "description": "Identifies areas of tree cover gain.", "application": ["gfw"], "iso": [], "provider": "leaflet", "userId": "59db4eace9c1380001d6e4c3", "default": false, "protected": false, "published": true, "env": "production", "layerConfig": {"body": {"format": "image/png", "maxNativeZoom": 12, "maxzoom": 19, "minNativeZoom": 3, "minzoom": 2, "useCors": true}, "params_config": [], "service": "leaflet", "type": "tileLayer", "url": "https://earthengine.google.org/static/hansen_2013/gain_alpha/{z}/{x}/{y}.png"}, "legendConfig": {"items": [{"color": "#4600ff", "source": "(12 years, 30m, global, Hansen/UMD/Google/USGS/NASA)", "name": "Tree cover gain"}], "type": "basic"}, "interactionConfig": {}, "applicationConfig": {"active": true, "analysisConfig": [{"key": "gain", "service": "umd-loss-gain", "type": "geostore", "unit": "ha", "version": "v1"}, {"key": "totals", "service": "umd-loss-gain", "subKey": "gain", "type": "admin", "unit": "ha", "version": "v3"}], "default": true, "global": true, "metadata": "tree_cover_gain", "menuPosition": 1}, "staticImageConfig": {}, "updatedAt": "2019-03-11T18:05:30.228Z"}}], "metadata": [{"id": "5b6c0352f036240011a3cc24", "type": "metadata", "attributes": {"dataset": "70e2549c-d722-44a6-a8d7-4a385d78565e", "application": "gfw", "resource": {"id": "70e2549c-d722-44a6-a8d7-4a385d78565e", "type": "dataset"}, "language": "en", "info": {"color": "#6D6DE5", "name": "Tree cover gain", "description": "Identifies areas of tree cover gain.", "citation": "12 years, 30m, global, Hansen/UMD/Google/USGS/NASA"}, "createdAt": "2018-08-09T09:03:14.564Z", "updatedAt": "2018-11-06T15:58:04.814Z", "status": "published"}}], "vocabulary": [{"id": "70e2549c-d722-44a6-a8d7-4a385d78565e", "type": "vocabulary", "attributes": {"resource": {"id": "70e2549c-d722-44a6-a8d7-4a385d78565e", "type": "dataset"}, "tags": ["forestChange", "treeCoverChange"], "name": "categoryTab", "application": "gfw"}}]}}