{"id": "714339c1-c775-4303-aad4-16d975b2f023", "type": "dataset", "attributes": {"name": "Primary Forest", "slug": "Primary-Forest_1", "type": null, "subtitle": null, "application": ["gfw"], "dataPath": null, "attributesPath": null, "connectorType": "rest", "provider": "gee", "userId": "57a0aa1071e394dd32ffe137", "connectorUrl": null, "tableName": "projects/wri-datalab/primary_forest_2019", "status": "saved", "published": true, "overwrite": false, "verified": false, "blockchain": {}, "mainDateField": null, "env": "production", "geoInfo": false, "protected": true, "legend": {"date": [], "region": [], "country": [], "nested": []}, "clonedHost": {}, "errorMessage": "", "taskId": null, "updatedAt": "2019-03-21T10:01:01.404Z", "dataLastUpdated": null, "widget": [], "widgetRelevantProps": [], "layerRelevantProps": [], "layer": [{"id": "079fae08-5696-4926-9417-794bd3a7e8dc", "type": "layer", "attributes": {"name": "Primary forests - 2001", "slug": "Primary-Forests", "dataset": "714339c1-c775-4303-aad4-16d975b2f023", "application": ["gfw"], "iso": [], "provider": "gee", "userId": "57a0aa1071e394dd32ffe137", "default": false, "protected": true, "published": true, "env": "production", "layerConfig": {"assetId": "projects/wri-datalab/primary_forest_2019", "body": {"metadata": "https://production-api.globalforestwatch.org/v1/gfw-metadata/regional_primary_forests", "sldValue": "<RasterSymbolizer><ColorMap type=\"intervals\" extended=\"false\" ><ColorMapEntry color=\"#0D210F\" quantity=\"0\" opacity=\"0\" /><ColorMapEntry color=\"#658434\" quantity=\"1\"/></ColorMap></RasterSymbolizer>", "styleType": "sld"}, "isImageCollection": false, "provider": "gee", "type": "tileLayer"}, "legendConfig": {"items": [{"color": "#658434", "name": "Primary forest"}], "type": "basic"}, "interactionConfig": {}, "applicationConfig": {"active": true, "default": true, "global": true, "menuPosition": 1, "metadata": "regional_primary_forests"}, "staticImageConfig": {}, "updatedAt": "2019-04-11T20:58:55.151Z"}}], "metadata": [{"id": "5b64554eb6baae001154d1b2", "type": "metadata", "attributes": {"dataset": "714339c1-c775-4303-aad4-16d975b2f023", "application": "gfw", "resource": {"id": "714339c1-c775-4303-aad4-16d975b2f023", "type": "dataset"}, "language": "en", "info": {"citation": "2001, 30m, Pan-Tropical, UMD", "color": "#a0c746", "description": "This data set maps the extent of primary forests in the global pan-tropical regions in 2001.", "name": "Primary forests"}, "createdAt": "2018-08-03T13:14:54.876Z", "updatedAt": "2019-04-22T08:32:38.780Z", "status": "published"}}], "vocabulary": [{"id": "714339c1-c775-4303-aad4-16d975b2f023", "type": "vocabulary", "attributes": {"resource": {"id": "714339c1-c775-4303-aad4-16d975b2f023", "type": "dataset"}, "tags": ["landCover"], "name": "categoryTab", "application": "gfw"}}]}}