{"id": "7411c30d-88e4-487a-b809-3028c60ee207", "type": "dataset", "attributes": {"name": "RTRS Guides for Responsible Soy Expansion", "slug": "RTRS-Guides-for-Responsible-Soy-Expansion", "type": "raster", "subtitle": null, "application": ["gfw"], "dataPath": null, "attributesPath": null, "connectorType": "wms", "provider": "wms", "userId": "59db4eace9c1380001d6e4c3", "connectorUrl": "https://storage.googleapis.com/gfw-data-layers/BRA_RTRS_soy/{z}/{x}/{y}.png", "tableName": null, "status": "saved", "published": true, "overwrite": false, "verified": false, "blockchain": {}, "mainDateField": null, "env": "production", "geoInfo": false, "protected": true, "legend": {"date": [], "region": [], "country": [], "nested": []}, "clonedHost": {}, "errorMessage": null, "taskId": null, "updatedAt": "2018-11-21T14:02:55.391Z", "dataLastUpdated": null, "widget": [], "widgetRelevantProps": [], "layerRelevantProps": [], "layer": [{"id": "882b0d99-7826-442a-ba06-e5b94658d4e8", "type": "layer", "attributes": {"name": "RTRS Guides for Responsible Soy Expansion - 2015", "slug": "USA-Forest-Ownership-Type_1", "dataset": "7411c30d-88e4-487a-b809-3028c60ee207", "description": "Guide the expansion of responsible soy production and evaluate in situ HCVAs according to the RTRS Standard.", "application": ["gfw"], "iso": ["BRA", "PRY"], "provider": "leaflet", "userId": "59db4eace9c1380001d6e4c3", "default": false, "protected": true, "published": true, "env": "production", "layerConfig": {"body": {"maxzoom": 19, "maxNativeZoom": 13, "minzoom": 2, "options": {"useCors": true}}, "params_config": [], "service": "leaflet", "sql_config": [], "type": "tileLayer", "url": "https://storage.googleapis.com/gfw-data-layers/BRA_RTRS_soy/{z}/{x}/{y}.png"}, "legendConfig": {"type": "basic", "items": [{"color": "#D46369", "name": "No expansion allowed"}, {"color": "#D0E291", "name": "Expansion potentially allowed after HCVA assessment"}, {"color": "#FDFDCE", "name": "Responsible expansion as per legislation"}, {"color": "#A4C38B", "name": "No land available for expansion"}, {"color": "#B796F6", "name": "Areas deforested after 2009"}]}, "interactionConfig": {}, "applicationConfig": {"default": true, "active": true, "global": true, "metadata": "rtrs"}, "staticImageConfig": {}, "updatedAt": "2019-03-01T18:01:03.993Z"}}], "metadata": [{"id": "5b64554bc31667001159bafc", "type": "metadata", "attributes": {"dataset": "7411c30d-88e4-487a-b809-3028c60ee207", "application": "gfw", "resource": {"id": "7411c30d-88e4-487a-b809-3028c60ee207", "type": "dataset"}, "language": "en", "info": {"name": "RTRS Guides for Responsible Soy Expansion", "description": "Guide the expansion of responsible soy production and evaluate in situ HCVAs according to the RTRS Standard.", "color": "#12724C", "citation": ""}, "createdAt": "2018-08-03T13:14:51.308Z", "updatedAt": "2018-09-19T13:50:26.855Z", "status": "published"}}], "vocabulary": [{"id": "7411c30d-88e4-487a-b809-3028c60ee207", "type": "vocabulary", "attributes": {"resource": {"id": "7411c30d-88e4-487a-b809-3028c60ee207", "type": "dataset"}, "tags": ["landUse", "concessions"], "name": "categoryTab", "application": "gfw"}}]}}