{"id": "7a4d9a64-ecb1-45ec-a01e-658f1364fb2e", "type": "dataset", "attributes": {"name": "Mining", "slug": "Mining", "type": null, "subtitle": null, "application": ["gfw"], "dataPath": null, "attributesPath": null, "connectorType": "rest", "provider": "cartodb", "userId": "59db4eace9c1380001d6e4c3", "connectorUrl": "https://wri-01.carto.com/tables/gfw_mining", "tableName": "gfw_mining", "status": "saved", "published": true, "overwrite": false, "verified": false, "blockchain": {}, "mainDateField": null, "env": "production", "geoInfo": false, "protected": true, "legend": {"date": [], "region": [], "country": [], "nested": []}, "clonedHost": {}, "errorMessage": "", "taskId": null, "updatedAt": "2018-11-21T14:02:25.184Z", "dataLastUpdated": null, "widget": [], "widgetRelevantProps": [], "layerRelevantProps": [], "layer": [{"id": "fcd10026-e892-4fb8-8d79-8d76e3b94005", "type": "layer", "attributes": {"name": "Mining concessions", "slug": "Mining", "dataset": "7a4d9a64-ecb1-45ec-a01e-658f1364fb2e", "description": "Mining areas", "application": ["gfw"], "iso": ["BRA", "MEX", "CAN", "COL", "CMR", "GAB", "COG", "KHM", "PER", "COD"], "provider": "mapbox", "userId": "59db4eace9c1380001d6e4c3", "default": true, "protected": true, "published": true, "env": "production", "layerConfig": {"body": {"format": "mapbox", "maxzoom": 19, "minzoom": 2, "options": {"useCors": true}, "subdomains": "abcd", "url": "mapbox://resourcewatch.3259d78x", "vectorLayers": [{"paint": {"fill-color": "#fbb685", "fill-opacity": 0.7}, "source-layer": "mining_v27022019", "type": "fill"}, {"paint": {"line-color": "#fbb685", "line-opacity": 1, "line-width": 1}, "source-layer": "mining_v27022019", "type": "line"}]}, "params_config": [], "service": "mapbox", "type": "vector"}, "legendConfig": {"type": "basic", "items": [{"name": "Mining", "color": "#fbb685"}]}, "interactionConfig": {"output": [{"column": "name", "format": null, "property": "Name", "type": "string"}, {"column": "status", "format": null, "property": "Status", "type": "string"}, {"column": "company", "format": null, "property": "Company", "type": "string"}, {"column": "country", "format": null, "property": "Country", "type": "string"}, {"column": "permit_num", "format": null, "property": "Permit Num", "type": "string"}, {"column": "mineral", "format": null, "property": "Mineral", "type": "string"}, {"column": "type", "format": null, "property": "Type", "type": "string"}, {"column": "province", "format": null, "property": "Province", "type": "string"}, {"column": "area_ha", "format": null, "property": "Area", "suffix": "ha", "type": "number"}, {"column": "cartodb_id", "format": null, "property": "cartodb_id", "type": "number", "hidden": true}, {"column": "the_geom_webmercator", "format": "json", "property": "the_geom", "type": "json", "hidden": true}], "type": "intersection"}, "applicationConfig": {"default": true, "active": true, "global": true, "metadata": "gfw_mining", "analysisEndpoint": "use"}, "staticImageConfig": {}, "updatedAt": "2019-06-10T20:23:48.458Z"}}], "metadata": [{"id": "5b645542c31667001159bafa", "type": "metadata", "attributes": {"dataset": "7a4d9a64-ecb1-45ec-a01e-658f1364fb2e", "application": "gfw", "resource": {"id": "7a4d9a64-ecb1-45ec-a01e-658f1364fb2e", "type": "dataset"}, "language": "en", "info": {"citation": "select countries", "color": "#12724C", "description": "Displays boundaries of areas allocated by governments to companies for extraction of minerals.", "name": "Mining concessions"}, "createdAt": "2018-08-03T13:14:42.658Z", "updatedAt": "2019-06-10T20:26:08.845Z", "status": "published"}}], "vocabulary": [{"id": "7a4d9a64-ecb1-45ec-a01e-658f1364fb2e", "type": "vocabulary", "attributes": {"resource": {"id": "7a4d9a64-ecb1-45ec-a01e-658f1364fb2e", "type": "dataset"}, "tags": ["landUse", "concessions"], "name": "categoryTab", "application": "gfw"}}]}}