{"id": "7cc6ac21-c8ef-4dd8-a181-8967721a15a4", "type": "dataset", "attributes": {"name": "Political boundaries Admin 2 level (GADM 3.6)", "slug": "Political-boundaries-Admin-2-level-GADM-36", "type": "tabular", "subtitle": null, "application": ["gfw", "data4sdgs", "aqueduct", "forest-atlas", "gfw-climate"], "dataPath": null, "attributesPath": null, "connectorType": "rest", "provider": "cartodb", "userId": "57a0aa1071e394dd32ffe137", "connectorUrl": "https://wri-01.carto.com/tables/gadm36_adm2/public", "tableName": "gadm36_adm2", "status": "saved", "published": true, "overwrite": false, "verified": false, "blockchain": {}, "mainDateField": null, "env": "production", "geoInfo": true, "protected": true, "legend": {"date": [], "region": [], "country": [], "nested": []}, "clonedHost": {}, "errorMessage": "", "taskId": null, "updatedAt": "2018-11-21T14:03:02.558Z", "dataLastUpdated": null, "metadata": [], "widget": [], "layer": [], "vocabulary": [], "widgetRelevantProps": [], "layerRelevantProps": ["the_geom", "the_geom_webmercator", "iso", "gid_1", "name_1", "gid_2", "name_2"]}}