{"id": "81469de5-176c-487f-9b1a-7217d61de080", "type": "dataset", "attributes": {"name": "Mexico forest zoning by category", "slug": "Mexico-forest-zoning-by-category", "type": null, "subtitle": null, "application": ["gfw"], "dataPath": null, "attributesPath": null, "connectorType": "rest", "provider": "cartodb", "userId": "59db4eace9c1380001d6e4c3", "connectorUrl": "https://wri-01.carto.com/tables/mex_forest_zoning", "tableName": "mex_forest_zoning", "status": "saved", "published": true, "overwrite": false, "verified": false, "blockchain": {}, "mainDateField": null, "env": "production", "geoInfo": false, "protected": true, "legend": {"date": [], "region": [], "country": [], "nested": []}, "clonedHost": {}, "errorMessage": "", "taskId": null, "updatedAt": "2018-11-21T14:02:36.120Z", "dataLastUpdated": null, "widget": [], "widgetRelevantProps": [], "layerRelevantProps": [], "layer": [{"id": "221d2c6e-120d-4567-808f-de2e82950107", "type": "layer", "attributes": {"name": "Mexico forest zoning by category - 2011", "slug": "Mexico-Forest-Zoning-by-Category", "dataset": "81469de5-176c-487f-9b1a-7217d61de080", "description": "Shows which areas of Mexico have been deemed suitable for conservation, production, and restoration.", "application": ["gfw"], "iso": ["MEX"], "provider": "cartodb", "userId": "59db4eace9c1380001d6e4c3", "default": true, "protected": true, "published": true, "env": "production", "layerConfig": {"account": "wri-01", "body": {"layers": [{"options": {"cartocss": "#mex_forest_zoning[categoria=\"No aplica\"] { polygon-fill: #dfdfe0; } #mex_forest_zoning[categoria=\"Zonas de conservaci\u00f3n y aprovechamiento restringido o prohibido\"] { polygon-fill: #3E7BB6; } #mex_forest_zoning[categoria=\"Zonas de producci\u00f3n\"] { polygon-fill: #bcdd64; } #mex_forest_zoning[categoria=\"Zonas de restauraci\u00f3n\"] { polygon-fill: #A53ED5; }", "cartocss_version": "2.3.0", "sql": "SELECT * FROM mex_forest_zoning"}, "type": "cartodb"}], "maxzoom": 19, "minzoom": 2, "vectorLayers": [{"filter": ["all", ["==", "categoria", "No aplica"]], "paint": {"fill-color": "#dfdfe0"}, "source-layer": "layer0", "type": "fill"}, {"filter": ["all", ["==", "categoria", "Zonas de conservaci\u00f3n y aprovechamiento restringido o prohibido"]], "paint": {"fill-color": "#3E7BB6"}, "source-layer": "layer0", "type": "fill"}, {"filter": ["all", ["==", "categoria", "Zonas de producci\u00f3n"]], "paint": {"fill-color": "#bcdd64"}, "source-layer": "layer0", "type": "fill"}, {"filter": ["all", ["==", "categoria", "Zonas de restauraci\u00f3n"]], "paint": {"fill-color": "#A53ED5"}, "source-layer": "layer0", "type": "fill"}]}}, "legendConfig": {"type": "basic", "items": [{"color": "#dfdfe0", "name": "No aplica"}, {"color": "#3E7BB6", "name": "Zonas de conservaci\u00f3n y aprovechamiento restringido o prohibido"}, {"color": "#bcdd64", "name": "Zonas de producci\u00f3n"}, {"color": "#A53ED5", "name": "Zonas de restauraci\u00f3n"}]}, "interactionConfig": {}, "applicationConfig": {"default": true, "active": true, "global": false, "metadata": "mex_zoning"}, "staticImageConfig": {}, "updatedAt": "2019-03-08T15:43:32.599Z"}}], "metadata": [{"id": "5b645546b6baae001154d1a4", "type": "metadata", "attributes": {"dataset": "81469de5-176c-487f-9b1a-7217d61de080", "application": "gfw", "resource": {"id": "81469de5-176c-487f-9b1a-7217d61de080", "type": "dataset"}, "language": "en", "info": {"name": "Mexico forest zoning by category", "color": "#a0c746", "description": "Shows which areas of Mexico have been deemed suitable for conservation, production, and restoration.", "citation": "2011"}, "createdAt": "2018-08-03T13:14:46.642Z", "updatedAt": "2018-11-06T15:57:56.511Z", "status": "published"}}], "vocabulary": [{"id": "81469de5-176c-487f-9b1a-7217d61de080", "type": "vocabulary", "attributes": {"resource": {"id": "81469de5-176c-487f-9b1a-7217d61de080", "type": "dataset"}, "tags": ["landCover"], "name": "categoryTab", "application": "gfw"}}]}}