{"id": "887a8991-b5d9-421f-9e84-e26d3ed95779", "type": "dataset", "attributes": {"name": "Sabah Logging Concessions", "slug": "Sabah-Logging-Concessions", "type": null, "subtitle": null, "application": ["gfw"], "dataPath": null, "attributesPath": null, "connectorType": "rest", "provider": "cartodb", "userId": "59db4eace9c1380001d6e4c3", "connectorUrl": "https://wri-01.carto.com/tables/mys_logging_sabah", "tableName": "mys_logging_sabah", "status": "saved", "published": true, "overwrite": false, "verified": false, "blockchain": {}, "mainDateField": null, "env": "production", "geoInfo": false, "protected": true, "legend": {"date": [], "region": [], "country": [], "nested": []}, "clonedHost": {}, "errorMessage": "", "taskId": null, "updatedAt": "2018-11-21T14:02:49.788Z", "dataLastUpdated": null, "widget": [], "widgetRelevantProps": [], "layerRelevantProps": [], "layer": [{"id": "61662d11-cc34-48be-a72e-0cbebabac708", "type": "layer", "attributes": {"name": "Sabah logging concessions - 2014", "slug": "Sabah-Logging-Concessions_1", "dataset": "887a8991-b5d9-421f-9e84-e26d3ed95779", "description": "Shows the boundaries of forest management units (FMUs) in the Commercial Forest Reserve in Sabah, Malaysia, and the identities of license holders. Also provides information on the quantity and the source of timber produced in each unit during 2014, and identifies those suppliers which are third-party certified.", "application": ["gfw"], "iso": ["MYS"], "provider": "cartodb", "userId": "59db4eace9c1380001d6e4c3", "default": false, "protected": true, "published": true, "env": "production", "layerConfig": {"body": {"layers": [{"options": {"cartocss_version": "2.3.0", "cartocss": "#mys_logging_sabah{ polygon-fill: #fecc5c; line-color: #B38E3B; line-clip: false; polygon-clip: false; }", "sql": "SELECT cartodb_id, the_geom_webmercator, fmu_number as name, licensee, volume_m3, license_no, timber_src, certif FROM mys_logging_sabah"}, "type": "cartodb"}], "minzoom": 2, "maxzoom": 19, "vectorLayers": [{"type": "fill", "source-layer": "layer0", "paint": {"fill-opacity": "transparent", "fill-color": "#fecc5c"}}, {"type": "line", "source-layer": "layer0", "paint": {"line-opacity": "transparent", "line-color": "#B38E3B", "line-width": 1}}]}, "account": "wri-01"}, "legendConfig": {"type": "basic", "items": [{"color": "#fecc5c", "name": "Sabah logging concessions"}]}, "interactionConfig": {"type": "intersection", "output": [{"column": "name", "property": "Name", "type": "string", "format": null}, {"column": "licensee", "property": "Licensee", "type": "string", "format": null}, {"suffix": "m^3", "column": "volume_m3", "property": "Timber Harvest 2014", "type": "number", "format": "0a"}, {"column": "license_no", "property": "Licence No", "type": "date", "format": "string"}, {"column": "timber_src", "property": "Timber Source", "type": "string", "format": null}, {"column": "cartodb_id", "format": null, "property": "cartodb_id", "type": "number", "hidden": true}, {"column": "the_geom_webmercator", "format": "json", "property": "the_geom", "type": "json", "hidden": true}]}, "applicationConfig": {"default": true, "active": true, "global": false, "metadata": "mys_logging_sabah", "analysisEndpoint": "use"}, "staticImageConfig": {}, "updatedAt": "2019-03-08T13:19:46.665Z"}}], "metadata": [{"id": "5b64554991b07b0012a534dd", "type": "metadata", "attributes": {"dataset": "887a8991-b5d9-421f-9e84-e26d3ed95779", "application": "gfw", "resource": {"id": "887a8991-b5d9-421f-9e84-e26d3ed95779", "type": "dataset"}, "language": "en", "info": {"name": "Sabah logging concessions", "description": "Shows the boundaries of forest management units (FMUs) in the Commercial Forest Reserve in Sabah, Malaysia, and the identities of license holders. Also provides information on the quantity and the source of timber produced in each unit during 2014, and identifies those suppliers which are third-party certified.", "color": "#12724C", "citation": ""}, "createdAt": "2018-08-03T13:14:49.624Z", "updatedAt": "2018-11-06T15:57:59.945Z", "status": "published"}}], "vocabulary": [{"id": "887a8991-b5d9-421f-9e84-e26d3ed95779", "type": "vocabulary", "attributes": {"resource": {"id": "887a8991-b5d9-421f-9e84-e26d3ed95779", "type": "dataset"}, "tags": ["landUse", "concessions"], "name": "categoryTab", "application": "gfw"}}]}}