{"id": "8e76424f-18a8-415c-affd-45e1158e148f", "type": "dataset", "attributes": {"name": "Active clearing alerts (FORMA)", "slug": "Forma-Active-Clearing-Alerts", "type": null, "subtitle": null, "application": ["gfw"], "dataPath": null, "attributesPath": null, "connectorType": "rest", "provider": "cartodb", "userId": "59db4eace9c1380001d6e4c3", "connectorUrl": "https://wri-01.carto.com/tables/forma_activity", "tableName": "forma_activity", "status": "saved", "published": true, "overwrite": false, "verified": false, "blockchain": {}, "mainDateField": null, "env": "production", "geoInfo": false, "protected": true, "legend": {"date": [], "region": [], "country": [], "nested": []}, "clonedHost": {}, "errorMessage": "", "taskId": null, "updatedAt": "2019-06-10T16:59:13.145Z", "dataLastUpdated": null, "widget": [], "widgetRelevantProps": [], "layerRelevantProps": [], "layer": [{"id": "defe5c59-c2ea-4bc6-abc9-cda60f4bab96", "type": "layer", "attributes": {"name": "Active clearing alerts (FORMA)", "slug": "FORMA-Active-Clearing-Alerts", "dataset": "8e76424f-18a8-415c-affd-45e1158e148f", "description": "Detects the most recent clearing activity, regardless of previous alerts.", "application": ["gfw"], "iso": [], "provider": "cartodb", "userId": "59db4eace9c1380001d6e4c3", "default": false, "protected": true, "published": true, "env": "production", "layerConfig": {"account": "wri-01", "body": {"layers": [{"options": {"cartocss": "#forma_activity { marker-fill: #e9bd15; marker-width: 1.5; marker-line-color: #FFF; marker-line-width: 1; marker-line-opacity: 1; marker-opacity: 0.8; marker-comp-op: darken; marker-type: ellipse; marker-placement: point; marker-allow-overlap: true; marker-clip: false; marker-multi-policy: largest; } #forma_activity[zoom>6]{ marker-width: 3; } #forma_activity[zoom>8]{ marker-width: 6; } #forma_activity[zoom>11]{ marker-width: 13; } #forma_activity[zoom>12]{ marker-width: 25; } #forma_activity[zoom>13]{ marker-width: 50; } #forma_activity[zoom>14]{ marker-width: 100; } #forma_activity[zoom>15]{ marker-width: 200; } #forma_activity[zoom>16]{ marker-width: 400; } #forma_activity[zoom>17]{ marker-width: 800; }", "cartocss_version": "2.3.0", "sql": "SELECT cartodb_id, longitude, latitude, activity, the_geom_webmercator, COALESCE(to_char(acq_date, 'DD Mon, YYYY')) as acq_date FROM forma_activity WHERE acq_date >= (CURRENT_DATE - interval '{{number_of_days}} day')"}, "type": "cartodb"}], "maxzoom": 19, "minzoom": 2, "vectorLayers": [{"paint": {"circle-color": "#e9bd15", "circle-opacity": 0.8, "circle-radius": 1.5}, "source-layer": "layer0", "type": "circle"}]}, "params_config": [{"default": 30, "key": "number_of_days", "options": [{"label": "Past 48 hours", "value": 2}, {"label": "Past week", "value": 7}, {"label": "Past 3 months", "value": 90}], "required": true}]}, "legendConfig": {"type": "basic", "items": [{"color": "#e9bd15", "name": "Forma active clearing alerts"}]}, "interactionConfig": {"output": [{"type": "number", "property": "Latitude", "prefix": "", "format": null, "column": "latitude"}, {"type": "number", "property": "Longitude", "prefix": "", "format": null, "column": "longitude"}, {"type": "date", "property": "Acquire Date", "format": "YYY-MM-DD", "column": "acq_date"}, {"column": "cartodb_id", "format": null, "property": "cartodb_id", "type": "number", "hidden": true}, {"column": "the_geom_webmercator", "format": "json", "property": "the_geom", "type": "json", "hidden": true}]}, "applicationConfig": {"active": true, "default": true, "global": true, "metadata": "forma_250_active_clearing_alerts"}, "staticImageConfig": {}, "updatedAt": "2019-06-10T17:00:03.505Z"}}, {"id": "455a7f25-e5a5-4230-9265-d2986c6808a9", "type": "layer", "attributes": {"name": "Geographic coverage", "slug": "Geographic-Coverage_3", "dataset": "8e76424f-18a8-415c-affd-45e1158e148f", "description": "Geographic Coverage for FORMA Active Clearing Alerts layer.", "application": ["gfw"], "iso": [], "provider": "cartodb", "userId": "59db4eace9c1380001d6e4c3", "default": false, "protected": true, "published": true, "env": "production", "layerConfig": {"account": "wri-01", "body": {"layers": [{"options": {"cartocss": "#forma_coverage{ polygon-fill: #f69; polygon-opacity: 0.3; line-width: 1; line-color: #FFF; line-opacity: 0; }", "cartocss_version": "2.3.0", "sql": "SELECT * FROM forma_coverage"}, "type": "cartodb"}], "maxzoom": 19, "minzoom": 2, "vectorLayers": [{"paint": {"fill-color": "#f69", "fill-opacity": 0.3}, "source-layer": "layer0", "type": "fill"}, {"paint": {"line-color": "#FFF", "line-opacity": 0, "line-width": 1}, "source-layer": "layer0", "type": "line"}]}}, "legendConfig": {"type": "basic", "items": [{"color": "#f69", "name": "Geographic coverage"}]}, "interactionConfig": {}, "applicationConfig": {"default": false, "active": true, "global": true, "analysisConfig": [{"key": "value", "service": "forma-alerts", "type": "geostore", "unit": "counts"}, {"key": "value", "service": "forma-alerts", "type": "admin", "unit": "counts"}]}, "staticImageConfig": {}, "updatedAt": "2019-03-11T14:11:48.884Z"}}], "metadata": [{"id": "5b64554e6ec14b00117e29a6", "type": "metadata", "attributes": {"dataset": "8e76424f-18a8-415c-affd-45e1158e148f", "application": "gfw", "resource": {"id": "8e76424f-18a8-415c-affd-45e1158e148f", "type": "dataset"}, "language": "en", "info": {"citation": "daily, 250m, tropics, WRI/Google", "color": "#DA6899", "description": "Detects the most recent clearing activity, regardless of previous alerts.", "isMultiLayer": true, "name": "Active clearing alerts (FORMA)"}, "createdAt": "2018-08-03T13:14:54.045Z", "updatedAt": "2019-06-10T16:48:37.911Z", "status": "published"}}], "vocabulary": [{"id": "8e76424f-18a8-415c-affd-45e1158e148f", "type": "vocabulary", "attributes": {"resource": {"id": "8e76424f-18a8-415c-affd-45e1158e148f", "type": "dataset"}, "tags": ["forestChange", "deforestationAlerts"], "name": "categoryTab", "application": "gfw"}}]}}