{"id": "916022a9-2802-4cc6-a0f2-a77f81dd0c09", "type": "dataset", "attributes": {"name": "Global Forest Watch - Home page news", "slug": "Global-Forest-Watch-Home-page-news", "type": null, "subtitle": null, "application": ["gfw"], "dataPath": null, "attributesPath": null, "connectorType": "rest", "provider": "cartodb", "userId": "582c2a989f565035b4745883", "connectorUrl": "https://wri-01.carto.com/tables/gfw_home_news/public", "tableName": "gfw_home_news", "status": "saved", "published": true, "overwrite": false, "verified": false, "blockchain": {}, "mainDateField": null, "env": "production", "geoInfo": false, "protected": true, "legend": {"date": [], "region": [], "country": [], "nested": []}, "clonedHost": {}, "errorMessage": "", "taskId": null, "updatedAt": "2018-11-21T13:54:57.309Z", "dataLastUpdated": null, "metadata": [], "widget": [], "layer": [], "vocabulary": [], "widgetRelevantProps": [], "layerRelevantProps": []}}