{"id": "936b191c-8119-4752-8472-c918b9638241", "type": "dataset", "attributes": {"name": "Liberia Development Exploration License", "slug": "Liberia-Development-Exploration-License", "type": null, "subtitle": null, "application": ["gfw"], "dataPath": null, "attributesPath": null, "connectorType": "rest", "provider": "cartodb", "userId": "59db4eace9c1380001d6e4c3", "connectorUrl": "https://wri-01.carto.com/tables/lbr_development_exploration_license", "tableName": "lbr_development_exploration_license", "status": "saved", "published": true, "overwrite": false, "verified": false, "blockchain": {}, "mainDateField": null, "env": "production", "geoInfo": false, "protected": true, "legend": {"date": [], "region": [], "country": [], "nested": []}, "clonedHost": {}, "errorMessage": "", "taskId": null, "updatedAt": "2018-11-21T14:02:34.816Z", "dataLastUpdated": null, "widget": [], "widgetRelevantProps": [], "layerRelevantProps": [], "layer": [{"id": "d471ff15-7cbf-466f-9953-fdb436da778d", "type": "layer", "attributes": {"name": "Liberia mineral development exploration license", "slug": "Liberia-Mineral-Development-Exploration-License", "dataset": "936b191c-8119-4752-8472-c918b9638241", "description": "The Development Exploration Licenses data set was compiled by AidData who collected information from the Liberia National Concessions Portal and the Liberia Mining Cadastre Administration System.", "application": ["gfw"], "iso": ["LBR"], "provider": "cartodb", "userId": "59db4eace9c1380001d6e4c3", "default": true, "protected": true, "published": true, "env": "production", "layerConfig": {"body": {"layers": [{"options": {"cartocss_version": "2.3.0", "cartocss": "#lbr_development_exploration_license{ polygon-fill: #b15928; line-color: #b15928; line-clip: false; polygon-clip: false; }", "sql": "SELECT cartodb_id, the_geom_webmercator, title as name, hectares::numeric as area_ha, datesign, source, resources, contractsi, duration, contractst, agency, pcompcount, pcompany, company FROM lbr_development_exploration_license"}, "type": "cartodb"}], "minzoom": 2, "maxzoom": 19, "vectorLayers": [{"type": "fill", "source-layer": "layer0", "paint": {"fill-opacity": "transparent", "fill-color": "#b15928"}}, {"type": "line", "source-layer": "layer0", "paint": {"line-opacity": "transparent", "line-color": "#b15928", "line-width": 1}}]}, "account": "wri-01"}, "legendConfig": {"type": "basic", "items": [{"color": "#b15928", "name": "Liberia mineral development exploration license"}]}, "interactionConfig": {}, "applicationConfig": {"default": true, "active": true, "global": false, "metadata": "lbr_development_exploration_license"}, "staticImageConfig": {}, "updatedAt": "2019-03-08T13:19:31.651Z"}}], "metadata": [{"id": "5b645546b6baae001154d1a3", "type": "metadata", "attributes": {"dataset": "936b191c-8119-4752-8472-c918b9638241", "application": "gfw", "resource": {"id": "936b191c-8119-4752-8472-c918b9638241", "type": "dataset"}, "language": "en", "info": {"name": "Liberia development exploration license", "description": "", "color": "#12724C", "citation": ""}, "createdAt": "2018-08-03T13:14:46.179Z", "updatedAt": "2018-11-06T15:57:55.835Z", "status": "published"}}], "vocabulary": [{"id": "936b191c-8119-4752-8472-c918b9638241", "type": "vocabulary", "attributes": {"resource": {"id": "936b191c-8119-4752-8472-c918b9638241", "type": "dataset"}, "tags": ["landUse", "concessions"], "name": "categoryTab", "application": "gfw"}}]}}