{"id": "97546f05-3dce-4dd0-9abf-80fd1bff9cee", "type": "dataset", "attributes": {"name": "Tree cover loss 2018 - GADMv3.6 ISO summary - v20190423", "slug": "Tree-cover-loss-2018-GADMv36-ISO-summary-v20190423", "type": null, "subtitle": null, "application": ["gfw"], "dataPath": null, "attributesPath": null, "connectorType": "document", "provider": "json", "userId": "58750a56dfc643722bdd02ab", "connectorUrl": "https://gfw-files.s3.amazonaws.com/2018_update/results/tcl2018_iso_summary_schema_reduced.json", "tableName": "index_97546f053dce4dd09abf80fd1bff9cee_1556254763685", "status": "saved", "published": true, "overwrite": true, "verified": false, "blockchain": {}, "mainDateField": null, "env": "production", "geoInfo": false, "protected": false, "legend": {"date": [], "region": [], "country": [], "nested": ["year_data"]}, "clonedHost": {}, "errorMessage": "", "taskId": "/v1/doc-importer/task/b908c2b9-4426-43e7-9c7e-0125bfea6347", "updatedAt": "2019-04-26T19:05:14.067Z", "dataLastUpdated": null, "metadata": [], "widget": [], "layer": [], "vocabulary": [], "widgetRelevantProps": [], "layerRelevantProps": []}}