{"id": "9cd1da2d-ab39-4fd9-9487-beea1d56dbac", "type": "dataset", "attributes": {"name": "Forma Activity", "slug": "Forma-Activity", "type": null, "subtitle": null, "application": ["gfw"], "dataPath": null, "attributesPath": null, "connectorType": "rest", "provider": "cartodb", "userId": "5820ad9469a0287982f4cd18", "connectorUrl": "https://wri-01.cartodb.com/api/v2/sql?q=select%20*%20FROM%20forma_activity", "tableName": "forma_activity", "status": "saved", "published": true, "overwrite": false, "verified": false, "blockchain": {}, "mainDateField": null, "env": "production", "geoInfo": false, "protected": true, "legend": {"date": [], "region": [], "country": [], "nested": []}, "clonedHost": {}, "errorMessage": null, "taskId": null, "updatedAt": "2018-11-21T13:54:57.511Z", "dataLastUpdated": null, "metadata": [], "widget": [], "layer": [], "widgetRelevantProps": [], "layerRelevantProps": [], "vocabulary": [{"id": "9cd1da2d-ab39-4fd9-9487-beea1d56dbac", "type": "vocabulary", "attributes": {"resource": {"id": "9cd1da2d-ab39-4fd9-9487-beea1d56dbac", "type": "dataset"}, "tags": ["forestChange", "deforestationAlerts"], "name": "categoryTab", "application": "gfw"}}]}}