{"id": "a4e9c32d-d037-4c50-a893-967cad193537", "type": "dataset", "attributes": {"name": "Population Density", "slug": "Population-Density_1", "type": null, "subtitle": null, "application": ["gfw"], "dataPath": null, "attributesPath": null, "connectorType": "rest", "provider": "gee", "userId": "57a0aa1071e394dd32ffe137", "connectorUrl": null, "tableName": "CIESIN/GPWv4/population-density/2015", "status": "saved", "published": true, "overwrite": false, "verified": false, "blockchain": {}, "mainDateField": null, "env": "production", "geoInfo": false, "protected": false, "legend": {"date": [], "region": [], "country": [], "nested": []}, "clonedHost": {}, "errorMessage": "", "taskId": null, "updatedAt": "2019-03-08T18:24:06.420Z", "dataLastUpdated": null, "metadata": [], "widget": [], "widgetRelevantProps": [], "layerRelevantProps": [], "layer": [{"id": "792d74a2-5775-46ed-9ccd-1c14372ac9d4", "type": "layer", "attributes": {"name": "Population Density", "slug": "Population-Density_2", "dataset": "a4e9c32d-d037-4c50-a893-967cad193537", "description": "JRC Global Human Settlement Layers V1: 2015 Population on a 250m grid.", "application": ["gfw"], "iso": [], "provider": "gee", "userId": "57a0aa1071e394dd32ffe137", "default": false, "protected": false, "published": true, "env": "production", "layerConfig": {"assetId": "JRC/GHSL/P2016/POP_GPW_GLOBE_V1/2015", "body": {"maxNativeZoom": 13, "maxzoom": 19, "minNativeZoom": 3, "minzoom": 2, "sldValue": "<RasterSymbolizer> + <ColorMap  type=\"interval\" extended=\"false\" >  '<ColorMapEntry color=\"#000003\" quantity=\"0.06\" opacity=\"0\"/>' +   '<ColorMapEntry color=\"#32095D\" quantity=\"1.25\" />' +  '<ColorMapEntry color=\"#781C6D\" quantity=\"6.25\"  />' +   '<ColorMapEntry color=\"#BA3655\" quantity=\"62.5\" />' +   '<ColorMapEntry color=\"#ED6825\" quantity=\"312.5\"  />' +   '<ColorMapEntry color=\"#FBB318\" quantity=\"625\"  />' +   '<ColorMapEntry color=\"#FCFEA4\" quantity=\"158623\"  />' + </ColorMap></RasterSymbolizer>", "styleType": "sld"}, "isImageCollection": false, "params_config": [], "type": "tileLayer"}, "legendConfig": {"items": [{"color": "#32095D", "name": "\u226425"}, {"color": "#781C6D", "name": "\u2264100"}, {"color": "#BA3655", "name": "\u22641k"}, {"color": "#ED6825", "name": "\u22645k"}, {"color": "#FBB318", "name": "\u226410k"}, {"color": "#FCFEA4", "name": ">10k"}], "type": "choropleth"}, "interactionConfig": {}, "applicationConfig": {"active": true, "analysisConfig": [{"keys": [{"key": "totalPopulation", "title": "Total population", "unit": "people"}, {"key": "populationDensity", "title": "Population density", "unit": "people Ha\u207b\u00b9"}], "service": "population", "type": "geostore", "version": "v1"}, {"keys": [{"key": "totalPopulation", "title": "Total population", "unit": "people"}, {"key": "populationDensity", "title": "Population density", "unit": "people Ha\u207b\u00b9"}], "service": "population", "type": "admin", "version": "v1"}], "default": true, "global": true, "metadata": "global_population_jrc"}, "staticImageConfig": {}, "updatedAt": "2019-06-13T17:01:05.632Z"}}], "vocabulary": [{"id": "a4e9c32d-d037-4c50-a893-967cad193537", "type": "vocabulary", "attributes": {"resource": {"id": "a4e9c32d-d037-4c50-a893-967cad193537", "type": "dataset"}, "tags": ["landUse", "people"], "name": "categoryTab", "application": "gfw"}}]}}