{"id": "a684a9bb-63f2-4bea-bf62-fd5e80d23d75", "type": "dataset", "attributes": {"name": "2016 Biodiversity hot spots", "slug": "bio002-Biodiversity-hot-spots_1", "type": "tabular", "subtitle": null, "application": ["gfw"], "dataPath": null, "attributesPath": null, "connectorType": "rest", "provider": "cartodb", "userId": "59db4eace9c1380001d6e4c3", "connectorUrl": "https://wri-01.carto.com/tables/biodiversity_hotspots", "tableName": "biodiversity_hotspots", "status": "saved", "published": true, "overwrite": false, "verified": false, "blockchain": {}, "mainDateField": null, "env": "production", "geoInfo": false, "protected": true, "legend": {"date": [], "region": [], "country": [], "nested": []}, "clonedHost": {}, "errorMessage": "", "taskId": null, "updatedAt": "2018-11-21T14:04:19.072Z", "dataLastUpdated": null, "widget": [], "widgetRelevantProps": [], "layerRelevantProps": [], "layer": [{"id": "dfd9deb6-8d39-4640-8571-4389d5d8898a", "type": "layer", "attributes": {"name": "Biodiversity hot spots - 2016", "slug": "2016-Biodiversity-Hotspots_2", "dataset": "a684a9bb-63f2-4bea-bf62-fd5e80d23d75", "description": "Location and extent of the 35 biodiversity hotspots (highly threatened biogeographic regions with high-biodiversity endemism) in 2016.", "application": ["gfw"], "iso": [], "provider": "cartodb", "userId": "59db4eace9c1380001d6e4c3", "default": false, "protected": true, "published": true, "env": "production", "layerConfig": {"body": {"layers": [{"options": {"cartocss_version": "2.3.0", "cartocss": "#biodiversity_hotspots { polygon-fill: #c51b8a;  polygon-opacity: 0.5;   line-color: #FFF;   line-width: 0.5;   line-opacity: 1;}", "sql": "SELECT * FROM biodiversity_hotspots"}, "type": "cartodb"}], "minzoom": 2, "maxzoom": 19, "vectorLayers": [{"type": "fill", "source-layer": "layer0", "paint": {"fill-opacity": 0.5, "fill-color": "#c51b8a"}}, {"type": "line", "source-layer": "layer0", "paint": {"line-opacity": 1, "line-color": "#FFF", "line-width": 0.5}}]}, "account": "wri-01"}, "legendConfig": {"items": [{"color": "#c51b8a", "name": "Hot spot"}], "type": "basic"}, "interactionConfig": {"output": [{"type": "string", "suffix": "", "property": "Hotspot", "prefix": "", "format": null, "column": "name"}, {"type": "string", "suffix": "", "property": "Description", "prefix": "", "format": null, "column": "descriptio"}, {"column": "cartodb_id", "format": null, "property": "cartodb_id", "type": "number", "hidden": true}, {"column": "the_geom_webmercator", "format": "json", "property": "the_geom", "type": "json", "hidden": true}]}, "applicationConfig": {"metadata": "biodiversity_hotspots", "global": true, "active": true, "default": true, "analysisEndpoint": "use"}, "staticImageConfig": {}, "updatedAt": "2019-03-08T13:20:00.296Z"}}], "metadata": [{"id": "5b6d6fc8b4662b0011532c26", "type": "metadata", "attributes": {"dataset": "a684a9bb-63f2-4bea-bf62-fd5e80d23d75", "application": "gfw", "resource": {"id": "a684a9bb-63f2-4bea-bf62-fd5e80d23d75", "type": "dataset"}, "language": "en", "info": {"citation": "Conservation International", "color": "#A878F3", "description": "Displays Conservation International\u2019s biodiversity hotspots\u2014defined regions around the world where biodiversity conservation is most urgent because of high levels of endemism and human threat.", "name": "Biodiversity Hotspots"}, "createdAt": "2018-08-10T10:58:16.468Z", "updatedAt": "2019-03-27T09:40:14.041Z", "status": "published"}}], "vocabulary": [{"id": "a684a9bb-63f2-4bea-bf62-fd5e80d23d75", "type": "vocabulary", "attributes": {"resource": {"id": "a684a9bb-63f2-4bea-bf62-fd5e80d23d75", "type": "dataset"}, "tags": ["biodiversity", "biodiversity"], "name": "categoryTab", "application": "gfw"}}]}}