{"id": "a705fce9-601c-455c-b97b-6237da5cedba", "type": "dataset", "attributes": {"name": "AGB Gains", "slug": "AGB-Gains", "type": "raster", "subtitle": null, "application": ["gfw"], "dataPath": null, "attributesPath": null, "connectorType": "rest", "provider": "gee", "userId": "5936af3802d342203186ab99", "connectorUrl": null, "tableName": "projects/wri-datalab/Gain_carbon_test", "status": "saved", "published": false, "overwrite": false, "verified": false, "blockchain": {}, "mainDateField": null, "env": "production", "geoInfo": false, "protected": true, "legend": {"date": [], "region": [], "country": [], "nested": []}, "clonedHost": {}, "errorMessage": "", "taskId": null, "updatedAt": "2018-11-21T13:55:02.782Z", "dataLastUpdated": null, "metadata": [], "widgetRelevantProps": [], "layerRelevantProps": [], "layer": [{"id": "850a3a04-d32d-41e6-bf8a-3a19ce612fb9", "type": "layer", "attributes": {"name": "test_1 2018", "slug": "test_1-2018", "dataset": "a705fce9-601c-455c-b97b-6237da5cedba", "application": ["gfw"], "iso": [], "provider": "gee", "userId": "57a0aa1071e394dd32ffe137", "default": false, "protected": false, "published": true, "env": "production", "layerConfig": {"filterDates": ["2008-01-01", "2019-01-01"], "order": 2018, "isImageCollection": true, "position": "last", "provider": "gee", "assetId": "projects/wri-datalab/Gain_carbon_test", "body": {"styleType": "sld", "sldValue": "<RasterSymbolizer><ColorMap extended=\"false\" type=\"ramp\"><ColorMapEntry color=\"#000000\" label=\"None\" opacity=\"0\" quantity=\"1\" /><ColorMapEntry color=\"#f0f9e8\" label=\"&#8804;5\" quantity=\"500\" /><ColorMapEntry color=\"#bae4bc\" label=\"&#8804;10\" quantity=\"1000\" /><ColorMapEntry color=\"#7bccc4\" label=\"&#8804;15\" quantity=\"1500\" /><ColorMapEntry color=\"#43a2ca\" label=\"&#8804;20\" quantity=\"3000\" /></ColorMap></RasterSymbolizer>"}}, "legendConfig": {}, "interactionConfig": {}, "applicationConfig": {}, "staticImageConfig": {}, "updatedAt": "2019-05-27T10:24:22.364Z"}}], "vocabulary": [{"id": "a705fce9-601c-455c-b97b-6237da5cedba", "type": "vocabulary", "attributes": {"resource": {"id": "a705fce9-601c-455c-b97b-6237da5cedba", "type": "dataset"}, "tags": ["climate", "carbonGains"], "name": "categoryTab", "application": "gfw"}}], "widget": [{"id": null, "type": "widget", "attributes": {"id": "dffa73de-7e21-4859-82ff-f52db5493893", "type": "widget", "attributes": {"name": "very fast", "dataset": "a705fce9-601c-455c-b97b-6237da5cedba", "slug": "very-fast", "userId": "57e28e1da80b71481a81b6f2", "description": "wow\nmuch speed", "application": ["forest-atlas"], "verified": false, "default": false, "protected": false, "defaultEditableWidget": false, "published": false, "freeze": false, "env": "production", "widgetConfig": {"paramsConfig": {"layer": "widget-editor-layer-1527246978116", "band": null, "areaIntersection": null, "filters": [], "chartType": null, "aggregateFunction": null, "orderBy": null, "size": null, "color": null, "category": null, "value": null, "limit": 50, "visualizationType": "map"}, "basemapLayers": {"boundaries": false, "labels": null, "basemap": "dark"}, "lng": 0, "lat": 0, "zoom": 3, "layer_id": "widget-editor-layer-1527246978116", "type": "map"}, "template": false, "createdAt": "2018-05-25T11:16:36.929Z", "updatedAt": "2018-05-25T11:16:36.929Z"}}}, {"id": null, "type": "widget", "attributes": {"id": "fbb68682-ba86-4dbc-9023-8860f0601c05", "type": "widget", "attributes": {"name": "testt", "dataset": "a705fce9-601c-455c-b97b-6237da5cedba", "slug": "testt", "userId": "57e28e1da80b71481a81b6f2", "description": "testtt", "application": ["forest-atlas"], "verified": false, "default": false, "protected": false, "defaultEditableWidget": false, "published": false, "freeze": false, "env": "production", "widgetConfig": {"paramsConfig": {"layer": "09ee3e47-95d5-4057-8727-8265bb5e8e55", "band": null, "areaIntersection": null, "filters": [], "chartType": null, "aggregateFunction": null, "orderBy": null, "size": null, "color": null, "category": null, "value": null, "limit": 50, "visualizationType": "map"}, "basemapLayers": {"boundaries": false, "labels": null, "basemap": "dark"}, "lng": 0, "lat": 0, "zoom": 3, "layer_id": "09ee3e47-95d5-4057-8727-8265bb5e8e55", "type": "map"}, "template": false, "createdAt": "2018-05-28T09:07:45.425Z", "updatedAt": "2018-05-28T09:07:45.425Z"}}}]}}