{"id": "acee82c1-e621-4ba6-8e37-0e7075aa73ff", "type": "dataset", "attributes": {"name": "Global Forest Watch - Countries config", "slug": "Global-Forest-Watch-Countries-config-1490086842549", "type": null, "subtitle": null, "application": ["gfw"], "dataPath": null, "attributesPath": null, "connectorType": "rest", "provider": "cartodb", "userId": "582c2a989f565035b4745883", "connectorUrl": "https://wri-01.carto.com/tables/gfw_countries_config/public", "tableName": "gfw_countries_config", "status": "saved", "published": true, "overwrite": false, "verified": false, "blockchain": {}, "mainDateField": null, "env": "production", "geoInfo": false, "protected": true, "legend": {"date": [], "region": [], "country": [], "nested": []}, "clonedHost": {}, "errorMessage": null, "taskId": null, "updatedAt": "2018-11-21T13:54:57.680Z", "dataLastUpdated": null, "metadata": [], "widget": [], "layer": [], "vocabulary": [], "widgetRelevantProps": [], "layerRelevantProps": []}}