{"id": "b3d076cc-b150-4ccb-a93e-eca05d9ac2bf", "type": "dataset", "attributes": {"name": "soc.064.02 Political Boundaries (Second Subnational Level)", "slug": "Politcial-Boundaries-GADM-adminitrative-level-2-1490086842547", "type": "tabular", "subtitle": "GADM", "application": ["aqueduct", "gfw", "forest-atlas", "data4sdgs", "gfw-climate"], "dataPath": null, "attributesPath": null, "connectorType": "rest", "provider": "cartodb", "userId": "57a0aa1071e394dd32ffe137", "connectorUrl": "https://wri-01.carto.com/tables/gadm28_adm2/public", "tableName": "gadm28_adm2", "status": "saved", "published": true, "overwrite": false, "verified": false, "blockchain": {}, "mainDateField": null, "env": "production", "geoInfo": true, "protected": true, "legend": {"date": [], "region": [], "country": [], "nested": []}, "clonedHost": {}, "errorMessage": null, "taskId": null, "updatedAt": "2018-11-21T13:54:57.848Z", "dataLastUpdated": null, "widgetRelevantProps": [], "layerRelevantProps": ["the_geom", "the_geom_webmercator"], "layer": [{"id": "fb612579-299a-43b6-a685-47ced5514a79", "type": "layer", "attributes": {"name": "Subnational Political Boundaries", "slug": "gadmn-administrative-boundaries-level-2", "dataset": "b3d076cc-b150-4ccb-a93e-eca05d9ac2bf", "application": ["rw"], "iso": [], "provider": "cartodb", "userId": "58333dcfd9f39b189ca44c75", "default": true, "protected": false, "published": true, "env": "production", "layerConfig": {"account": "wri-01", "body": {"maxzoom": 18, "minzoom": 3, "layers": [{"type": "cartodb", "options": {"sql": "SELECT * FROM gadm28_adm2", "cartocss": "#gadm28_adm2{polygon-fill: #5CA2D1; polygon-opacity: 0.5; line-color: #FFF; line-width: 0.5; line-opacity: 0.5; }", "cartocss_version": "2.3.0"}}]}}, "legendConfig": {"type": "basic", "items": [{"name": "Administrative boundaries", "color": "#5CA2D1"}]}, "interactionConfig": {}, "applicationConfig": {}, "staticImageConfig": {}, "updatedAt": "2017-10-13T15:52:39.312Z"}}], "metadata": [{"id": "59d7cac1331a2f00111422e8", "type": "metadata", "attributes": {"dataset": "b3d076cc-b150-4ccb-a93e-eca05d9ac2bf", "application": "rw", "resource": {"id": "b3d076cc-b150-4ccb-a93e-eca05d9ac2bf", "type": "dataset"}, "language": "en", "name": "Political Boundaries (Second Subnational Level)", "source": "GADM", "info": {"data_download_original_link": "http://www.gadm.org/version2", "data_download_link": "https://wri-public-data.s3.amazonaws.com/resourcewatch/soc_064_global_administrative_areas.zip", "technical_title": "Political Boundaries, Administrative Level 2", "name": "Political Boundaries (Second Subnational Level)", "wri_rw_id": "soc.064.02"}, "createdAt": "2017-10-06T18:26:09.988Z", "updatedAt": "2017-10-11T15:59:50.151Z", "status": "published"}}], "vocabulary": [{"id": "b3d076cc-b150-4ccb-a93e-eca05d9ac2bf", "type": "vocabulary", "attributes": {"resource": {"id": "b3d076cc-b150-4ccb-a93e-eca05d9ac2bf", "type": "dataset"}, "tags": ["vector", "geospatial", "global", "country"], "name": "knowledge_graph", "application": "rw"}}], "widget": [{"id": null, "type": "widget", "attributes": {"id": "5fbe0565-d55e-497f-a4a1-e9f0ef2a40b6", "type": "widget", "attributes": {"name": "Top 10 Boundary Lengths", "dataset": "b3d076cc-b150-4ccb-a93e-eca05d9ac2bf", "slug": "Top-10-Boundary-Lengths", "userId": "59db4eace9c1380001d6e4c3", "description": "", "source": "", "authors": "", "application": ["rw"], "verified": false, "default": true, "protected": false, "defaultEditableWidget": true, "published": true, "freeze": false, "env": "production", "queryUrl": "", "widgetConfig": {"paramsConfig": {"visualizationType": "chart", "caption": null, "limit": 10, "value": {"tableName": "gadm28_adm2", "datasetID": "b3d076cc-b150-4ccb-a93e-eca05d9ac2bf", "type": "number", "name": "shape_leng"}, "category": {"tableName": "gadm28_adm2", "datasetID": "b3d076cc-b150-4ccb-a93e-eca05d9ac2bf", "type": "string", "name": "name_2"}, "color": null, "size": null, "orderBy": {"orderType": "desc", "type": "number", "name": "shape_leng"}, "aggregateFunction": null, "chartType": "bar", "filters": [], "areaIntersection": null, "band": null, "layer": null}, "data": [{"name": "table", "url": "https://api.resourcewatch.org/v1/query/b3d076cc-b150-4ccb-a93e-eca05d9ac2bf?sql=SELECT name_2 as x, shape_leng as y FROM gadm28_adm2   ORDER BY shape_leng desc LIMIT 10", "format": {"type": "json", "property": "data"}}, {"name": "stats", "source": "table", "transform": [{"type": "aggregate", "fields": ["x"], "ops": ["distinct"], "as": ["value"]}, {"type": "extent", "field": "value", "signal": "extent"}]}], "scales": [{"name": "x", "type": "band", "range": "width", "padding": 0.05, "domain": {"data": "table", "field": "x"}}, {"name": "y", "type": "linear", "range": "height", "nice": true, "zero": true, "domain": {"data": "table", "field": "y"}}], "axes": [{"orient": "bottom", "scale": "x", "labelOverlap": "parity", "ticks": false, "encode": {"labels": {"update": {"align": {"signal": "width < 300 || extent[1] > 10 ? 'right' : 'center'"}, "baseline": {"signal": "width < 300 || extent[1] > 10 ? 'middle' : 'top'"}, "angle": {"signal": "width < 300 || extent[1] > 10 ? -90 :0 "}}}}}, {"orient": "left", "scale": "y", "labelOverlap": "parity", "encode": {"labels": {"update": {"align": {"value": "right"}, "baseline": {"value": "bottom"}}}}}], "marks": [{"type": "rect", "from": {"data": "table"}, "encode": {"update": {"opacity": {"value": 1}, "x": {"scale": "x", "field": "x"}, "width": {"scale": "x", "band": 1}, "y": {"scale": "y", "field": "y"}, "y2": {"scale": "y", "value": 0}}, "hover": {"opacity": {"value": 0.8}}}}], "interaction_config": [{"name": "tooltip", "config": {"fields": [{"column": "y", "property": "Shape_leng", "type": "number", "format": ".2s"}, {"column": "x", "property": "Name_2", "type": "string", "format": ".2f"}]}}]}, "template": false, "createdAt": "2017-10-11T11:51:25.765Z", "updatedAt": "2017-10-11T11:51:25.765Z"}}}]}}