{"id": "bb1dced4-3ae8-4908-9f36-6514ae69713f", "type": "dataset", "attributes": {"name": "Tree plantations", "slug": "Plantations-vector-TEST", "type": null, "subtitle": null, "application": ["gfw"], "dataPath": null, "attributesPath": null, "connectorType": "rest", "provider": "gee", "userId": "59db4eace9c1380001d6e4c3", "connectorUrl": null, "tableName": "plantations", "status": "failed", "published": true, "overwrite": false, "verified": false, "blockchain": {}, "mainDateField": null, "env": "production", "geoInfo": false, "protected": false, "legend": {"date": [], "region": [], "country": [], "nested": []}, "clonedHost": {}, "errorMessage": null, "taskId": null, "updatedAt": "2019-06-10T18:30:28.375Z", "dataLastUpdated": null, "widget": [], "widgetRelevantProps": [], "layerRelevantProps": [], "layer": [{"id": "b8fb6cc8-6893-4ae0-8499-1ca9f1ababf4", "type": "layer", "attributes": {"name": "Tree plantations", "slug": "Plantations-vector-MAPBOX", "dataset": "bb1dced4-3ae8-4908-9f36-6514ae69713f", "description": "Plantation vectors", "application": ["gfw"], "iso": [], "provider": "mapbox", "userId": "59db4eace9c1380001d6e4c3", "default": true, "protected": false, "published": true, "env": "production", "layerConfig": {"body": {"format": "mapbox", "maxzoom": 12, "minzoom": 2, "options": {"useCors": true}, "url": "mapbox://resourcewatch.14e4gdsu", "vectorLayers": [{"paint": {"fill-color": {"default": "#a0c746", "property": "species_simp", "stops": [["Oil Palm ", "#fdada9"], ["Wood fiber / timber", "#98a7c4"], ["Rubber", "#9993a3"], ["Fruit", "#dada95"], ["Other", "#d1e6ab"], ["Wood fiber / timber Mix", "#9ebbf2"], ["Oil Palm Mix", "#fcc4c1"], ["Rubber Mix", "#a4fdff"], ["Fruit Mix", "#fefe97"], ["Other Mix", "#e1efc8"], ["Unknown", "#dcd9d9"], ["Recently cleared", "#d5a6ea"]], "type": "categorical"}}, "source-layer": "outnew", "type": "fill"}]}, "service": "mapbox", "type": "vector"}, "legendConfig": {"items": [{"color": "#fdada9", "name": "Oil Palm"}, {"color": "#98a7c4", "name": "Wood fiber / timber"}, {"color": "#9993a3", "name": "Rubber"}, {"color": "#dada95", "name": "Fruit"}, {"color": "#d1e6ab", "name": "Other"}, {"color": "#9ebbf2", "name": "Wood fiber / timber Mix"}, {"color": "#fcc4c1", "name": "Oil Palm Mix"}, {"color": "#a4fdff", "name": "Rubber Mix"}, {"color": "#fefe97", "name": "Fruit Mix"}, {"color": "#e1efc8", "name": "Other Mix"}, {"color": "#dcd9d9", "name": "Unknown"}, {"color": "#d5a6ea", "name": "Recently cleared"}, {"color": "#a0c746", "name": "Unknown Mix"}], "type": "basic"}, "interactionConfig": {"output": [{"column": "common_name", "format": null, "property": "Name", "type": "string"}, {"column": "plant_ag", "format": null, "property": "planted/crop", "type": "string"}, {"column": "size", "format": null, "property": "size class", "type": "string"}, {"column": "source", "format": null, "property": "source", "type": "string"}, {"column": "species_simp", "format": null, "property": "species", "type": "string"}, {"column": "year", "format": null, "property": "year", "type": "string"}], "type": "intersection"}, "applicationConfig": {"active": true, "default": true, "global": true, "metadata": "gfw_planted_forests"}, "staticImageConfig": {}, "updatedAt": "2019-06-10T18:31:31.380Z"}}], "metadata": [{"id": "5c6e9e52ee2ee4001212081a", "type": "metadata", "attributes": {"dataset": "bb1dced4-3ae8-4908-9f36-6514ae69713f", "application": "gfw", "resource": {"id": "bb1dced4-3ae8-4908-9f36-6514ae69713f", "type": "dataset"}, "language": "en", "info": {"citation": "2015, select countries", "color": "#a0c746", "description": "Shows the coverage of plantations in select countries.", "name": "Tree plantations"}, "createdAt": "2019-02-21T12:49:22.572Z", "updatedAt": "2019-06-10T18:32:43.262Z", "status": "published"}}], "vocabulary": [{"id": "bb1dced4-3ae8-4908-9f36-6514ae69713f", "type": "vocabulary", "attributes": {"resource": {"id": "bb1dced4-3ae8-4908-9f36-6514ae69713f", "type": "dataset"}, "tags": ["landCover"], "name": "categoryTab", "application": "gfw"}}]}}