{"id": "bd42375f-0983-4e4f-9602-806eb2c26401", "type": "dataset", "attributes": {"name": "Tree cover loss 2018 - GADMv3.6 ADM2 summary - v20190423", "slug": "Tree-cover-loss-2018-GADMv36-ADM2-summary-v20190423", "type": null, "subtitle": null, "application": ["gfw"], "dataPath": null, "attributesPath": null, "connectorType": "document", "provider": "json", "userId": "58750a56dfc643722bdd02ab", "connectorUrl": "https://gfw-files.s3.amazonaws.com/2018_update/results/tcl2018_adm2_summary_schema_reduced.json", "tableName": "index_bd42375f09834e4f9602806eb2c26401_1556276783016", "status": "saved", "published": true, "overwrite": true, "verified": false, "blockchain": {}, "mainDateField": null, "env": "production", "geoInfo": false, "protected": false, "legend": {"date": [], "region": [], "country": [], "nested": ["year_data"]}, "clonedHost": {}, "errorMessage": "", "taskId": "/v1/doc-importer/task/f053b315-cbd7-4d19-a3a5-7c78063ae288", "updatedAt": "2019-04-26T11:06:37.807Z", "dataLastUpdated": null, "metadata": [], "widget": [], "layer": [], "vocabulary": [], "widgetRelevantProps": [], "layerRelevantProps": []}}