{"id": "c2615e10-584e-4e7f-ba27-7c4f52594150", "type": "dataset", "attributes": {"name": "Peru Protected Areas", "slug": "Peru-Protected-Areas", "type": null, "subtitle": null, "application": ["gfw"], "dataPath": null, "attributesPath": null, "connectorType": "rest", "provider": "cartodb", "userId": "59db4eace9c1380001d6e4c3", "connectorUrl": "https://wri-01.carto.com/tables/per_protected_areas", "tableName": "per_protected_areas", "status": "saved", "published": true, "overwrite": false, "verified": false, "blockchain": {}, "mainDateField": null, "env": "production", "geoInfo": false, "protected": true, "legend": {"date": [], "region": [], "country": [], "nested": []}, "clonedHost": {}, "errorMessage": "", "taskId": null, "updatedAt": "2018-11-21T14:02:47.086Z", "dataLastUpdated": null, "widget": [], "widgetRelevantProps": [], "layerRelevantProps": [], "layer": [{"id": "27fe728b-92a6-4308-8f1c-0abdb34cb6b7", "type": "layer", "attributes": {"name": "Peru protected areas - 2016", "slug": "Peru-Protected-Areas", "dataset": "c2615e10-584e-4e7f-ba27-7c4f52594150", "description": "Shows the location of national, regional, and private protected areas in Peru and buffer zones.", "application": ["gfw"], "iso": ["PER"], "provider": "cartodb", "userId": "59db4eace9c1380001d6e4c3", "default": false, "protected": true, "published": true, "env": "production", "layerConfig": {"account": "wri-01", "body": {"layers": [{"options": {"cartocss": "#per_protected_areas { polygon-opacity: 0.7; line-color: #FFF; line-width: 0.5; line-opacity: 1; } #per_protected_areas[type=\"Buffer Zone\"] { polygon-fill: #00ceff; } #per_protected_areas[type=\"National Protected Area\"] { polygon-fill: #4d94c4; } #per_protected_areas[type=\"Private Protected Area\"] { polygon-fill: #94cecb; } #per_protected_areas[type=\"Regional Protected Area\"] { polygon-fill: #2167AB; }", "cartocss_version": "2.3.0", "sql": "SELECT cartodb_id, the_geom_webmercator, ANP_NOMB as name, category, type, fecha as date_created, anpc_titu as owner FROM per_protected_areas"}, "type": "cartodb"}], "maxzoom": 19, "minzoom": 2, "vectorLayers": [{"paint": {"fill-color": "#FFF", "fill-opacity": 0.5}, "source-layer": "layer0", "type": "fill"}, {"paint": {"line-color": "#FFF", "line-opacity": 1, "line-width": 1}, "source-layer": "layer0", "type": "line"}, {"filter": ["all", ["==", "type", "Buffer Zone"]], "paint": {"fill-color": "#00ceff", "fill-outline-color": "#FFF"}, "source-layer": "layer0", "type": "fill"}, {"filter": ["all", ["==", "type", "National Protected Area"]], "paint": {"fill-color": "#4d94c4", "fill-outline-color": "#FFF"}, "source-layer": "layer0", "type": "fill"}, {"filter": ["all", ["==", "type", "Private Protected Area"]], "paint": {"fill-color": "#94cecb", "fill-outline-color": "#FFF"}, "source-layer": "layer0", "type": "fill"}, {"filter": ["all", ["==", "type", "Regional Protected Area"]], "paint": {"fill-color": "#2167AB", "fill-outline-color": "#FFF"}, "source-layer": "layer0", "type": "fill"}]}}, "legendConfig": {"type": "basic", "items": [{"color": "#00ceff", "name": "Buffer zone"}, {"color": "#4d94c4", "name": "National protected area"}, {"color": "#94cecb", "name": "Private protected area"}, {"color": "#2167AB", "name": "Regional protected area"}]}, "interactionConfig": {"output": [{"format": null, "type": "string", "property": "Name", "column": "name"}, {"format": null, "type": "string", "property": "Type", "column": "type"}, {"format": null, "type": "string", "property": "Category", "column": "category"}, {"type": "date", "format": "YYYY-MM-DD", "property": "Date of Creation", "column": "date_created"}, {"column": "cartodb_id", "format": null, "property": "cartodb_id", "type": "number", "hidden": true}, {"column": "the_geom_webmercator", "format": "json", "property": "the_geom", "type": "json", "hidden": true}], "type": "intersection"}, "applicationConfig": {"default": true, "active": true, "global": false, "metadata": "per_protected_areas", "analysisEndpoint": "use"}, "staticImageConfig": {}, "updatedAt": "2019-03-08T16:38:49.988Z"}}], "metadata": [{"id": "5b645548b6baae001154d1a9", "type": "metadata", "attributes": {"dataset": "c2615e10-584e-4e7f-ba27-7c4f52594150", "application": "gfw", "resource": {"id": "c2615e10-584e-4e7f-ba27-7c4f52594150", "type": "dataset"}, "language": "en", "info": {"name": "Peru protected areas", "color": "#A878F3", "description": "Shows the location of national, regional, and private protected areas in Peru and buffer zones.", "citation": ""}, "createdAt": "2018-08-03T13:14:48.746Z", "updatedAt": "2018-11-06T15:57:58.681Z", "status": "published"}}], "vocabulary": [{"id": "c2615e10-584e-4e7f-ba27-7c4f52594150", "type": "vocabulary", "attributes": {"resource": {"id": "c2615e10-584e-4e7f-ba27-7c4f52594150", "type": "dataset"}, "tags": ["landUse", "conservation"], "name": "categoryTab", "application": "gfw"}}]}}