{"id": "cdc5217b-09b7-461d-961d-dc262ba2b4be", "type": "dataset", "attributes": {"name": "Tree cover loss 2018 - GADMv3.6 ADM1 summary - v20190423", "slug": "Tree-cover-loss-2018-GADMv36-ADM1-summary-v20190423", "type": null, "subtitle": null, "application": ["gfw"], "dataPath": null, "attributesPath": null, "connectorType": "document", "provider": "json", "userId": "58750a56dfc643722bdd02ab", "connectorUrl": "https://gfw-files.s3.amazonaws.com/2018_update/results/tcl2018_adm1_summary_schema_reduced.json", "tableName": "index_cdc5217b09b7461d961ddc262ba2b4be_1556276748045", "status": "saved", "published": true, "overwrite": true, "verified": false, "blockchain": {}, "mainDateField": null, "env": "production", "geoInfo": false, "protected": false, "legend": {"date": [], "region": [], "country": [], "nested": ["year_data"]}, "clonedHost": {}, "errorMessage": "", "taskId": "/v1/doc-importer/task/87c57cc9-b606-40f9-884d-59b98940f024", "updatedAt": "2019-04-26T11:05:54.394Z", "dataLastUpdated": null, "metadata": [], "widget": [], "layer": [], "vocabulary": [], "widgetRelevantProps": [], "layerRelevantProps": []}}