{"id": "de452a4c-a55c-464d-9037-8c3e9fe48365", "type": "dataset", "attributes": {"name": "bio.007 World Database on Protected Areas", "slug": "World-Database-on-Protected-Areas-Global-1490086842549", "type": "tabular", "subtitle": "Protected Planet/UNEP WCMC/IUCN", "application": ["prep", "rw", "data4sdgs", "ng"], "dataPath": null, "attributesPath": null, "connectorType": "rest", "provider": "cartodb", "userId": "586bc76036aacd381cb92b3a", "connectorUrl": "https://wri-01.carto.com/tables/wdpa_protected_areas/table", "tableName": "wdpa_protected_areas", "status": "saved", "published": true, "overwrite": false, "verified": false, "blockchain": {}, "subscribable": {}, "mainDateField": null, "env": "production", "geoInfo": true, "protected": false, "legend": {"date": [], "region": [], "country": [], "nested": []}, "clonedHost": {}, "errorMessage": null, "taskId": null, "updatedAt": "2019-02-01T21:10:15.818Z", "dataLastUpdated": null, "widgetRelevantProps": ["wdpaid", "pa_def", "name", "orig_name", "desig", "desig_type", "marine", "rep_m_area", "gis_m_area", "rep_area", "gis_area", "no_take", "no_tk_area", "status", "status_yr", "gov_type", "own_type", "mang_auth", "mang_plan", "verif", "sub_loc", "parent_iso", "wdpa_pid", "iso3"], "layerRelevantProps": ["the_geom", "the_geom_webmercator", "gis_area"], "layer": [{"id": "b084f0c7-6234-4c90-b9d9-003719b3b627", "type": "layer", "attributes": {"name": "Marine and Terrestrial Protected Areas by Category", "slug": "protected-areas", "dataset": "de452a4c-a55c-464d-9037-8c3e9fe48365", "description": "Legally protected areas by IUCN category.", "application": ["prep"], "iso": [], "provider": "cartodb", "userId": "58333dcfd9f39b189ca44c75", "default": false, "protected": false, "published": true, "env": "production", "layerConfig": {"account": "wri-01", "body": {"maxzoom": 18, "minzoom": 3, "layers": [{"type": "cartodb", "options": {"sql": "SELECT * FROM wdpa_protected_areas", "cartocss": "#wdpa_protected_areas {   polygon-opacity: 0.7;  }#wdpa_protected_areas[iucn_cat='II'] {   polygon-fill: #0f3b82;}#wdpa_protected_areas[iucn_cat='III'] {   polygon-fill: #c9ddff;}#wdpa_protected_areas[iucn_cat='IV'] {   polygon-fill: #b9b2a1;}#wdpa_protected_areas[iucn_cat='Ia'] {   polygon-fill: #5ca2d1;}#wdpa_protected_areas[iucn_cat='Ib'] {   polygon-fill: #3e7bb6;}#wdpa_protected_areas[iucn_cat='Not Applicable'] {   polygon-fill: #eed54c;}#wdpa_protected_areas[iucn_cat='Not Assigned'] {   polygon-fill: #e7ab36;}#wdpa_protected_areas[iucn_cat='Not Reported'] {   polygon-fill: #fa894b;}#wdpa_protected_areas[iucn_cat='V'] {   polygon-fill: #ae847e;}#wdpa_protected_areas[iucn_cat='VI'] {   polygon-fill: #daa89b;}", "cartocss_version": "2.3.0"}}]}}, "legendConfig": {"type": "basic", "items": [{"name": "Ia - Strict Nature Reserve", "color": "#5ca2d1"}, {"name": "Ib - Wildnerness Area", "color": "#3e7bb6"}, {"name": "II - National Park", "color": "#0f3b82"}, {"name": "III - National Monument or Feature", "color": "#c9ddff"}, {"name": "IV - Habitat and Species Management Area", "color": "#b9b2a1"}, {"name": "V - Protected Landscape or Seascape", "color": "#ae847e"}, {"name": "VI - Protected Area with Sustainable Use of Natural Resources", "color": "#daa89b"}, {"name": "Not applicable", "color": "#eed54c"}, {"name": "Not assigned", "color": "#e7ab36"}, {"name": "Not reported", "color": "#fa894b"}]}, "interactionConfig": {"output": [{"format": null, "type": "text", "property": "City", "column": "name"}, {"format": null, "type": "text", "property": "Sub-Location", "column": "sub_loc"}, {"format": null, "type": "text", "property": "Status", "column": "status"}, {"format": null, "type": "text", "property": "Designation Type", "column": "desig_type"}, {"format": null, "type": "text", "property": "Ownership Type", "column": "own_type"}, {"format": null, "type": "text", "property": "Governance Type", "column": "gov_type"}, {"format": null, "type": "text", "property": "Management Authority", "column": "mang_auth"}]}, "applicationConfig": {"config one": {"type": "lorem", "from": {"data": "table"}}}, "staticImageConfig": {}, "updatedAt": "2018-09-19T15:14:36.681Z"}}, {"id": "dabcca67-037c-4d11-afc4-69559edec4dc", "type": "layer", "attributes": {"name": "Marine and Terrestrial Protected Areas", "slug": "marine-and-terrestrial-protected-areas", "dataset": "de452a4c-a55c-464d-9037-8c3e9fe48365", "description": "Legally protected areas, according to various designations (e.g., national parks, state reserves, and wildlife reserves), which are managed to achieve conservation objectives. Updated monthly.", "application": ["rw"], "iso": ["global"], "provider": "cartodb", "userId": "5980838ae24e6a1dae3dd446", "default": false, "protected": false, "published": true, "env": "production", "layerConfig": {"account": "wri-01", "body": {"maxzoom": 18, "minzoom": 3, "layers": [{"type": "cartodb", "options": {"sql": "SELECT * FROM wdpa_protected_areas", "cartocss": "#wdpa_protected_areas {   polygon-opacity: 0.5; polygon-fill: #0079B0; polygon-gamma-method: power; line-color:#0079B0; line-opacity:1; line-width:1}", "cartocss_version": "2.3.0"}}]}}, "legendConfig": {"type": "basic", "items": [{"name": "Protected areas", "color": "#0079B0"}]}, "interactionConfig": {"output": [{"column": "name", "format": null, "prefix": "", "property": "Name", "suffix": "", "type": "string"}, {"column": "sub_loc", "format": null, "prefix": "", "property": "Sub-Location", "suffix": "", "type": "string"}, {"column": "status", "format": null, "prefix": "", "property": "Status", "suffix": "", "type": "string"}, {"column": "desig_type", "format": null, "prefix": "", "property": "Designation Type", "suffix": "", "type": "string"}, {"column": "own_type", "format": null, "prefix": "", "property": "Ownership Type", "suffix": "", "type": "string"}, {"column": "gov_type", "format": null, "prefix": "", "property": "Governance Type", "suffix": "", "type": "string"}, {"column": "mang_auth", "format": null, "prefix": "", "property": "Management Authority", "suffix": "", "type": "string"}]}, "applicationConfig": {}, "staticImageConfig": {}, "updatedAt": "2018-04-07T18:56:10.527Z"}}, {"id": "4c0e843a-d73d-4f22-827c-3076e6ade95e", "type": "layer", "attributes": {"name": "Marine and Terrestrial Protected Areas by Category", "slug": "Marine-and-Terrestrial-Protected-Areas-by-category", "dataset": "de452a4c-a55c-464d-9037-8c3e9fe48365", "description": "Legally protected areas by IUCN category. Updated monthly.", "application": ["rw"], "iso": [], "provider": "cartodb", "userId": "57a0aa1071e394dd32ffe137", "default": true, "protected": false, "published": true, "env": "production", "layerConfig": {"body": {"layers": [{"options": {"cartocss_version": "2.3.0", "cartocss": "#wdpa_protected_areas {   polygon-opacity: 0.7;  }#wdpa_protected_areas[iucn_cat='II'] {   polygon-fill: #0f3b82;}#wdpa_protected_areas[iucn_cat='III'] {   polygon-fill: #c9ddff;}#wdpa_protected_areas[iucn_cat='IV'] {   polygon-fill: #b9b2a1;}#wdpa_protected_areas[iucn_cat='Ia'] {   polygon-fill: #5ca2d1;}#wdpa_protected_areas[iucn_cat='Ib'] {   polygon-fill: #3e7bb6;}#wdpa_protected_areas[iucn_cat='Not Applicable'] {   polygon-fill: #eed54c;}#wdpa_protected_areas[iucn_cat='Not Assigned'] {   polygon-fill: #e7ab36;}#wdpa_protected_areas[iucn_cat='Not Reported'] {   polygon-fill: #fa894b;}#wdpa_protected_areas[iucn_cat='V'] {   polygon-fill: #ae847e;}#wdpa_protected_areas[iucn_cat='VI'] {   polygon-fill: #daa89b;}", "sql": "SELECT * FROM wdpa_protected_areas"}, "type": "cartodb"}], "minzoom": 3, "maxzoom": 18}, "account": "wri-01"}, "legendConfig": {"items": [{"color": "#5ca2d1", "name": "Ia - Strict nature reserve"}, {"color": "#3e7bb6", "name": "Ib - Wildnerness area"}, {"color": "#0f3b82", "name": "II - National park"}, {"color": "#c9ddff", "name": "III - National monument or feature"}, {"color": "#b9b2a1", "name": "IV - Habitat and species management area"}, {"color": "#ae847e", "name": "V - Protected landscape or seascape"}, {"color": "#daa89b", "name": "VI - Protected area with sustainable use of natural resources"}, {"color": "#eed54c", "name": "Not applicable"}, {"color": "#e7ab36", "name": "Not assigned"}, {"color": "#fa894b", "name": "Not reported"}], "type": "basic"}, "interactionConfig": {"output": [{"column": "name", "format": null, "prefix": "", "property": "Name", "suffix": "", "type": "string"}, {"column": "sub_loc", "format": null, "prefix": "", "property": "Sub-Location", "suffix": "", "type": "string"}, {"column": "status", "format": null, "prefix": "", "property": "Status", "suffix": "", "type": "string"}, {"column": "desig_type", "format": null, "prefix": "", "property": "Designation Type", "suffix": "", "type": "string"}, {"column": "own_type", "format": null, "prefix": "", "property": "Ownership Type", "suffix": "", "type": "string"}, {"column": "gov_type", "format": null, "prefix": "", "property": "Governance Type", "suffix": "", "type": "string"}, {"column": "mang_auth", "format": null, "prefix": "", "property": "Management Authority", "suffix": "", "type": "string"}]}, "applicationConfig": {"default": true, "active": true, "global": true, "metadata": "wdpa_protected_areas"}, "staticImageConfig": {}, "updatedAt": "2018-08-09T16:41:49.283Z"}}, {"id": "0e5a1cbc-6cbe-4a0d-bb8f-14dbfc0ce4cc", "type": "layer", "attributes": {"name": "Marine and Terrestrial Protected Areas", "slug": "Marine-and-Terrestrial-Protected-Areas", "dataset": "de452a4c-a55c-464d-9037-8c3e9fe48365", "description": "Legally protected areas, according to various designations (e.g., national parks, state reserves, and wildlife reserves), which are managed to achieve conservation objectives.", "application": ["prep"], "iso": [], "provider": "cartodb", "userId": "594a8b5b3b0f7f271d303321", "default": true, "protected": false, "published": true, "env": "production", "layerConfig": {"body": {"layers": [{"options": {"cartocss_version": "2.3.0", "cartocss": "#wdpa_protected_areas {   polygon-opacity: 0.5; polygon-fill: #0079B0; polygon-gamma-method: power; line-color:#0079B0; line-opacity:1; line-width:1}", "sql": "SELECT * FROM wdpa_protected_areas"}, "type": "cartodb"}], "minzoom": 3, "maxzoom": 18}, "account": "wri-01"}, "legendConfig": {"items": [{"color": "#0079B0", "name": "Protected areas"}], "type": "basic"}, "interactionConfig": {"output": [{"format": null, "type": "text", "property": "City", "column": "name"}, {"format": null, "type": "text", "property": "Sub-Location", "column": "sub_loc"}, {"format": null, "type": "text", "property": "Status", "column": "status"}, {"format": null, "type": "text", "property": "Designation Type", "column": "desig_type"}, {"format": null, "type": "text", "property": "Ownership Type", "column": "own_type"}, {"format": null, "type": "text", "property": "Governance Type", "column": "gov_type"}, {"format": null, "type": "text", "property": "Management Authority", "column": "mang_auth"}]}, "applicationConfig": {}, "staticImageConfig": {}, "updatedAt": "2018-09-19T15:13:48.716Z"}}, {"id": "46b0c3e4-6f48-4796-b5d6-ce5a33f020a7", "type": "layer", "attributes": {"name": "Marine and Terrestrial Protected Areas by Category", "slug": "Marine-and-Terrestrial-Protected-Areas-by-Category_4", "dataset": "de452a4c-a55c-464d-9037-8c3e9fe48365", "application": ["gfw"], "iso": [], "userId": "59db4eace9c1380001d6e4c3", "default": false, "protected": false, "published": true, "env": "production", "layerConfig": {"body": {"layers": [{"options": {"cartocss_version": "2.3.0", "cartocss": "#wdpa_protected_areas {   polygon-opacity: 0.7;  }#wdpa_protected_areas[iucn_cat='II'] {   polygon-fill: #0f3b82;}#wdpa_protected_areas[iucn_cat='III'] {   polygon-fill: #c9ddff;}#wdpa_protected_areas[iucn_cat='IV'] {   polygon-fill: #b9b2a1;}#wdpa_protected_areas[iucn_cat='Ia'] {   polygon-fill: #5ca2d1;}#wdpa_protected_areas[iucn_cat='Ib'] {   polygon-fill: #3e7bb6;}#wdpa_protected_areas[iucn_cat='Not Applicable'] {   polygon-fill: #eed54c;}#wdpa_protected_areas[iucn_cat='Not Assigned'] {   polygon-fill: #e7ab36;}#wdpa_protected_areas[iucn_cat='Not Reported'] {   polygon-fill: #fa894b;}#wdpa_protected_areas[iucn_cat='V'] {   polygon-fill: #ae847e;}#wdpa_protected_areas[iucn_cat='VI'] {   polygon-fill: #daa89b;}", "sql": "SELECT * FROM wdpa_protected_areas"}, "type": "cartodb"}], "minzoom": 3, "maxzoom": 18}, "account": "wri-01"}, "legendConfig": {"items": [{"color": "#5ca2d1", "name": "Ia - Strict Nature Reserve"}, {"color": "#3e7bb6", "name": "Ib - Wildnerness Area"}, {"color": "#0f3b82", "name": "II - National Park"}, {"color": "#c9ddff", "name": "III - National Monument or Feature"}, {"color": "#b9b2a1", "name": "IV - Habitat and Species Management Area"}, {"color": "#ae847e", "name": "V - Protected Landscape or Seascape"}, {"color": "#daa89b", "name": "VI - Protected Area with Sustainable Use of Natural Resources"}, {"color": "#eed54c", "name": "Not applicable"}, {"color": "#e7ab36", "name": "Not assigned"}, {"color": "#fa894b", "name": "Not reported"}], "type": "basic"}, "interactionConfig": {}, "applicationConfig": {"config one": {"from": {"data": "table"}, "type": "lorem"}}, "staticImageConfig": {}, "updatedAt": "2018-08-10T07:46:00.797Z"}}, {"id": "977b3e60-c232-4f11-8d82-134d46bc7afa", "type": "layer", "attributes": {"name": "Marine and Terrestrial Protected Areas", "slug": "Marine-and-Terrestrial-Protected-Areas_5", "dataset": "de452a4c-a55c-464d-9037-8c3e9fe48365", "application": ["gfw"], "iso": ["global"], "userId": "59db4eace9c1380001d6e4c3", "default": false, "protected": false, "published": true, "env": "production", "layerConfig": {"body": {"layers": [{"options": {"cartocss_version": "2.3.0", "cartocss": "#wdpa_protected_areas {   polygon-opacity: 0.5; polygon-fill: #0079B0; polygon-gamma-method: power; line-color:#0079B0; line-opacity:1; line-width:1}", "sql": "SELECT * FROM wdpa_protected_areas"}, "type": "cartodb"}], "minzoom": 3, "maxzoom": 18}, "account": "wri-01"}, "legendConfig": {"items": [{"color": "#0079B0", "name": "Protected areas"}], "type": "basic"}, "interactionConfig": {"output": [{"type": "string", "suffix": "", "property": "Name", "prefix": "", "format": null, "column": "name"}, {"type": "string", "suffix": "", "property": "Sub-Location", "prefix": "", "format": null, "column": "sub_loc"}, {"type": "string", "suffix": "", "property": "Status", "prefix": "", "format": null, "column": "status"}, {"type": "string", "suffix": "", "property": "Designation Type", "prefix": "", "format": null, "column": "desig_type"}, {"type": "string", "suffix": "", "property": "Ownership Type", "prefix": "", "format": null, "column": "own_type"}, {"type": "string", "suffix": "", "property": "Governance Type", "prefix": "", "format": null, "column": "gov_type"}, {"type": "string", "suffix": "", "property": "Management Authority", "prefix": "", "format": null, "column": "mang_auth"}]}, "applicationConfig": {}, "staticImageConfig": {}, "updatedAt": "2018-08-10T07:46:01.183Z"}}, {"id": "64176fba-e20e-439b-ad2d-6b57f18685ef", "type": "layer", "attributes": {"name": "Marine and Terrestrial Protected Areas by Category", "slug": "Marine-and-Terrestrial-Protected-Areas-by-Category_5", "dataset": "de452a4c-a55c-464d-9037-8c3e9fe48365", "application": ["gfw"], "iso": [], "userId": "59db4eace9c1380001d6e4c3", "default": false, "protected": false, "published": true, "env": "production", "layerConfig": {"account": "wri-01", "body": {"maxzoom": 18, "minzoom": 3, "layers": [{"type": "cartodb", "options": {"sql": "SELECT * FROM wdpa_protected_areas", "cartocss": "#wdpa_protected_areas {   polygon-opacity: 0.7;  }#wdpa_protected_areas[iucn_cat='II'] {   polygon-fill: #0f3b82;}#wdpa_protected_areas[iucn_cat='III'] {   polygon-fill: #c9ddff;}#wdpa_protected_areas[iucn_cat='IV'] {   polygon-fill: #b9b2a1;}#wdpa_protected_areas[iucn_cat='Ia'] {   polygon-fill: #5ca2d1;}#wdpa_protected_areas[iucn_cat='Ib'] {   polygon-fill: #3e7bb6;}#wdpa_protected_areas[iucn_cat='Not Applicable'] {   polygon-fill: #eed54c;}#wdpa_protected_areas[iucn_cat='Not Assigned'] {   polygon-fill: #e7ab36;}#wdpa_protected_areas[iucn_cat='Not Reported'] {   polygon-fill: #fa894b;}#wdpa_protected_areas[iucn_cat='V'] {   polygon-fill: #ae847e;}#wdpa_protected_areas[iucn_cat='VI'] {   polygon-fill: #daa89b;}", "cartocss_version": "2.3.0"}}]}}, "legendConfig": {"type": "basic", "items": [{"name": "Ia - Strict nature reserve", "color": "#5ca2d1"}, {"name": "Ib - Wildnerness area", "color": "#3e7bb6"}, {"name": "II - National park", "color": "#0f3b82"}, {"name": "III - National monument or feature", "color": "#c9ddff"}, {"name": "IV - Habitat and species management area", "color": "#b9b2a1"}, {"name": "V - Protected landscape or seascape", "color": "#ae847e"}, {"name": "VI - Protected area with sustainable use of natural resources", "color": "#daa89b"}, {"name": "Not applicable", "color": "#eed54c"}, {"name": "Not assigned", "color": "#e7ab36"}, {"name": "Not reported", "color": "#fa894b"}]}, "interactionConfig": {"output": [{"type": "string", "suffix": "", "property": "Name", "prefix": "", "format": null, "column": "name"}, {"type": "string", "suffix": "", "property": "Sub-Location", "prefix": "", "format": null, "column": "sub_loc"}, {"type": "string", "suffix": "", "property": "Status", "prefix": "", "format": null, "column": "status"}, {"type": "string", "suffix": "", "property": "Designation Type", "prefix": "", "format": null, "column": "desig_type"}, {"type": "string", "suffix": "", "property": "Ownership Type", "prefix": "", "format": null, "column": "own_type"}, {"type": "string", "suffix": "", "property": "Governance Type", "prefix": "", "format": null, "column": "gov_type"}, {"type": "string", "suffix": "", "property": "Management Authority", "prefix": "", "format": null, "column": "mang_auth"}]}, "applicationConfig": {"metadata": "wdpa_protected_areas", "global": true, "active": true, "default": true}, "staticImageConfig": {}, "updatedAt": "2018-08-10T07:46:01.575Z"}}, {"id": "ed04b5bc-e14b-4456-b4ba-c8650a37a37b", "type": "layer", "attributes": {"name": "Marine and Terrestrial Protected Areas", "slug": "Marine-and-Terrestrial-Protected-Areas_6", "dataset": "de452a4c-a55c-464d-9037-8c3e9fe48365", "application": ["gfw"], "iso": [], "userId": "59db4eace9c1380001d6e4c3", "default": false, "protected": false, "published": true, "env": "production", "layerConfig": {"account": "wri-01", "body": {"maxzoom": 18, "minzoom": 3, "layers": [{"type": "cartodb", "options": {"sql": "SELECT * FROM wdpa_protected_areas", "cartocss": "#wdpa_protected_areas {   polygon-opacity: 0.5; polygon-fill: #0079B0; polygon-gamma-method: power; line-color:#0079B0; line-opacity:1; line-width:1}", "cartocss_version": "2.3.0"}}]}}, "legendConfig": {"type": "basic", "items": [{"name": "Protected areas", "color": "#0079B0"}]}, "interactionConfig": {}, "applicationConfig": {}, "staticImageConfig": {}, "updatedAt": "2018-08-10T07:46:01.875Z"}}, {"id": "81558df8-3c86-4f18-934f-b4907d99bdb3", "type": "layer", "attributes": {"name": "Marine and Terrestrial Protected Areas", "slug": "Marine-and-Terrestrial-Protected-Areas_1", "dataset": "de452a4c-a55c-464d-9037-8c3e9fe48365", "description": "Legally protected areas, according to various designations (e.g., national parks, state reserves, and wildlife reserves), which are managed to achieve conservation objectives. Updated monthly.", "application": ["ng"], "iso": [], "provider": "cartodb", "userId": "57a0aa1071e394dd32ffe137", "default": true, "protected": false, "published": true, "env": "production", "layerConfig": {"account": "wri-01", "body": {"layers": [{"options": {"cartocss": "#wdpa_protected_areas {   polygon-opacity: 0.7;  }#wdpa_protected_areas[iucn_cat='II'] {   polygon-fill: #0f3b82;}#wdpa_protected_areas[iucn_cat='III'] {   polygon-fill: #c9ddff;}#wdpa_protected_areas[iucn_cat='IV'] {   polygon-fill: #b9b2a1;}#wdpa_protected_areas[iucn_cat='Ia'] {   polygon-fill: #5ca2d1;}#wdpa_protected_areas[iucn_cat='Ib'] {   polygon-fill: #3e7bb6;}#wdpa_protected_areas[iucn_cat='Not Applicable'] {   polygon-fill: #eed54c;}#wdpa_protected_areas[iucn_cat='Not Assigned'] {   polygon-fill: #e7ab36;}#wdpa_protected_areas[iucn_cat='Not Reported'] {   polygon-fill: #fa894b;}#wdpa_protected_areas[iucn_cat='V'] {   polygon-fill: #ae847e;}#wdpa_protected_areas[iucn_cat='VI'] {   polygon-fill: #daa89b;}", "cartocss_version": "2.3.0", "sql": "SELECT * FROM wdpa_protected_areas"}, "type": "cartodb"}], "maxzoom": 18, "minzoom": 3}}, "legendConfig": {"items": [{"color": "#5ca2d1", "name": "Ia - strict nature reserve"}, {"color": "#3e7bb6", "name": "Ib - wildnerness area"}, {"color": "#0f3b82", "name": "II - national park"}, {"color": "#c9ddff", "name": "III - national monument or feature"}, {"color": "#b9b2a1", "name": "IV - habitat and species management area"}, {"color": "#ae847e", "name": "V - protected landscape or seascape"}, {"color": "#daa89b", "name": "VI - protected area with sustainable use of natural resources"}, {"color": "#eed54c", "name": "Not applicable"}, {"color": "#e7ab36", "name": "Not assigned"}, {"color": "#fa894b", "name": "Not reported"}], "type": "basic"}, "interactionConfig": {"output": [{"type": "string", "suffix": "", "property": "Name", "prefix": "", "format": null, "column": "name"}, {"type": "string", "suffix": "", "property": "Sub-Location", "prefix": "", "format": null, "column": "sub_loc"}, {"type": "string", "suffix": "", "property": "Status", "prefix": "", "format": null, "column": "status"}, {"type": "string", "suffix": "", "property": "Designation Type", "prefix": "", "format": null, "column": "desig_type"}, {"type": "string", "suffix": "", "property": "Ownership Type", "prefix": "", "format": null, "column": "own_type"}, {"type": "string", "suffix": "", "property": "Governance Type", "prefix": "", "format": null, "column": "gov_type"}, {"type": "string", "suffix": "", "property": "Management Authority", "prefix": "", "format": null, "column": "mang_auth"}]}, "applicationConfig": {}, "staticImageConfig": {}, "updatedAt": "2018-11-27T18:27:40.320Z"}}], "metadata": [{"id": "57a31a635cd6980a00e054db", "type": "metadata", "attributes": {"dataset": "de452a4c-a55c-464d-9037-8c3e9fe48365", "application": "prep", "resource": {"id": "de452a4c-a55c-464d-9037-8c3e9fe48365", "type": "dataset"}, "language": "en", "name": "Protected Areas", "description": "The World Database on Protected Areas (WDPA) is the most comprehensive global spatial data set on marine and terrestrial protected areas available. Protected area data are provided via Protected Planet, the online interface for the WDPA. The WDPA is a joint initiative of the International Union for Conservation of Nature (IUCN) and the UN Environment Programme's World Conservation Monitoring Centre (UNEP-WCMC) to compile spatially referenced information about protected areas. The data are provided as shapefiles and updated monthly. Not all protected areas receive the same degree of protection. While some have strict guidelines designed to preserve intact ecosystems, others allow for sustainable land use, often including limited resource extraction. In addition, not all countries use the same terminology when designating a protected area. Universal management categories are designated by the IUCN that stipulate the level of protection for most protected areas. These categories are defined as follows: (Ia) Strict Nature Reserves: protected areas designed to preserve biodiversity and all geological features. Limited human use (e.g., scientific study, education) is allowed and carefully monitored. Strict nature reserves are often used to understand the impact of indirect human disturbance (e.g., burning fossil fuels) because of the area\u2019s high level of preservation. (Ib) Wilderness Areas: protected areas managed to preserve ecosystem processes with limited human use. Wilderness areas cannot contain modern infrastructure (e.g., a visitor\u2019s center), but they allow for local indigenous groups to maintain subsistence lifestyles. These areas are often established to restore disturbed environments. (II) National Parks: protected areas designed to preserve large-scale ecosystems and support human visitation. With conservation as a priority, these areas allow infrastructure and contribute to the local economy by providing opportunities for environmental educational and recreation. (III) National Monuments or Features: areas established to protect a specific natural feature (e.g., cave, grove) or human-made monument with significant historical, spiritual, or environmental importance and the immediate surroundings. Accordingly, natural monuments or features are typically smaller in area and have high human impact resulting from visitor traffic. (IV) Habitat and Species Management Areas: areas designed to conserve specific wildlife populations and/or habitats. Habitat and species management areas often exist within a larger ecosystem or protected area and are carefully managed (e.g., through hunting abatement or habitat restoration) to conserve a target species or habitat. (V) Protected Landscapes and Seascapes: protected areas with ecological, biological, or cultural importance that have been shaped by human use of the landscape. Protected landscapes and seascapes typically cover entire bodies of land or ocean and allow for a number of for-profit activities (e.g., ecotourism) in accordance with the region\u2019s management plan. (VI) Protected Areas with Sustainable Use of Natural Resources: areas designed to manage natural resources and uphold the livelihoods of surrounding communities. These regions have a low level of human occupation, small-scale developments (i.e., not industrial), and part of the landscape in its natural condition. \n\nPREPdata shows only a subset of this data set. For access to the full data set and additional information, see the Download from Original Source link.", "source": "Protected Planet/UNEP-WCMC/IUCN", "citation": "IUCN and UNEP-WCMC. 2017. \"The World Database on Protected Areas (WDPA).\" April. Cambridge, UK: UNEP-WCMC. www.protectedplanet.net. Accessed through PREPdata, [date]. www.prepdata.org.", "license": "All Rights Reserved", "info": {"data_type": "Vector", "date_of_content": "Varies by protected area", "endpoint": "", "function": "Legally protected areas according to various designations", "geographic_coverage": "Global", "language": "English", "learn_more_link": "https://protectedplanet.net/", "license": "Neither (a) the WDPA Materials nor (b) any work derived from or based upon the WDPA Materials (\u201cDerivative Works\") may be put to Commercial Use without the prior written permission of UNEP-WCMC. For the purposes of these Terms and Conditions, \u201cCommercial Use\" means a) any use by, on behalf of, or to inform or assist the activities of, a commercial entity (an entity that operates 'for profit') or b) use by any individual or non-profit entity for the purposes of revenue generation To apply for permission for Commercial Use of the WDPA Materials please send an email to business-support@unep-wcmc.org outlining your needs.\n\nFor full license text, see Link to License.", "license_link": "https://www.protectedplanet.net/c/terms-and-conditions", "loca": {"indicator_id": ""}, "nexgddp": {"indicator_id": ""}, "organization-long": "Protected Planet; United Nations Environment Programme World Conservation Monitoring Centre (UNEP WCMC); International Union for Conservation of Nature (IUCN)", "published_date": "2017", "spatial_resolution": "", "technical_title": "World Database on Protected Lands", "wri_rw_id": "prep_0009"}, "columns": {"name": {"alias": "Name", "description": "Legal name of protected area"}, "desig": {"alias": "Designation", "description": ""}, "desig_type": {"description": "National, regional, international", "alias": "Designation Type"}, "marine": {"alias": "Marine", "description": "0=100% Terrestrial, 1=Coastal, 2=100% Marine"}, "rep_area": {"alias": "Reported Area (km\u00b2)", "description": "Total protected area extent, including both marine and terrestrial areas"}, "wdpaid": {"alias": "WDPA ID", "description": "World Database on Protected Areas ID number"}, "pa_def": {"alias": "Protected Area Definition", "description": "1=Meets IUCN definition, 0=Does not meet IUCN definition"}, "wdpa_pid": {"alias": "WDPA Parcel ID", "description": "World Database on Protected Areas ID number for parcels within a protected area"}, "orig_name": {"alias": "Original Name", "description": "Name in local language"}, "rep_m_area": {"alias": "Reported Marine Area (km\u00b2)", "description": "Area in square kilometers"}, "no_take": {"alias": "No Take Status", "description": "All, part, none, not reported, not applicable"}, "no_tk_area": {"description": "Area in square kilometers", "alias": "No Take Area (km\u00b2)"}, "status": {"description": "Proposed, inscribed, adopted, designated", "alias": "Status"}, "status_yr": {"alias": "Status Year", "description": "Year of enactment of status"}, "gov_type": {"alias": "Governance Type", "description": "Governance level, delegation, profit or non-profit, joint or individual, indigenous"}, "own_type": {"alias": "Ownership Type", "description": "Ownership level, delegation, profit or non-profit, joint or individual, indigenous"}, "mang_auth": {"alias": "Management Authority", "description": "Individual or group that manages the protected area"}, "mang_plan": {"alias": "Management Plan", "description": "Link or reference to the protected area\u2019s management plan"}, "verif": {"alias": "Verification", "description": "State verified, expert verified, not reported"}, "sub_loc": {"alias": "Subnational Location", "description": "Subnation ISO code"}, "parent_iso": {"alias": "Parent ISO Code"}, "iso3": {"alias": "ISO Code"}, "gis_area": {"alias": "GIS Area (km\u00b2)", "description": "Protected area total extent"}, "gis_m_area": {"alias": "GIS Marine Area (km\u00b2)", "description": "Protected area marine extent"}}, "createdAt": "2016-12-13T10:02:28.337Z", "updatedAt": "2019-04-05T19:42:20.728Z", "status": "published"}}, {"id": "59a427a77b6c000012baa6fc", "type": "metadata", "attributes": {"dataset": "de452a4c-a55c-464d-9037-8c3e9fe48365", "application": "rw", "resource": {"id": "de452a4c-a55c-464d-9037-8c3e9fe48365", "type": "dataset"}, "language": "en", "name": "World Database on Protected Areas", "description": "The World Database on Protected Areas (WDPA) is the most comprehensive global spatial data set on marine and terrestrial protected areas available. Protected area data are provided via Protected Planet, the online interface for the WDPA. The WDPA is a joint initiative of the International Union for Conservation of Nature (IUCN) and the UN Environment Programme's World Conservation Monitoring Centre (UNEP-WCMC) to compile spatially referenced information about protected areas. The data are provided as shapefiles and updated monthly.   \n  \nNot all protected areas receive the same degree of protection. While some have strict guidelines designed to preserve intact ecosystems, others allow for sustainable land use, often including limited resource extraction. In addition, not all countries use the same terminology when designating a protected area. Universal management categories are designated by the IUCN that stipulate the level of protection for most protected areas. These categories are defined as follows:   \n  \n(Ia) Strict Nature Reserves: protected areas designed to preserve biodiversity and all geological features. Limited human use (e.g., scientific study, education) is allowed and carefully monitored. Strict nature reserves are often used to understand the impact of indirect human disturbance (e.g., burning fossil fuels) because of the area\u2019s high level of preservation.   \n  \n(Ib) Wilderness Areas: protected areas managed to preserve ecosystem processes with limited human use. Wilderness areas cannot contain modern infrastructure (e.g., a visitor\u2019s center), but they allow for local indigenous groups to maintain subsistence lifestyles. These areas are often established to restore disturbed environments.   \n  \n(II) National Parks: protected areas designed to preserve large-scale ecosystems and support human visitation. With conservation as a priority, these areas allow infrastructure and contribute to the local economy by providing opportunities for environmental educational and recreation.   \n  \n(III) National Monuments or Features: areas established to protect a specific natural feature (e.g., cave, grove) or human-made monument with significant historical, spiritual, or environmental importance and the immediate surroundings. Accordingly, natural monuments or features are typically smaller in area and have high human impact resulting from visitor traffic.   \n  \n(IV) Habitat and Species Management Areas: areas designed to conserve specific wildlife populations and/or habitats. Habitat and species management areas often exist within a larger ecosystem or protected area and are carefully managed (e.g., through hunting abatement or habitat restoration) to conserve a target species or habitat.   \n  \n(V) Protected Landscapes and Seascapes: protected areas with ecological, biological, or cultural importance that have been shaped by human use of the landscape. Protected landscapes and seascapes typically cover entire bodies of land or ocean and allow for a number of for-profit activities (e.g., ecotourism) in accordance with the region\u2019s management plan.   \n  \n(VI) Protected Areas with Sustainable Use of Natural Resources: areas designed to manage natural resources and uphold the livelihoods of surrounding communities. These regions have a low level of human occupation, small-scale developments (i.e., not industrial), and part of the landscape in its natural condition.   \n  \nResource Watch shows only a subset of the data set. For access to the full data set and additional information, see the Learn More link.", "source": "UNEP-WCMC/IUCN", "info": {"rwId": "bio.007", "data_type": "Vector", "name": "World Database on Protected Areas", "sources": [{"source-name": "United Nations Environment Programme World Conservation Monitoring Centre (UNEP-WCMC)", "id": 0, "source-description": ""}, {"source-name": "International Union for Conservation of Nature (IUCN)", "id": 1, "source-description": ""}], "technical_title": "World Database on Protected Areas", "functions": "Legally protected areas, according to various designations (e.g., national parks, state reserves, and wildlife reserves), which are managed to achieve conservation objectives", "cautions": "Protected area boundaries come from a variety of sources, with varying accuracy, up-to-dateness, and resolution. Data for some countries may be imprecise, miss some protected areas, or include boundaries that have since been canceled. Protected area designations, such as \"national park,\" can be applied differently in different countries and may be associated with different IUCN categories. Only areas that meet the IUCN definition of protected area are collected by the WDPA, and thus the data may differ from national-level data on protected areas. Protected areas with no boundary data are displayed as boxes that represent the reported protected area size. The box is centered on a single point location, and the borders do not indicate the real boundary of the protected area.", "citation": "IUCN and UNEP-WCMC. 2017. \"The World Database on Protected Areas (WDPA).\" April. Cambridge, UK: UNEP-WCMC. www.protectedplanet.net. Accessed through Resource Watch, (date). [www.resourcewatch.org](www.resourcewatch.org).", "license": "Restrictions apply", "license_link": "https://www.protectedplanet.net/c/terms-and-conditions", "geographic_coverage": "Global", "spatial_resolution": null, "date_of_content": null, "frequency_of_updates": "Monthly", "learn_more_link": "https://www.protectedplanet.net/", "data_download_link": null, "data_download_original_link": "https://protectedplanet.net/"}, "columns": {"name": {"alias": "Name"}, "desig": {"alias": "Designation"}, "desig_type": {"alias": "Designation Type", "description": "National, regional, international"}, "iucn_cat": {"alias": "IUCN Management Category", "description": "Category I-VI based on management goals"}, "wdpaid": {"alias": "WDPA ID", "description": "World Database on Protected Areas ID number"}, "wdpa_pid": {"alias": "WDPA Parcel ID", "description": "World Database on Protected Areas ID number for parcels within a protected area"}, "pa_def": {"alias": "Protected Area Definition", "description": "1=Meets IUCN definition, 0=Does not meet IUCN definition"}, "orig_name": {"alias": "Original Name", "description": "Name in local language"}, "int_crit": {"alias": "International Criteria"}, "marine": {"alias": "Marine", "description": "0=100% Terrestrial, 1=Coastal, 2=100% Marine"}, "rep_m_area": {"alias": "Reported Marine Area (km\u00b2)", "description": "Area in square kilometers"}, "gis_m_area": {"alias": "GIS Marine Area"}, "rep_area": {"alias": "Reported Area (km\u00b2)", "description": "Area in square kilometers"}, "gis_area": {"alias": "GIS Area"}, "no_take": {"alias": "No Take Status", "description": "All, part, none, not reported, not applicable"}, "no_tk_area": {"alias": "No Take Area (km\u00b2)", "description": "Area in square kilometers"}, "status": {"alias": "Status", "description": "Proposed, inscribed, adopted, designated"}, "status_yr": {"alias": "Status Year", "description": "Year of enactment of status"}, "gov_type": {"alias": "Governance Type", "description": "Governance level, delegation, profit or non-profit, joint or individual, indigenous"}, "own_type": {"alias": "Ownership Type", "description": "Ownership level, delegation, profit or non-profit, joint or individual, indigenous"}, "mang_auth": {"alias": "Management Authority", "description": "Individual or group that manages the protected area"}, "mang_plan": {"alias": "Management Plan", "description": "Link or reference to the protected area\u2019s management plan"}, "verif": {"alias": "Verification", "description": "State verified, expert verified, not reported"}, "metadataid": {"alias": "Metadata ID"}, "sub_loc": {"alias": "Subnational Location", "description": "Subnation ISO code"}, "parent_iso": {"alias": "Parent ISO Code"}, "iso3": {"alias": "ISO Code"}, "st_area_sh": {"alias": "Shape Area"}}, "createdAt": "2017-08-28T14:24:39.842Z", "updatedAt": "2019-04-09T19:53:45.990Z", "status": "published"}}], "vocabulary": [{"id": "de452a4c-a55c-464d-9037-8c3e9fe48365", "type": "vocabulary", "attributes": {"resource": {"id": "de452a4c-a55c-464d-9037-8c3e9fe48365", "type": "dataset"}, "tags": ["protected_area", "vector", "geospatial", "global"], "name": "knowledge_graph", "application": "prep"}}, {"id": "de452a4c-a55c-464d-9037-8c3e9fe48365", "type": "vocabulary", "attributes": {"resource": {"id": "de452a4c-a55c-464d-9037-8c3e9fe48365", "type": "dataset"}, "tags": ["biodiversity", "conservation"], "name": "categoryTab", "application": "gfw"}}, {"id": "de452a4c-a55c-464d-9037-8c3e9fe48365", "type": "vocabulary", "attributes": {"resource": {"id": "de452a4c-a55c-464d-9037-8c3e9fe48365", "type": "dataset"}, "tags": ["geospatial", "global", "protected_areas", "biodiversity", "ecosystem", "ocean", "historical"], "name": "knowledge_graph", "application": "rw"}}]}}