{"id": "e5aed7ff-b569-4918-887f-192d66fd95de", "type": "dataset", "attributes": {"name": "Guatemala Forest Change", "slug": "Guatemala-Forest-Change", "type": "raster", "subtitle": null, "application": ["gfw"], "dataPath": null, "attributesPath": null, "connectorType": "wms", "provider": "wms", "userId": "59db4eace9c1380001d6e4c3", "connectorUrl": "https://s3.amazonaws.com/wri-tiles/GTM/guatemala_2001_2006/{z}/{x}/{y}.png", "tableName": null, "status": "saved", "published": true, "overwrite": false, "verified": false, "blockchain": {}, "mainDateField": null, "env": "production", "geoInfo": false, "protected": true, "legend": {"date": [], "region": [], "country": [], "nested": []}, "clonedHost": {}, "errorMessage": null, "taskId": null, "updatedAt": "2018-11-21T14:02:58.617Z", "dataLastUpdated": null, "widget": [], "widgetRelevantProps": [], "layerRelevantProps": [], "layer": [{"id": "43300ba5-03c4-4bc1-b02f-d699d9ba91ba", "type": "layer", "attributes": {"name": "Guatemala forest change - 2001-2006", "slug": "Guatemala-Forest-Change-2001-2006", "dataset": "e5aed7ff-b569-4918-887f-192d66fd95de", "description": "Identifies forest gain, loss, and stable forest cover for the time period 2001-2006.", "application": ["gfw"], "iso": ["GTM"], "provider": "leaflet", "userId": "59db4eace9c1380001d6e4c3", "default": true, "protected": true, "published": true, "env": "production", "layerConfig": {"url": "https://s3.amazonaws.com/wri-tiles/GTM/guatemala_2001_2006/{z}/{x}/{y}.png", "service": "leaflet", "type": "tileLayer", "params_config": [], "sql_config": [], "body": {"maxzoom": 15}}, "legendConfig": {"type": "basic", "items": [{"color": "#669c57", "name": "\u00c1reas de bosque"}, {"color": "#ffdead", "name": "\u00c1reas sin bosque"}, {"color": "#91e6ff", "name": "Agua"}, {"color": "#ffffff", "name": "Nubes"}, {"color": "#EC9BFF", "name": "P\u00e9rdida de bosque"}, {"color": "#5C3CFF", "name": "Ganancia de boque"}]}, "interactionConfig": {}, "applicationConfig": {"default": true, "active": true, "global": false, "selectorConfig": {"label": "2001-2006", "value": "gtmChange2006", "position": 1}, "metadata": "gtm_forest_change_01_06"}, "staticImageConfig": {}, "updatedAt": "2018-11-21T14:02:58.832Z"}}, {"id": "2fe559f6-9ae7-4a47-87fb-a33a128652ed", "type": "layer", "attributes": {"name": "Guatemala forest change - 2001-2006", "slug": "Guatemala-Forest-Change-2006-2010", "dataset": "e5aed7ff-b569-4918-887f-192d66fd95de", "description": "Identifies forest gain, loss, and stable forest cover for the time period 2006-2010.", "application": ["gfw"], "iso": ["GTM"], "provider": "leaflet", "userId": "59db4eace9c1380001d6e4c3", "default": false, "protected": true, "published": true, "env": "production", "layerConfig": {"body": {"maxzoom": 15}, "params_config": [], "service": "leaflet", "sql_config": [], "type": "tileLayer", "url": "https://s3.amazonaws.com/wri-tiles/GTM/guatemala2006_2010/{z}/{x}/{y}.png"}, "legendConfig": {"type": "basic", "items": [{"color": "#669c57", "name": "\u00c1reas de bosque"}, {"color": "#ffdead", "name": "\u00c1reas sin bosque"}, {"color": "#91e6ff", "name": "Agua"}, {"color": "#ffffff", "name": "Nubes"}, {"color": "#EC9BFF", "name": "P\u00e9rdida de bosque"}, {"color": "#5C3CFF", "name": "Ganancia de boque"}]}, "interactionConfig": {}, "applicationConfig": {"default": false, "active": true, "global": false, "selectorConfig": {"label": "2006-2010", "value": "gtmChange2010", "position": 0}, "metadata": "gtm_forest_change_06_10"}, "staticImageConfig": {}, "updatedAt": "2018-11-21T14:02:59.190Z"}}], "metadata": [{"id": "5b64554cb6baae001154d1ae", "type": "metadata", "attributes": {"dataset": "e5aed7ff-b569-4918-887f-192d66fd95de", "application": "gfw", "resource": {"id": "e5aed7ff-b569-4918-887f-192d66fd95de", "type": "dataset"}, "language": "en", "info": {"name": "Guatemala forest change", "color": "#fe6598", "isSelectorLayer": true, "description": "Identifies forest gain, loss, and stable forest cover for the time period 2001-2006.", "citation": "2001-2006"}, "createdAt": "2018-08-03T13:14:52.373Z", "updatedAt": "2018-11-06T15:58:01.905Z", "status": "published"}}], "vocabulary": [{"id": "e5aed7ff-b569-4918-887f-192d66fd95de", "type": "vocabulary", "attributes": {"resource": {"id": "e5aed7ff-b569-4918-887f-192d66fd95de", "type": "dataset"}, "tags": ["forestChange", "treeCoverChange"], "name": "categoryTab", "application": "gfw"}}]}}