{"id": "e663eb09-04de-4f39-b871-35c6c2ed10b5", "type": "dataset", "attributes": {"name": "Deforestation alerts (GLAD)", "slug": "GLAD-data-for-download-1490086842133", "type": "tabular", "subtitle": "GLAD weekly 30m forest loss alerts (UMD)", "application": ["gfw"], "dataPath": null, "attributesPath": null, "connectorType": "document", "provider": "csv", "userId": "57a0aa1071e394dd32ffe137", "connectorUrl": "http://gfw2-data.s3.amazonaws.com/alerts-tsv/glad/russia_2015.csv", "tableName": "index_e663eb0904de4f39b87135c6c2ed10b5", "status": "saved", "published": true, "overwrite": true, "verified": false, "blockchain": {}, "subscribable": {"undefined": "select count(*) as value from e663eb09-04de-4f39-b871-35c6c2ed10b5 where julian_day >= {{begin_day}} and julian_day <= {{end_day}} and year in ({{begin_year}}, {{end_year}}))"}, "mainDateField": null, "env": "production", "geoInfo": true, "protected": true, "legend": {"date": [], "region": ["region"], "country": [], "nested": [], "lat": "lat", "long": "long"}, "clonedHost": {}, "errorMessage": "Request Timeout after 30000ms", "taskId": null, "updatedAt": "2019-06-10T16:19:35.619Z", "dataLastUpdated": null, "widgetRelevantProps": ["country_iso", "julian_day", "year"], "layerRelevantProps": ["country_iso", "lat", "long", "the_geom", "the_geom_point", "year", "julian_day"], "layer": [{"id": "e13f6610-ee60-42b8-900f-1c814fb937fc", "type": "layer", "attributes": {"name": "GLAD alerts", "slug": "glad-alerts", "dataset": "e663eb09-04de-4f39-b871-35c6c2ed10b5", "description": "GLAD alerts", "application": ["gfw-pro"], "iso": [], "provider": "leaflet", "userId": "596cde70824315350dd0f116", "default": true, "protected": false, "published": true, "env": "production", "layerConfig": {"type": "tileLayer", "body": {"options": {"color": [220, 102, 153]}, "coverage-options": {"opacity": 0.3, "color": "#f69"}, "css-url": "https://github.com/Vizzuality/gfw/blob/develop/app/assets/javascripts/map/cartocss/style.cartocss", "url": "https://tiles.globalforestwatch.org/glad_prod/tiles/{z}/{x}/{y}.png", "useCors": true, "metadata": "https://production-api.globalforestwatch.org/v1/gfw-metadata/umd_landsat_alerts"}}, "legendConfig": {"items": [{"categories": [{"name": "Recent alerts", "color": "#e4c600"}, {"name": "Show only confirmed alerts", "color": "#d7668f"}, {"name": "Geographic coverage", "color": "#f69"}], "name": "GLAD alerts", "source": "(weekly, 30m, select countries, UMD/GLAD)", "color": "#dc6699"}], "type": "basic"}, "interactionConfig": {}, "applicationConfig": {}, "staticImageConfig": {}, "updatedAt": "2018-10-02T12:55:43.661Z"}}, {"id": "5b19ee01-1de5-4f65-ad5d-b7d58e487cc5", "type": "layer", "attributes": {"name": "GLAD Tree Cover Loss", "slug": "Glad-loss", "dataset": "e663eb09-04de-4f39-b871-35c6c2ed10b5", "description": "", "application": ["rw"], "iso": [], "provider": "leaflet", "userId": "57a0aa1071e394dd32ffe137", "default": true, "protected": false, "published": true, "env": "production", "layerConfig": {"type": "tileLayer", "service": "leaflet", "url": "https://api.resourcewatch.org/v1/true-color-tiles/glad/{z}/{x}/{y}", "body": {"format": "image/png", "maxZoom": 13, "errorTileUrl": "https://storage.googleapis.com/earthenginepartners-hansen/tiles/gfc_v1.4/tree_alpha/6/37/29.png", "attribution": "2016 wri/google/Hansen", "transparent": true}}, "legendConfig": {"type": "basic", "items": [{"name": "Loss (For the past 24 months)", "color": "#dc1e8c"}]}, "interactionConfig": {}, "applicationConfig": {}, "staticImageConfig": {}, "updatedAt": "2018-02-01T10:18:44.925Z"}}, {"id": "9a370f5a-6631-44e3-a955-7f3884c27d91", "type": "layer", "attributes": {"name": "GLAD alerts staging", "slug": "GLAD-alerts-staging", "dataset": "e663eb09-04de-4f39-b871-35c6c2ed10b5", "description": "GLAD alerts on staging", "application": ["gfw"], "iso": [], "provider": "leaflet", "userId": "57a0aa1071e394dd32ffe137", "default": false, "protected": true, "published": true, "env": "staging", "layerConfig": {"body": {"coverage-options": {"color": "#f69", "opacity": 0.3}, "css-url": "https://github.com/Vizzuality/gfw/blob/develop/app/assets/javascripts/map/cartocss/style.cartocss", "format": "image/png", "maxzoom": 12, "metadata": "https://production-api.globalforestwatch.org/v1/gfw-metadata/umd_landsat_alerts", "minzoom": 2, "options": {"color": "#DC6699"}, "url": "https://tiles.globalforestwatch.org/glad_staging/tiles/{z}/{x}/{y}.png", "useCors": true}, "decode_config": [{"default": "2015-01-01", "key": "startDate", "required": true}, {"key": "endDate", "required": true, "url": "http://staging-api.globalforestwatch.org/v1/glad-alerts/latest"}], "params_config": [{"default": 12, "key": "dataMaxZoom", "required": true}], "service": "leaflet", "timeline_config": {"dateFormat": "YYYY-MM-DD", "interval": "weeks", "speed": 100, "step": 1}, "type": "tileLayer"}, "legendConfig": {"items": [{"color": "#dc6699", "name": "GLAD alerts staging"}, {"color": "#e4c600", "name": "Recent alerts"}], "type": "basic"}, "interactionConfig": {}, "applicationConfig": {"active": true, "analysisConfig": [{"key": "value", "service": "glad-alerts", "type": "geostore", "unit": "counts"}, {"key": "value", "service": "glad-alerts", "type": "admin", "unit": "counts"}], "default": false, "global": true, "metadata": "umd_landsat_alerts", "multiConfig": {"color": "#dc6699", "position": 0}, "subscriptionKey": "glad-alerts"}, "staticImageConfig": {}, "updatedAt": "2019-03-08T13:16:57.436Z"}}, {"id": "98d2d65c-df0a-4b6e-b420-8181f44df6f1", "type": "layer", "attributes": {"name": "Geographic coverage", "slug": "GLAD-geographic-coverage", "dataset": "e663eb09-04de-4f39-b871-35c6c2ed10b5", "description": "Coverage of the GLAD layer", "application": ["gfw"], "iso": [], "provider": "cartodb", "userId": "57a0aa1071e394dd32ffe137", "default": false, "protected": true, "published": true, "env": "production", "layerConfig": {"account": "wri-01", "body": {"layers": [{"options": {"cartocss": "#glad_coverage{ polygon-fill: #FDCCDC; polygon-opacity: 0.7; line-color: #FDCCDC; line-width: 1; line-opacity: 1; }", "cartocss_version": "2.3.0", "sql": "SELECT * FROM glad_coverage_1"}, "type": "cartodb"}], "maxzoom": 19, "minzoom": 2, "vectorLayers": [{"type": "fill", "source-layer": "layer0", "paint": {"fill-opacity": 0.7, "fill-color": "#FDCCDC"}}, {"type": "line", "source-layer": "layer0", "paint": {"line-opacity": 1, "line-color": "#FDCCDC", "line-width": 1}}]}, "params_config": [], "sql_config": []}, "legendConfig": {}, "interactionConfig": {}, "applicationConfig": {"active": true, "default": false, "global": true, "multiConfig": {"color": "#dc6699", "position": 2}}, "staticImageConfig": {}, "updatedAt": "2019-04-02T15:12:41.163Z"}}, {"id": "dd5df87f-39c2-4aeb-a462-3ef969b20b66", "type": "layer", "attributes": {"name": "Deforestation alerts (GLAD)", "slug": "GLAD-alerts", "dataset": "e663eb09-04de-4f39-b871-35c6c2ed10b5", "description": "Identifies areas of likely tree cover loss in near-real time", "application": ["gfw"], "iso": [], "provider": "leaflet", "userId": "57a0aa1071e394dd32ffe137", "default": true, "protected": true, "published": true, "env": "production", "layerConfig": {"body": {"coverage-options": {"color": "#f69", "opacity": 0.3}, "css-url": "https://github.com/Vizzuality/gfw/blob/develop/app/assets/javascripts/map/cartocss/style.cartocss", "format": "image/png", "maxzoom": 12, "metadata": "https://production-api.globalforestwatch.org/v1/gfw-metadata/umd_landsat_alerts", "minzoom": 2, "options": {"color": "#DC6699"}, "url": "https://tiles.globalforestwatch.org/glad_prod/tiles/{z}/{x}/{y}.png", "useCors": true}, "decode_config": [{"default": "2015-01-01", "key": "startDate", "required": true}, {"key": "endDate", "required": true, "url": "http://production-api.globalforestwatch.org/v1/glad-alerts/latest"}], "params_config": [{"default": 12, "key": "dataMaxZoom", "required": true}], "service": "leaflet", "timeline_config": {"dateFormat": "YYYY-MM-DD", "interval": "weeks", "speed": 100, "step": 1}, "type": "tileLayer"}, "legendConfig": {"items": [{"color": "#dc6699", "name": "GLAD alerts"}, {"color": "#e4c600", "name": "Recent alerts"}], "type": "basic"}, "interactionConfig": {}, "applicationConfig": {"active": true, "analysisConfig": [{"key": "value", "service": "glad-alerts", "type": "geostore", "unit": "counts"}, {"key": "value", "service": "glad-alerts", "type": "admin", "unit": "counts"}], "default": true, "global": true, "metadata": "umd_landsat_alerts", "multiConfig": {"color": "#dc6699", "position": 0}, "subscriptionKey": "glad-alerts"}, "staticImageConfig": {}, "updatedAt": "2019-06-10T16:12:06.792Z"}}, {"id": "581ecc62-9a70-4ef4-8384-0d59363e511d", "type": "layer", "attributes": {"name": "Places to Watch", "slug": "Places-to-Watch", "dataset": "e663eb09-04de-4f39-b871-35c6c2ed10b5", "description": "Identify areas of high-priority GLAD alerts on a monthly basis.", "application": ["gfw"], "iso": [], "provider": "cartodb", "userId": "57a0aa1071e394dd32ffe137", "default": false, "protected": true, "published": true, "env": "production", "layerConfig": {"account": "wri-01", "body": {"layers": [{"options": {"cartocss": "#ptw_grid_score_gt_0[marker=true]{ marker-file: url(https://www.globalforestwatch.org/assets/layer-icons/ptw-mongabay.svg); marker-width: 20; } #ptw_grid_score_gt_0[marker=true][zoom>2]{ marker-width: 21; } #ptw_grid_score_gt_0[marker=true][zoom>3]{ marker-width: 22; } #ptw_grid_score_gt_0[marker=true][zoom>4]{ marker-width: 24; } #ptw_grid_score_gt_0[marker=true][zoom>5]{ marker-width: 26; } #ptw_grid_score_gt_0[marker=true][zoom>6]{ marker-width: 28; } #ptw_grid_score_gt_0[marker=true][zoom>7]{ marker-width: 30; } #ptw_grid_score_gt_0[marker=false]{ polygon-opacity: 0; polygon-fill: #D53369; line-width: 0; line-opacity: 0; } #ptw_grid_score_gt_0[marker=true][zoom>9]{ marker-opacity: 0; } #ptw_grid_score_gt_0[marker=false][zoom>9]{ polygon-opacity: 1; }", "cartocss_version": "2.3.0", "sql": "WITH pc as (SELECT * from ptw_config_table where published = TRUE), pg as ( select grid_id, st_symdifference(st_makevalid(ST_Buffer(st_centroid(the_geom_webmercator),5500, 'quad_segs=24')), st_makevalid(ST_Buffer(st_centroid(the_geom_webmercator),5100, 'quad_segs=24'))) as the_geom_webmercator from ptw_grid_may2018_score_gt_0 where grid_id in (select grid_id from pc)), ptw AS (SELECT pc.cartodb_id, pc.grid_id, pc.glad_count, pc.name, pc.LINK, pc.image, pc.image_source, pc.overlap_pa, pc.overlap_ifl, pc.description, 'ptw_grid_may2018_score_gt_0'::text AS tablename, 'ptw_top_10'::text AS LAYER, TRUE AS actions, TRUE AS analize, TRUE AS readmore, FALSE AS analysis FROM ptw_config_table pc WHERE pc.published = TRUE) SELECT ptw.*, FALSE AS marker, pg.the_geom_webmercator, st_asgeojson(ST_transform(ST_Envelope(pg.the_geom_webmercator),4326)) bbox FROM ptw INNER JOIN pg ON ptw.grid_id = pg.grid_id UNION ALL SELECT ptw.*, TRUE AS marker, St_centroid(pg.the_geom_webmercator) AS the_geom_webmercator,st_asgeojson(ST_transform(ST_Envelope(pg.the_geom_webmercator), 4326)) bbox FROM ptw INNER JOIN pg ON ptw.grid_id = pg.grid_id"}, "type": "cartodb"}], "maxzoom": 19, "metadata": "https://production-api.globalforestwatch.org/v1/gfw-metadata/places_to_watch", "minzoom": 2, "vectorLayers": [{"layout": {"icon-allow-overlap": false, "icon-ignore-placement": false, "icon-image": "ptw-mongabay"}, "maxzoom": 8, "metadata": {"position": "top"}, "source-layer": "layer0", "type": "symbol"}, {"minzoom": 8, "paint": {"line-color": "#D53369"}, "source-layer": "layer0", "type": "line"}, {"minzoom": 8, "paint": {"fill-color": "#D53369"}, "source-layer": "layer0", "type": "fill"}]}, "params_config": [], "sql_config": []}, "legendConfig": {}, "interactionConfig": {"article": true, "output": [{"column": "name", "format": null, "prefix": "", "property": "Name", "renderKey": "title", "suffix": "", "type": "string"}, {"column": "link", "format": null, "prefix": "", "property": "Link", "renderKey": "readMoreLink", "suffix": "", "type": "string"}, {"column": "image", "format": null, "prefix": "", "property": "Image", "renderKey": "image", "suffix": "", "type": "string"}, {"column": "image_source", "format": null, "prefix": "", "property": "Image source", "renderKey": "imageCredit", "suffix": "", "type": "string"}, {"column": "description", "format": null, "prefix": "", "property": "Description", "renderKey": "summary", "suffix": "", "type": "string"}, {"column": "analysis", "format": null, "prefix": "", "property": "Analysis", "suffix": "", "type": "string"}, {"column": "overlap_ifl", "format": null, "prefix": "", "property": "Overlaps an IFL", "suffix": "", "type": "string"}, {"column": "overlap_pa", "format": null, "prefix": "", "property": "Overlaps a PA", "suffix": "", "type": "string"}, {"column": "readmore", "format": null, "prefix": "", "property": "Read More", "suffix": "", "type": "string"}, {"column": "bbox", "format": null, "prefix": "", "property": "BBox", "suffix": "", "type": "string"}, {"column": "cartodb_id", "format": null, "hidden": true, "property": "cartodb_id", "type": "number"}], "type": "intersection"}, "applicationConfig": {"active": true, "default": false, "global": true, "analysisEndpoint": "ptw", "metadata": "places_to_watch", "moreInfo": {"linkText": "Sign up for monthly PTW email updates", "linkUrl": "http://connect.wri.org/l/120942/2017-12-07/3mtt5w", "text": ""}, "multiConfig": {"color": "#dc6699", "position": 3}}, "staticImageConfig": {}, "updatedAt": "2019-06-13T17:32:01.215Z"}}, {"id": "667ad6e4-33ab-49a3-9186-d2ac0b0d0d29", "type": "layer", "attributes": {"name": "Show only confirmed alerts", "slug": "Show-only-confirmed-alerts", "dataset": "e663eb09-04de-4f39-b871-35c6c2ed10b5", "description": "Alerts become confirmed when a second satellite pass has also identified the pixel as an alert. Most of the alerts that are not confirmed have not had another satellite pass, due to the 8-day revisit time or cloud cover.", "application": ["gfw"], "iso": [], "provider": "cartodb", "userId": "59db4eace9c1380001d6e4c3", "default": false, "protected": true, "published": true, "env": "production", "layerConfig": {}, "legendConfig": {}, "interactionConfig": {}, "applicationConfig": {"active": true, "confirmedOnly": true, "default": false, "global": true, "multiConfig": {"position": 1}, "analysisConfig": [{"key": "value", "service": "glad-alerts", "type": "geostore", "unit": "counts", "query": {"param": "gladConfirmOnly", "value": true}}, {"key": "value", "service": "glad-alerts", "type": "admin", "unit": "counts", "query": {"param": "gladConfirmOnly", "value": true}}]}, "staticImageConfig": {}, "updatedAt": "2018-11-21T13:54:59.751Z"}}, {"id": "832326e5-8f3a-437e-8916-4a30411f3867", "type": "layer", "attributes": {"name": "GLAD Tree Cover Loss", "slug": "GLAD-Tree-Cover-Loss", "dataset": "e663eb09-04de-4f39-b871-35c6c2ed10b5", "application": ["ng"], "iso": [], "provider": "leaflet", "userId": "57a0aa1071e394dd32ffe137", "default": true, "protected": false, "published": true, "env": "production", "layerConfig": {"body": {"transparent": true, "attribution": "2016 wri/google/Hansen", "errorTileUrl": "https://storage.googleapis.com/earthenginepartners-hansen/tiles/gfc_v1.4/tree_alpha/6/37/29.png", "maxZoom": 13, "format": "image/png"}, "url": "https://api.resourcewatch.org/v1/true-color-tiles/glad/{z}/{x}/{y}", "service": "leaflet", "type": "tileLayer"}, "legendConfig": {"items": [{"color": "#dc1e8c", "name": "Loss (For the past 24 months)"}], "type": "basic"}, "interactionConfig": {}, "applicationConfig": {}, "staticImageConfig": {}, "updatedAt": "2018-10-02T11:21:16.827Z"}}, {"id": "94f8baad-3ae4-48ee-aaf7-fbcc649b45b9", "type": "layer", "attributes": {"name": "Uncurated Places to Watch", "slug": "Uncurated-places-to-watch", "dataset": "e663eb09-04de-4f39-b871-35c6c2ed10b5", "description": "Identify areas of high-priority GLAD alerts on a monthly basis. Staging version.", "application": ["gfw"], "iso": [], "provider": "cartodb", "userId": "59db4eace9c1380001d6e4c3", "default": false, "protected": true, "published": true, "env": "staging", "layerConfig": {"account": "wri-01", "body": {"layers": [{"options": {"cartocss": "#ptw_grid_score_gt_0[dtype=false]{ marker-file: url(https://s3.amazonaws.com/com.cartodb.users-assets.production/production/wri-01/assets/2017032412475624.png); marker-width: 24; } #ptw_grid_score_gt_0[dtype=false][zoom>4]{ marker-file: url(https://s3.amazonaws.com/com.cartodb.users-assets.production/production/wri-01/assets/2017032412491134.png); marker-width: 34; } #ptw_grid_score_gt_0[dtype=false][zoom>5]{ marker-file: url(https://s3.amazonaws.com/com.cartodb.users-assets.production/production/wri-01/assets/2017032412480244.png); marker-width: 44; } #ptw_grid_score_gt_0[dtype=false][zoom>5]{ marker-file: url(https://s3.amazonaws.com/com.cartodb.users-assets.production/production/wri-01/assets/2017032412480954.png); marker-width: 54; } #ptw_grid_score_gt_0[dtype=false][zoom>6]{ marker-file: url(https://s3.amazonaws.com/com.cartodb.users-assets.production/production/wri-01/assets/20170302110128ptw-icon-outline.svg); marker-width: 74; marker-fill-opacity: 1; marker-line-width: 14; marker-fill: #F7C420; } #ptw_grid_score_gt_0[dtype=false][zoom>7]{marker-width: 84;} #ptw_grid_score_gt_0[dtype=false][zoom>8]{ marker-width: 0; marker-opacity:0; marker-line-opacity: 0; } #ptw_grid_score_gt_0[zoom<6][dtype=true]{ polygon-fill: transparent; line-width:0; polygon-opacity: 0; line-color: transparent; marker-fill-opacity: 0; marker-line-color: transparent; marker-allow-overlap: true; marker-width: 0; } #ptw_grid_score_gt_0[zoom>6][dtype=true]{ marker-opacity: 1; marker-multi-policy: whole; marker-placement: point; marker-width: 10; marker-ignore-placement: false; marker-spacing:50; marker-max-error:5; marker-fill-opacity: 0; marker-allow-overlap: true; marker-width: 0; marker-line-opacity: 0; polygon-fill: transparent; line-width:2; polygon-opacity: 0.75; line-color: #ffa300; }", "cartocss_version": "2.3.0", "sql": "WITH r AS ( SELECT cartodb_id, the_geom_webmercator, grid_id FROM ptw_grid_global_march2019 ORDER BY cartodb_id ASC ), fc AS ( SELECT pt.cartodb_id, pt.glad_count, pt.the_geom_webmercator, pt.grid_id, pt.datestamp, pt.score FROM ptw_top_10 pt), f AS ( SELECT r.*, fc.glad_count, to_char(fc.datestamp, 'MM/DD/YYYY') as datestamp, fc.score, 'ptw_grid_global_march2019' :: text AS tablename, 'ptw_top_10' :: text AS LAYER, FALSE AS actions, FALSE AS analize, FALSE AS readmore, FALSE AS analysis FROM r inner join fc ON r.grid_id = fc.grid_id ) (SELECT cartodb_id, St_centroid(the_geom_webmercator) AS the_geom_webmercator, grid_id, glad_count, datestamp, score as ptw_score, 'ptw_grid_global_march2019' :: text AS tablename, 'ptw_top_10' :: text AS LAYER, FALSE AS actions, FALSE AS analize, FALSE AS readmore, FALSE AS analysis, FALSE AS dtype FROM f UNION ALL SELECT f.*, TRUE AS dtype FROM f ORDER  BY grid_id ASC)"}, "type": "cartodb"}], "maxzoom": 19, "metadata": "https://production-api.globalforestwatch.org/v1/gfw-metadata/places_to_watch", "minzoom": 2, "vectorLayers": [{"filter": ["all", ["==", "dtype", false]], "layout": {"icon-image": "uncurated-ptw-mongabay", "icon-allow-overlap": true, "icon-ignore-placement": true}, "maxzoom": 5, "source-layer": "layer0", "type": "symbol"}, {"filter": ["all", ["==", "dtype", true]], "minzoom": 5, "paint": {"fill-color": "transparent"}, "source-layer": "layer0", "type": "fill"}, {"filter": ["all", ["==", "dtype", true]], "minzoom": 5, "paint": {"line-color": "#ffa300", "line-width": 2}, "source-layer": "layer0", "type": "line"}]}, "params_config": [], "sql_config": []}, "legendConfig": {}, "interactionConfig": {"output": [{"column": "ptw_score", "format": null, "prefix": "", "property": "PTW Score", "suffix": "", "type": "number"}, {"column": "tablename", "format": null, "prefix": "", "property": "Table Name", "suffix": "", "type": "string"}, {"column": "glad_count", "format": null, "property": "Glad Count", "type": "number"}, {"column": "grid_id", "format": null, "property": "Grid id", "type": "string"}, {"column": "analysis", "format": null, "prefix": "", "property": "Analysis", "suffix": "", "type": "bool"}, {"column": "cartodb_id", "format": null, "hidden": true, "property": "cartodb_id", "type": "number"}], "type": "intersection"}, "applicationConfig": {"active": true, "analysisEndpoint": "ptw", "default": false, "global": true, "metadata": "places_to_watch", "multiConfig": {"color": "#dc6699", "position": 3}}, "staticImageConfig": {}, "updatedAt": "2019-05-13T16:55:06.579Z"}}, {"id": "d4569413-93a6-4d22-a153-951236879e05", "type": "layer", "attributes": {"name": "GLAD alerts", "slug": "GLAD-alerts_2", "dataset": "e663eb09-04de-4f39-b871-35c6c2ed10b5", "description": "Identifies areas of likely tree cover loss in near-real time", "application": ["forest-atlas"], "iso": [], "provider": "leaflet", "userId": "58750a56dfc643722bdd02ab", "default": true, "protected": true, "published": true, "env": "production", "layerConfig": {"body": {"coverage-options": {"color": "#f69", "opacity": 0.3}, "css-url": "https://github.com/Vizzuality/gfw/blob/develop/app/assets/javascripts/map/cartocss/style.cartocss", "format": "image/png", "maxzoom": 12, "metadata": "https://production-api.globalforestwatch.org/v1/gfw-metadata/umd_landsat_alerts", "minzoom": 2, "options": {"color": "#DC6699", "mapBuilderConfig": {"sublabel": {"ka": "(\u10e7\u10dd\u10d5\u10d4\u10da\u10d9\u10d5\u10d8\u10e0\u10d4\u10e3\u10da\u10d8, 30\u10db, \u10d0\u10d0\u10e0\u10e9\u10d8\u10d4\u10d7 \u10e5\u10d5\u10d4\u10e7\u10dc\u10d4\u10d1\u10d8, UMD/ GLAD)", "zh": "(weekly, 30m, select countries, UMD/ GLAD)", "id": "(weekly, 30m, select countries, UMD/ GLAD)", "pt": "(semanal, 30m, select countries, UMD/ GLAD)", "es": "(semanal, 30m, select countries, UMD/ GLAD)", "fr": "(hebdomadaire, 30m, certains pays, UMD/ GLAD)", "en": "(weekly, 30m, select countries, UMD/ GLAD)"}, "label": {"ka": "GLAD \u10e8\u10d4\u10e2\u10e7\u10dd\u10d1\u10d8\u10dc\u10d4\u10d1\u10d4\u10d1\u10d8", "zh": "GLAD Alerts", "id": "GLAD Alerts", "pt": "Alertas GLAD", "es": "Alertas GLAD", "fr": "Alertes GLAD", "en": "GLAD Alerts"}, "confidence": [0, 1], "maxDateValue": 999999, "minDateValue": 15000, "legendLayer": [7], "technicalName": "umd_landsat_alerts", "url": "https://tiles.globalforestwatch.org/glad_prod/tiles/{z}/{x}/{y}.png", "type": "glad", "id": "GLAD_ALERTS"}}, "url": "https://tiles.globalforestwatch.org/glad_prod/tiles/{z}/{x}/{y}.png", "useCors": true}, "decode_config": [{"default": "2015-01-01", "key": "startDate", "required": true}, {"key": "endDate", "required": true, "url": "http://production-api.globalforestwatch.org/v1/glad-alerts/latest"}], "params_config": [{"default": 12, "key": "dataMaxZoom", "required": true}], "service": "leaflet", "timeline_config": {"dateFormat": "YYYY-MM-DD", "interval": "weeks", "speed": 100, "step": 1}, "type": "tileLayer"}, "legendConfig": {"name": {"ka": "GLAD \u10e8\u10d4\u10e2\u10e7\u10dd\u10d1\u10d8\u10dc\u10d4\u10d1\u10d4\u10d1\u10d8", "zh": "GLAD Alerts", "id": "GLAD Alerts", "pt": "Alertas GLAD", "es": "Alertas GLAD", "fr": "Alertes GLAD", "en": "GLAD Alerts"}, "type": "basic", "items": [{"outlineColor": "#555555", "color": "DC6699", "name": {"ka": "GLAD \u10e8\u10d4\u10e2\u10e7\u10dd\u10d1\u10d8\u10dc\u10d4\u10d1\u10d4\u10d1\u10d8", "zh": "GLAD Alerts", "id": "GLAD Alerts", "pt": "Alertas GLAD", "es": "Alertas GLAD", "fr": "Alertes GLAD", "en": "GLAD Alerts"}}, {"outlineColor": "#555555", "color": "#e4c600", "name": {"ka": "Recent alerts", "zh": "Recent alerts", "id": "Recent alerts", "pt": "Recent alerts", "es": "Recent alerts", "fr": "Recent alerts", "en": "Recent alerts"}}]}, "interactionConfig": {}, "applicationConfig": {"active": true, "analysisConfig": [{"key": "value", "service": "glad-alerts", "type": "geostore", "unit": "counts"}, {"key": "value", "service": "glad-alerts", "type": "admin", "unit": "counts"}], "default": true, "global": true, "metadata": "umd_landsat_alerts", "multiConfig": {"color": "#dc6699", "position": 0}, "subscriptionKey": "glad-alerts"}, "staticImageConfig": {}, "updatedAt": "2019-03-08T13:46:20.926Z"}}, {"id": "bc6984b9-630f-4baf-aac5-f0a069b90d4b", "type": "layer", "attributes": {"name": "Places to Watch TEST", "slug": "Places-to-Watch-TEST", "dataset": "e663eb09-04de-4f39-b871-35c6c2ed10b5", "description": "Identify areas of high-priority GLAD alerts on a monthly basis for Mongabay and Commodities. TEST.", "application": ["gfw"], "iso": [], "provider": "cartodb", "userId": "59db4eace9c1380001d6e4c3", "default": false, "protected": false, "published": true, "env": "staging", "layerConfig": {"account": "wri-01", "body": {"layers": [{"options": {"cartocss": "#monga[type = 'mongabay']{ polygon-opacity: 0; polygon-fill: #D53369; line-width: 0; line-opacity: 0; marker-file: url(https://www.globalforestwatch.org/assets/layer-icons/ptw-mongabay.svg); marker-width: 20;} #palm[type = 'palm']{ polygon-opacity: 0; polygon-fill: #FF5C00; line-width: 0; line-opacity: 0; marker-file: url(https://www.globalforestwatch.org/assets/layer-icons/ptw-palm-oil.svg); marker-width: 20;} #soy[type = 'soy'] { polygon-opacity: 0; polygon-fill: #136400; line-width: 0; line-opacity: 0; marker-file: url(https://www.globalforestwatch.org/assets/layer-icons/ptw-soy.svg); marker-width: 20;} #zoom[zoom>1]{ marker-width: 21; } #ptw_grid_score_gt_0[zoom>1]{ marker-width: 22; } #ptw_grid_score_gt_0[zoom>4]{ marker-width: 24; } #ptw_grid_score_gt_0[zoom>5]{ marker-width: 26; } #ptw_grid_score_gt_0[zoom>6]{ marker-width: 28; } #ptw_grid_score_gt_0[zoom>7]{ marker-width: 30; } #ptw_grid_score_gt_0[zoom>8]{ marker-opacity: 0; } #ptw_grid_score_gt_0[zoom>10]{ polygon-opacity: 1; }", "cartocss_version": "2.3.0", "sql": "WITH mb AS (WITH pc AS (SELECT * FROM ptw_config_table WHERE published = TRUE), pg AS ( SELECT grid_id, the_geom_webmercator FROM ptw_grid_may2018_score_gt_0 WHERE grid_id IN (SELECT grid_id FROM pc)), ptw AS ( SELECT pc.cartodb_id, pc.grid_id, pc.glad_count, pc.name, pc.LINK, pc.image, pc.image_source, pc.description, 'ptw_grid_may2018_score_gt_0' :: text AS tablename FROM ptw_config_table pc WHERE pc.published = TRUE) SELECT ptw.*, ST_buffer(St_centroid(pg.the_geom_webmercator), 5500, 'quad_segs=24') AS the_geom_webmercator, St_centroid(pg.the_geom_webmercator) AS point, St_asgeojson(St_transform(St_envelope(pg.the_geom_webmercator), 4326) ) bbox, 'mongabay' :: text AS TYPE FROM ptw inner join pg ON ptw.grid_id = pg.grid_id), soy AS (SELECT score, cartodb_id, grid_id, glad_count, description, name, NULL AS LINK, NULL AS image, NULL AS image_source, NULL AS text, ST_buffer(St_centroid(the_geom_webmercator), 5500, 'quad_segs=24') AS the_geom_webmercator, St_centroid(the_geom_webmercator) AS point, St_asgeojson(St_transform(St_envelope(the_geom_webmercator), 4326)) bbox, 'soy' :: text AS TYPE FROM soy_ptw_top_10 ORDER BY score DESC LIMIT 10 ), palm AS (SELECT score, cartodb_id, grid_id, glad_count, description, name, NULL AS LINK, NULL AS image, NULL AS image_source, NULL AS text, ST_buffer(St_centroid(the_geom_webmercator), 5500, 'quad_segs=24') AS the_geom_webmercator, St_centroid(the_geom_webmercator) AS point, St_asgeojson(St_transform(St_envelope(the_geom_webmercator), 4326)) bbox, 'palm' :: text AS TYPE FROM palm_ptw_top_10 ORDER BY score DESC LIMIT 10) SELECT * FROM mb UNION ALL SELECT cartodb_id, grid_id, glad_count, description, name, link, image, image_source, text, the_geom_webmercator, point, bbox, type FROM palm UNION ALL SELECT cartodb_id, grid_id, glad_count, description, name, link, image, image_source, text, the_geom_webmercator, point, bbox, type FROM soy"}, "type": "cartodb"}], "metadata": "https://production-api.globalforestwatch.org/v1/gfw-metadata/places_to_watch", "vectorLayers": [{"filter": ["all", ["==", "type", "soy"]], "layout": {"icon-allow-overlap": true, "icon-ignore-placement": true, "icon-image": "ptw-soy", "icon-size": 0.7}, "maxzoom": 8, "metadata": {"position": "top"}, "source-layer": "layer0", "type": "symbol"}, {"filter": ["all", ["==", "type", "palm"]], "layout": {"icon-allow-overlap": true, "icon-ignore-placement": true, "icon-image": "ptw-palm-oil", "icon-size": 0.7}, "maxzoom": 8, "metadata": {"position": "top"}, "source-layer": "layer0", "type": "symbol"}, {"filter": ["all", ["==", "type", "mongabay"]], "layout": {"icon-allow-overlap": true, "icon-ignore-placement": true, "icon-image": "ptw-mongabay"}, "maxzoom": 8, "metadata": {"position": "top"}, "source-layer": "layer0", "type": "symbol"}, {"filter": ["all", ["==", "type", "mongabay"]], "minzoom": 8, "paint": {"line-color": "#D53369", "line-width": 3}, "source-layer": "layer0", "type": "line"}, {"filter": ["all", ["==", "type", "mongabay"]], "minzoom": 8, "paint": {"fill-color": "transparent"}, "source-layer": "layer0", "type": "fill"}, {"filter": ["all", ["==", "type", "soy"]], "minzoom": 8, "paint": {"line-color": "#1b6e03", "line-width": 3}, "source-layer": "layer0", "type": "line"}, {"filter": ["all", ["==", "type", "soy"]], "minzoom": 8, "paint": {"fill-color": "transparent"}, "source-layer": "layer0", "type": "fill"}, {"filter": ["all", ["==", "type", "palm"]], "minzoom": 8, "paint": {"line-color": "#ff4a00", "line-width": 3}, "source-layer": "layer0", "type": "line"}, {"filter": ["all", ["==", "type", "palm"]], "minzoom": 8, "paint": {"fill-color": "transparent"}, "source-layer": "layer0", "type": "fill"}]}}, "legendConfig": {"items": [{"color": "#D53369", "icon": "/assets/layer-icons/ptw-mongabay.svg", "name": "Mongabay reporting"}, {"color": "#FF5C00", "icon": "/assets/layer-icons/ptw-palm-oil.svg", "name": "Palm Oil"}, {"color": "#136400", "icon": "/assets/layer-icons/ptw-soy.svg", "name": "Soy"}], "type": "basic"}, "interactionConfig": {"article": true, "output": [{"column": "name", "format": null, "prefix": "", "property": "Name", "renderKey": "title", "suffix": "", "type": "string"}, {"column": "type", "format": null, "prefix": "", "property": "Type", "renderKey": "tag", "suffix": "", "type": "string"}, {"column": "link", "format": null, "prefix": "", "property": "Link", "renderKey": "readMoreLink", "suffix": "", "type": "string"}, {"column": "image", "format": null, "prefix": "", "property": "Image", "renderKey": "image", "suffix": "", "type": "string"}, {"column": "image_source", "format": null, "prefix": "", "property": "Image source", "renderKey": "imageCredit", "suffix": "", "type": "string"}, {"column": "description", "format": null, "prefix": "", "property": "Description", "renderKey": "summary", "suffix": "", "type": "string"}, {"column": "bbox", "format": null, "prefix": "", "property": "BBox", "suffix": "", "type": "string"}, {"column": "cartodb_id", "format": null, "hidden": true, "property": "cartodb_id", "type": "number"}], "type": "intersection"}, "applicationConfig": {"active": true, "analysisEndpoint": "ptw", "default": false, "global": true, "metadata": "places_to_watch", "moreInfo": {"linkText": "Sign up for monthly PTW email updates", "linkUrl": "http://connect.wri.org/l/120942/2017-12-07/3mtt5w", "text": ""}, "multiConfig": {"color": "#dc6699", "position": 4}, "nestedLegend": true, "customMeta": {"mongabay": {"label": "mongabay reporting", "color": "#D53369"}, "soy": {"label": "soy", "color": "#1b6e03"}, "palm": {"label": "palm oil", "color": "#ff4a00"}}, "legendDesc": "The Places to Watch information is based on GLAD alerts from the past month."}, "staticImageConfig": {}, "updatedAt": "2019-06-19T10:04:14.441Z"}}], "metadata": [{"id": "595f849b0d9ed1000bc29a92", "type": "metadata", "attributes": {"dataset": "e663eb09-04de-4f39-b871-35c6c2ed10b5", "application": "rw", "resource": {"id": "e663eb09-04de-4f39-b871-35c6c2ed10b5", "type": "dataset"}, "language": "en", "name": "GLAD Deforestation Alerts", "description": "This data set, created by the Global Land Analysis and Discovery (GLAD) lab at the University of Maryland and supported by Global Forest Watch, is the first Landsat-based alert system for tree cover loss. While most existing loss alert products use 250 m resolution MODIS imagery, these alerts have a 30 m resolution and thus can detect loss at a much finer spatial scale. The alerts are currently operational for select countries in the Amazon, Congo Basin, and Southeast Asia and will eventually be expanded to the rest of the humid tropics. New Landsat 7 and 8 images are downloaded as they are posted online at USGS EROS, assessed for cloud cover or poor data quality, and compared to the 3 previous years of Landsat-derived metrics (including ranks, means, and regressions of red, infrared, and shortwave bands, and ranks of NDVI, NBR, and NDWI). The metrics and the latest Landsat image are run through 7 decision trees to calculate a median probability of forest disturbance. Pixels with probability > 50% are reported as tree cover loss alerts. For more information on methodology, see the paper in Environmental Research Letters. Alerts remain unconfirmed until 2 or more out of 4 consecutive observations are labeled as tree cover loss. Alerts that remain unconfirmed after subsequent observations are removed from the data set. You can choose to view only confirmed alerts in the menu, but keep in mind that using only confirmed alerts misses the newest detections of tree cover loss. Resource Watch shows only a subset of the dataset. For access to the full dataset and additional information, see the Learn More link.", "source": "UMD", "info": {"wri_rw_id": "for.003", "rwId": "for.003", "data_type": "Raster", "name": "GLAD Deforestation Alerts", "sources": [{"source-name": "University of Maryland (UMD)", "id": 0, "source-description": ""}], "technical_title": "Global Land Analysis and Discovery (GLAD) -- Forest Alerts", "functions": "Identifies areas of likely tree cover loss in near-real time.", "cautions": "While Landsat 7 and 8 satellites together have a revisit period of 8 days, cloud cover can significantly limit the availability of imagery, particularly in the wet season. Alert dates represent the instance of detection, though tree cover loss could have taken place earlier, possibly weeks earlier, due to persistent cloud cover. In this data set, \u201ctree cover\u201d is defined as all vegetation greater than 5 m in height with greater than 60% canopy cover and may take the form of natural forests or plantations. \u201cTree cover loss\u201d indicates the canopy removal of at least half a pixel and can be due to a variety of factors, including mechanical harvesting, fire, disease, or storm damage. As such, \u201closs\u201d does not equate to deforestation. In Peru, where the alert system was first developed, the authors evaluated the data to have 13.5% false positives (loss detected where none occurred), though the majority of those false positives (9.5%) occurs on the edges of clearings. On edges, the 30 m Landsat pixels show a mix of forest and other land cover, which makes them prone to error in the system. The rate of false positives drops to 1% when only considering confirmed alerts. The data have 33% false negatives (undetected loss where it has occurred), though most of these occur in secondary forests\u2014likely because the algorithm was created to capture primary forest loss. The higher rate of false negatives compared to false positives also indicates that the alerts are a conservative estimate of the tree cover loss that is actually occurring. When zoomed out, this data layer displays some degree of inaccuracy because the data points must be collapsed to be visible on a larger scale. Zoom in for greater detail.", "citation": "Hansen, M.C., A. Krylov, A. Tyukavina, P.V. Potapov, S. Turubanova, B. Zutta, S. Ifo, B. Margono, F. Stolle, and R. Moore. 2016. \"Humid Tropical Forest Disturbance Alerts Using Landsat Data.\" Environmental Research Letters 11, no. 3. www.globalforestwatch.org. Accessed through Resource Watch, [date]. www.resourcewatch.org.", "license": "Creative Commons Attribution 4.0 International", "license_link": "https://creativecommons.org/licenses/by/4.0/", "geographic_coverage": "Brazil, Peru, Burundi, Cameroon, Central African Republic, Democratic Republic of the Congo, Equatorial Guinea, Gabon, Republic of the Congo, Rwanda, Uganda, Brunei, Indonesia, Malaysia, Papua New Guinea, Timor Leste, Russia (Far East only)", "spatial_resolution": null, "date_of_content": "January 2015-present", "frequency_of_updates": "Weekly (Russia Far East only updated during the growing season)", "learn_more_link": "http://iopscience.iop.org/article/10.1088/1748-9326/11/3/034008", "data_download_link": null, "data_download_original_link": "http://iopscience.iop.org/article/10.1088/1748-9326/11/3/034008"}, "columns": {"lat": {"alias": "Latitude"}, "long": {"alias": "Longitude"}, "year": {"alias": "Year", "description": "Year"}, "the_geom": {"alias": "the_geom", "description": "The geom  projection"}, "country_iso": {"alias": "Country ISO code", "description": "ISO 3166-1 alpha-3 codes are three-letter country codes defined in ISO 3166-1, part of the ISO 3166 standard"}, "julian_day": {"description": "Julian day is the continuous count of days since the beginning of the Julian Period and is used primarily by astronomers.", "alias": "Julian_day"}}, "createdAt": "2017-07-07T12:54:51.681Z", "updatedAt": "2018-03-20T22:12:10.688Z", "status": "published"}}, {"id": "5b7155ccf01fa700114ff192", "type": "metadata", "attributes": {"dataset": "e663eb09-04de-4f39-b871-35c6c2ed10b5", "application": "gfw", "resource": {"id": "e663eb09-04de-4f39-b871-35c6c2ed10b5", "type": "dataset"}, "language": "en", "info": {"citation": "weekly, 30m, tropics, UMD/GLAD", "color": "#DA6899", "description": "Identifies areas of likely tree cover loss in near-real time.", "isMultiLayer": true, "name": "Deforestation alerts (GLAD)"}, "createdAt": "2018-08-13T09:56:28.363Z", "updatedAt": "2019-06-10T16:31:26.691Z", "status": "published"}}], "vocabulary": [{"id": "e663eb09-04de-4f39-b871-35c6c2ed10b5", "type": "vocabulary", "attributes": {"resource": {"id": "e663eb09-04de-4f39-b871-35c6c2ed10b5", "type": "dataset"}, "tags": ["forestChange", "deforestationAlerts"], "name": "categoryTab", "application": "gfw"}}], "widget": [{"id": null, "type": "widget", "attributes": {"id": "6a9adace-68ad-4238-a7fb-ed913fdd6b7a", "type": "widget", "attributes": {"name": "Glad Alerts Widget", "dataset": "e663eb09-04de-4f39-b871-35c6c2ed10b5", "slug": "Glad-Alerts-Widget", "userId": "5b3a57251b3a8854b6338faa", "description": "Widget used in mapbuilder to count the number of GLAD alerts this year, last year, and the 5 month average month average. In order to use this widget the application must add a t period for anlaysis, and geostore ID to the Analysis url.", "application": ["forest-atlas"], "verified": false, "default": false, "protected": false, "defaultEditableWidget": false, "published": true, "thumbnailUrl": "http://wri-api-backups.s3.amazonaws.com/resourcewatch/prod/thumbnails/6a9adace-68ad-4238-a7fb-ed913fdd6b7a-1544494237544.png", "freeze": false, "env": "production", "widgetConfig": {"schema": "https://vega.github.io/schema/vega/v3.0.json", "width": 205, "height": 250, "title": "GLAD Alerts per Month", "padding": 5, "data": [{"name": "data", "format": {"property": "data.attributes.value"}, "url": "https://production-api.globalforestwatch.org/v1/glad-alerts?period=2015-01-01,2019-02-10&aggregate_values=true&aggregate_by=month", "transform": [{"type": "formula", "as": "month", "expr": "datum.month - 1"}, {"type": "impute", "groupby": ["year"], "keyvals": [0, 1, 2, 3, 4, 5, 6, 7, 8, 9, 10, 11], "key": "month", "field": "count", "method": "value", "value": 0}, {"type": "collect", "sort": {"field": ["year", "month"]}}, {"type": "formula", "as": "date", "expr": "datetime(datum.year, datum.month)"}, {"type": "filter", "expr": "datum.date < datetime(2019, 2)"}, {"type": "formula", "as": "month_name", "expr": "monthAbbrevFormat(datum.month)"}]}, {"name": "lookup", "values": [{"year": "2018", "hex": "#8A8A8A", "label": "2018"}, {"year": "2019", "hex": "#FF70FA", "label": "2019"}]}, {"name": "table_viz", "source": "data", "transform": [{"type": "lookup", "from": "lookup", "key": "year", "fields": ["year"], "values": ["hex"]}, {"type": "filter", "expr": "datum.year > 2017"}]}, {"name": "table_av", "source": "data", "transform": [{"type": "filter", "expr": "datum.year < 2019"}, {"type": "aggregate", "groupby": ["month"], "fields": ["count", "count", "year", "year"], "ops": ["average", "count", "min", "max"], "as": ["average", "count", "min_year", "max_year"]}, {"type": "formula", "as": "month_name", "expr": "monthAbbrevFormat(datum.month)"}, {"type": "filter", "expr": "datum.count > 1"}, {"type": "formula", "as": "hex", "expr": "'#CFCFCF'"}, {"type": "formula", "as": "label", "expr": "'Average (' + datum.min_year +' - ' + datum.max_year + ')'"}]}, {"name": "table", "source": "data", "transform": [{"type": "project", "fields": ["month_name", "year", "count"], "as": ["month", "year", "alert_count"]}, {"type": "pivot", "groupby": ["month"], "field": "year", "value": "alert_count"}]}, {"name": "range", "source": "table", "transform": [{"type": "lookup", "from": "table_av", "key": "month_name", "fields": ["month"], "values": ["average"]}, {"type": "fold", "fields": ["2018", "2019", "average"]}, {"type": "project", "fields": ["key", "value", "month"], "as": ["year", "count", "month"]}, {"type": "lookup", "from": "lookup", "key": "year", "fields": ["year"], "values": ["hex", "label"]}, {"type": "filter", "expr": "isNumber(datum.count)"}]}], "scales": [{"name": "x", "type": "band", "padding": 0.3, "align": 1, "range": "width", "domain": {"data": "data", "field": "month_name"}}, {"name": "y", "type": "linear", "range": "height", "domain": {"data": "range", "field": "count"}}, {"name": "color", "type": "ordinal", "domain": {"data": "table_viz", "field": "year"}, "range": {"data": "table_viz", "field": "hex"}}, {"name": "color_av", "type": "ordinal", "domain": {"data": "table_av", "field": "label"}, "range": {"data": "table_av", "field": "hex"}}], "axes": [{"title": "Month", "orient": "bottom", "scale": "x", "labelAngle": -90, "labelAlign": "right", "labelFlushOffset": 15, "labelBound": true, "labelBaseline": "bottom", "bandPosition": 0}, {"title": "Number of Alerts", "orient": "left", "scale": "y", "format": ",.0f"}], "marks": [{"type": "rect", "from": {"data": "table_av"}, "encode": {"enter": {"xc": {"scale": "x", "field": "month_name"}, "width": {"scale": "x", "band": 1}, "y": {"scale": "y", "field": "average"}, "y2": {"scale": "y", "value": 0}}, "update": {"fill": {"value": "#E3E1E3"}, "opacity": {"value": 0.5}}}}, {"type": "group", "from": {"facet": {"name": "series", "data": "table_viz", "groupby": "year"}}, "marks": [{"type": "line", "from": {"data": "series"}, "encode": {"enter": {"x": {"scale": "x", "field": "month_name"}, "y": {"scale": "y", "field": "count"}, "strokeWidth": {"value": 0.6}, "interpolate": {"value": "linear"}, "strokeOpacity": {"value": 1}, "stroke": {"scale": "color", "field": "year"}}}}, {"type": "symbol", "from": {"data": "table_viz"}, "encode": {"enter": {"x": {"scale": "x", "field": "month_name"}, "y": {"scale": "y", "field": "count"}, "fill": {"scale": "color", "field": "year"}, "size": {"value": 13}, "tooltip": [{"signal": "datum.count + ' alerts in ' + monthFormat(datum.month) + ' ' + datum.year"}]}}}]}], "legends": [{"fill": "color", "orient": "bottom", "columnPadding": 10, "direction": "horizontal", "titleFontSize": 11, "labelFontSize": 10, "symbolOpacity": 0.6}, {"fill": "color_av", "orient": "bottom", "columnPadding": 10, "direction": "horizontal", "titleFontSize": 11, "labelFontSize": 10, "symbolOpacity": 0.6, "symbolType": "square"}]}, "template": false, "createdAt": "2018-11-05T20:03:41.337Z", "updatedAt": "2018-11-05T20:03:41.337Z"}}}, {"id": null, "type": "widget", "attributes": {"id": "bcd46073-3a8e-4639-83ea-b482f96b376c", "type": "widget", "attributes": {"name": "Land Cover Composition Widget", "dataset": "e663eb09-04de-4f39-b871-35c6c2ed10b5", "slug": "Land-Cover-Composition-Widget", "userId": "5b3a57251b3a8854b6338faa", "description": "Widget used in mapbuilder to present land cover composition results, the dataset used is the ESA dataset reclassified into GFW categories. In order to use this widget the application must add geostore ID in the url.", "application": ["forest-atlas"], "verified": false, "default": false, "protected": false, "defaultEditableWidget": false, "published": true, "freeze": false, "env": "production", "widgetConfig": {"schema": "https://vega.github.io/schema/vega/v4.json", "height": 240, "width": 240, "padding": 5, "data": [{"name": "data", "format": {"property": "data.attributes.landcover"}, "url": "https://production-api.globalforestwatch.org/v1/landcover", "transform": [{"type": "collect", "sort": {"field": "result", "order": "ascending"}}, {"type": "pie", "field": "result", "startAngle": 0, "endAngle": 6.29, "sort": true}]}, {"name": "lookup", "values": [{"classVal": "1", "hex": "#d2a965"}, {"classVal": "2", "hex": "#157764"}, {"classVal": "3", "hex": "#ccdb98"}, {"classVal": "4", "hex": "#596b2c"}, {"classVal": "5", "hex": "#E9462B"}, {"classVal": "6", "hex": "#2789d4"}, {"classVal": "7", "hex": "#D5C998"}, {"classVal": "8", "hex": "#f6f0ea"}, {"classVal": "9", "hex": "#a3dcff"}, {"classVal": "10", "hex": "#ffffff"}]}, {"name": "table", "source": "data", "transform": [{"type": "project", "fields": ["className", "result"], "as": ["className", "loss"]}, {"type": "formula", "expr": "round(datum.loss)", "as": "loss"}]}, {"name": "table_viz", "source": "data", "transform": [{"type": "lookup", "from": "lookup", "key": "classVal", "fields": ["classVal"], "values": ["hex"]}, {"type": "filter", "expr": "datum.endAngle - datum.startAngle > 0.01"}]}], "scales": [{"name": "color", "type": "ordinal", "domain": {"data": "table_viz", "field": "className"}, "range": {"data": "table_viz", "field": "hex"}}], "marks": [{"type": "arc", "from": {"data": "table_viz"}, "encode": {"enter": {"fill": {"scale": "color", "field": "className"}, "x": {"value": 100}, "stroke": {"value": "white"}, "strokewidth": {"value": 0.5}, "y": {"value": 100}, "startAngle": {"field": "startAngle"}, "endAngle": {"field": "endAngle"}, "outerRadius": {"value": 120}, "tooltip": {"signal": "datum.className + ' : ' + format(datum.result, ',.0f') + ' ha'"}}, "hover": {"fillOpacity": {"value": 0.7}}, "update": {"fillOpacity": {"value": 1}}}}], "legends": [{"title": "Land Cover Composition", "titleBaseline": "top", "fill": "color", "orient": "bottom", "columns": 2, "columnPadding": 50, "direction": "vertical", "titleFontSize": 11, "labelFontSize": 10}]}, "template": false, "createdAt": "2018-12-05T21:26:17.526Z", "updatedAt": "2018-12-05T21:26:17.526Z"}}}]}}