{"id": "f56a1761-d6be-40ec-9cd3-df16d3588480", "type": "dataset", "attributes": {"name": "Tree cover loss 2018 - GADMv3.6 ADM2 summary - v20190429", "slug": "Tree-cover-loss-2018-GADMv36-ADM2-summary-v20190429", "type": null, "subtitle": null, "application": ["gfw"], "dataPath": null, "attributesPath": null, "connectorType": "document", "provider": "json", "userId": "5c65c4b9529ae7001113fd06", "connectorUrl": "https://gfw-files.s3.amazonaws.com/2018_update/results/20190425/A-B/api/iso/part-00000-facc3f2c-ac60-4338-a1ca-f9793810e6b5-c000.txt", "tableName": "index_f56a1761d6be40ec9cd3df16d3588480_1556584506822", "status": "saved", "published": true, "overwrite": true, "verified": false, "blockchain": {}, "mainDateField": null, "env": "production", "geoInfo": false, "protected": false, "legend": {"date": [], "region": [], "country": [], "nested": ["year_data"]}, "clonedHost": {}, "errorMessage": "", "taskId": "/v1/doc-importer/task/151adb21-77c5-4dff-89ae-81ec704e1ede", "updatedAt": "2019-04-30T04:01:03.016Z", "dataLastUpdated": null, "metadata": [], "widget": [], "layer": [], "vocabulary": [], "widgetRelevantProps": [], "layerRelevantProps": []}}