{"id": "fb8987b6-7ad8-4172-b6ef-9c8f917fdafb", "type": "dataset", "attributes": {"name": "Mexico Payments for Ecosystem Services", "slug": "Mexico-Payments-for-Ecosystem-Services", "type": null, "subtitle": null, "application": ["gfw"], "dataPath": null, "attributesPath": null, "connectorType": "rest", "provider": "cartodb", "userId": "59db4eace9c1380001d6e4c3", "connectorUrl": "https://wri-01.carto.com/tables/mex_psa", "tableName": "mex_psa", "status": "saved", "published": true, "overwrite": false, "verified": false, "blockchain": {}, "mainDateField": null, "env": "production", "geoInfo": false, "protected": true, "legend": {"date": [], "region": [], "country": [], "nested": []}, "clonedHost": {}, "errorMessage": "", "taskId": null, "updatedAt": "2018-11-21T14:02:35.475Z", "dataLastUpdated": null, "widget": [], "widgetRelevantProps": [], "layerRelevantProps": [], "layer": [{"id": "96240b7a-02c8-4f2d-9f3d-ac04bebc5870", "type": "layer", "attributes": {"name": "Mexico payments for ecosystem services - 2011-2015", "slug": "Mexico-Payments-for-Ecosystem-Services", "dataset": "fb8987b6-7ad8-4172-b6ef-9c8f917fdafb", "description": "This layer shows the plots of land that received Payments for Ecosystem Services through the government program PRONAFOR during the years 2011 to 2015.", "application": ["gfw"], "iso": ["MEX"], "provider": "cartodb", "userId": "59db4eace9c1380001d6e4c3", "default": true, "protected": true, "published": true, "env": "production", "layerConfig": {"body": {"layers": [{"options": {"cartocss_version": "2.3.0", "cartocss": "#mex_psa{ polygon-fill: #3182BD; polygon-opacity: 0.7; line-color: #3182BD; line-width: 0.5; line-opacity: 1; }", "sql": "SELECT the_geom_webmercator, the_geom, cartodb_id, type, tipo_solic, ano FROM mex_psa"}, "type": "cartodb"}], "minzoom": 2, "maxzoom": 19, "vectorLayers": [{"type": "fill", "source-layer": "layer0", "paint": {"fill-opacity": 0.7, "fill-color": "#3182BD"}}, {"type": "line", "source-layer": "layer0", "paint": {"line-opacity": 1, "line-color": "#3182BD", "line-width": 0.5}}]}, "account": "wri-01"}, "legendConfig": {"type": "basic", "items": [{"color": "#3182BD", "name": "Mexico payments for ecosystem services"}]}, "interactionConfig": {}, "applicationConfig": {"default": true, "active": true, "global": false, "metadata": "mex_psa"}, "staticImageConfig": {}, "updatedAt": "2019-03-08T13:19:31.916Z"}}], "metadata": [{"id": "5b64554691b07b0012a534dc", "type": "metadata", "attributes": {"dataset": "fb8987b6-7ad8-4172-b6ef-9c8f917fdafb", "application": "gfw", "resource": {"id": "fb8987b6-7ad8-4172-b6ef-9c8f917fdafb", "type": "dataset"}, "language": "en", "info": {"name": "Mexico payments for ecosystem services", "color": "#A878F3", "description": "Shows the location of PES recipients in Mexico between 2011 and 2015.", "citation": ""}, "createdAt": "2018-08-03T13:14:46.391Z", "updatedAt": "2018-11-06T15:57:56.255Z", "status": "published"}}], "vocabulary": [{"id": "fb8987b6-7ad8-4172-b6ef-9c8f917fdafb", "type": "vocabulary", "attributes": {"resource": {"id": "fb8987b6-7ad8-4172-b6ef-9c8f917fdafb", "type": "dataset"}, "tags": ["biodiversity", "conservation"], "name": "categoryTab", "application": "gfw"}}]}}