{"id": "0f0ea013-20ac-4f4b-af56-c57e99f39e08", "type": "dataset", "attributes": {"name": "VIIRS Fire Alerts", "slug": "for006nrt-Active-Fires-VIIRS", "type": "tabular", "subtitle": "NASA", "application": ["gfw"], "dataPath": null, "attributesPath": null, "connectorType": "rest", "provider": "cartodb", "userId": "59db4eace9c1380001d6e4c3", "connectorUrl": "https://wri-01.carto.com/tables/vnp14imgtdl_nrt_global_7d/table", "tableName": "vnp14imgtdl_nrt_global_7d", "status": "saved", "published": true, "overwrite": false, "verified": false, "blockchain": {}, "mainDateField": null, "env": "production", "geoInfo": false, "protected": true, "legend": {"date": [], "region": [], "country": [], "nested": []}, "clonedHost": {}, "errorMessage": "", "taskId": null, "updatedAt": "2018-11-21T14:04:22.162Z", "dataLastUpdated": null, "widgetRelevantProps": [], "layerRelevantProps": [], "layer": [{"id": "1c9132c5-4ad6-405f-b39d-8285133813cf", "type": "layer", "attributes": {"name": "Large fires (past week)", "slug": "Large-Fires-Past-Week", "dataset": "0f0ea013-20ac-4f4b-af56-c57e99f39e08", "description": "This layer shows fires detected in the past week with a fire radiative power (FRP) of at least 100MW.", "application": ["gfw"], "iso": [""], "provider": "cartodb", "userId": "59db4eace9c1380001d6e4c3", "default": false, "protected": true, "published": true, "env": "production", "layerConfig": {"pulseConfig": {"values": {"height": 1024, "width": 2048, "bbox": [-110, -65, 110, 65], "format": "png"}, "type": "imageOverlay"}, "body": {"layers": [{"options": {"cartocss_version": "2.3.0", "cartocss": "#layer { ::halo { marker-width: 20; marker-fill: #FFCC00; marker-fill-opacity: 1; marker-line-color: #f0fcaa; marker-line-width: 0; marker-line-opacity: 1; marker-placement: point; marker-type: ellipse; marker-allow-overlap: true; opacity: 0.3;} marker-width: 5; marker-fill: #ffcc00; marker-fill-opacity: 1; marker-line-color: #FFF; marker-line-width: 0; marker-line-opacity: 1; marker-placement: point; marker-type: ellipse; marker-allow-overlap: true; }", "sql": "SELECT * FROM vnp14imgtdl_nrt_global_7d where (acq_date> (CURRENT_DATE - interval '7 day')) and frp>=100 ORDER BY frp asc"}, "type": "cartodb"}], "minzoom": 2, "maxzoom": 19, "vectorLayers": [{"type": "fill", "source-layer": "layer0", "paint": {"fill-opacity": "transparent", "fill-color": "#f69"}}, {"type": "line", "source-layer": "layer0", "paint": {"line-opacity": 1, "line-color": "#f0fcaa", "line-width": 0}}]}, "account": "wri-01"}, "legendConfig": {"items": [{"name": "Fire", "color": "#ffcc00"}]}, "interactionConfig": {"output": [{"column": "acq_date", "format": "YYYY/MM/DD", "prefix": "", "property": "Date", "suffix": "", "type": "date"}, {"column": "frp", "format": null, "prefix": "", "property": "Fire Radiative Power", "suffix": "", "type": "number"}, {"column": "cartodb_id", "format": null, "property": "cartodb_id", "type": "number", "hidden": true}, {"column": "the_geom_webmercator", "format": "json", "property": "the_geom", "type": "json", "hidden": true}], "pulseConfig": {"url": "https://api.resourcewatch.org/v1/query/20cc5eca-8c63-4c41-8e8e-134dcf1e6d76?sql=SELECT acq_date, frp FROM vnp14imgtdl_nrt_global_7d where (acq_date> (CURRENT_DATE - interval '7 day')) and frp>=100 and st_intersects(the_geom, st_buffer(ST_SetSRID(ST_GeomFromGeoJSON('{\"type\":\"Point\",\"coordinates\":{{point}}}'),4326),10)) ORDER BY  ST_Distance( ST_SetSRID(ST_GeomFromGeoJSON('{\"type\":\"Point\",\"coordinates\":{{point}}}'),4326),the_geom) ASC, acq_date DESC LIMIT 1"}}, "applicationConfig": {"global": true, "analysisEndpoint": "use"}, "staticImageConfig": {}, "updatedAt": "2019-03-08T13:20:05.786Z"}}, {"id": "2942c28e-e5b4-4003-83ad-93a2566dc6cd", "type": "layer", "attributes": {"name": "All fires (past week)", "slug": "All-Fires-Past-Week", "dataset": "0f0ea013-20ac-4f4b-af56-c57e99f39e08", "description": "This layer shows fires detected in the past week.", "application": ["gfw"], "iso": [], "provider": "cartodb", "userId": "59db4eace9c1380001d6e4c3", "default": false, "protected": true, "published": true, "env": "production", "layerConfig": {"pulseConfig": {"urlTemplate": "https://{{account}}.carto.com/api/v1/map/static/bbox/{{token_groupid}}/{{bbox}}/{{width}}/{{height}}.{{format}}", "sql": "SELECT ST_Transform(the_geom_webmercator, 32663) as the_geom_webmercator, bright_ti4, scan, track, acq_date, acq_time, satellite, confidence, version, bright_ti5, frp, daynight FROM vnp14imgtdl_nrt_global_7d WHERE (acq_date> (CURRENT_DATE - interval '7 day'))", "values": {"height": 1024, "width": 2048, "bbox": [-110, -65, 110, 65], "format": "png"}, "type": "imageOverlay"}, "body": {"layers": [{"options": {"cartocss_version": "2.3.0", "cartocss": "#layer { marker-width: 4; marker-fill: #ffcc00; marker-fill-opacity: 1; marker-line-color: #FFF; marker-line-width: 0; marker-line-opacity: 1; marker-placement: point; marker-type: ellipse; marker-allow-overlap: true; }", "sql": "SELECT * FROM vnp14imgtdl_nrt_global_7d where (acq_date> (CURRENT_DATE - interval '7 day')) ORDER BY frp asc"}, "type": "cartodb"}], "minzoom": 2, "maxzoom": 19, "vectorLayers": [{"type": "fill", "source-layer": "layer0", "paint": {"fill-opacity": "transparent", "fill-color": "#f69"}}, {"type": "line", "source-layer": "layer0", "paint": {"line-opacity": 1, "line-color": "#FFF", "line-width": 0}}]}, "account": "wri-01"}, "legendConfig": {"items": [{"color": "#ffcc00", "name": "Fire"}], "type": "basic"}, "interactionConfig": {"output": [{"column": "acq_date", "format": "YYYY/MM/DD", "prefix": "", "property": "Date", "suffix": "", "type": "date"}, {"column": "frp", "format": null, "prefix": "", "property": "Fire Radiative Power", "suffix": "", "type": "number"}, {"column": "cartodb_id", "format": null, "property": "cartodb_id", "type": "number", "hidden": true}, {"column": "the_geom_webmercator", "format": "json", "property": "the_geom", "type": "json", "hidden": true}]}, "applicationConfig": {"global": true, "analysisEndpoint": "use"}, "staticImageConfig": {}, "updatedAt": "2019-03-08T13:20:06.498Z"}}, {"id": "5371d0c0-4e5f-45f7-9ff2-fe538914f7a3", "type": "layer", "attributes": {"name": "VIIRS active fire alerts", "slug": "VIIRS-active-fires_1", "dataset": "0f0ea013-20ac-4f4b-af56-c57e99f39e08", "description": "Displays fire alert data for the past 24 hours, 48 hours, 72 hours, or 7 days", "application": ["gfw"], "iso": [], "provider": "cartodb", "userId": "59db4eace9c1380001d6e4c3", "default": false, "protected": true, "published": true, "env": "production", "layerConfig": {"account": "wri-01", "body": {"layers": [{"options": {"cartocss": "#vnp14imgt_nrt_global_7d { marker-fill: #FFCC00; marker-width: 2.5; marker-line-color: #FFF; marker-line-width: 1; marker-line-opacity: 1; marker-opacity: 0.9; marker-comp-op: multiply; marker-type: ellipse; marker-placement: point; marker-allow-overlap: true; marker-clip: false; marker-multi-policy: largest; } #vnp14imgt_nrt_global_7d[zoom>6]{ marker-width: 3; } #vnp14imgt_nrt_global_7d[zoom>8]{ marker-width: 6; } #vnp14imgt_nrt_global_7d[zoom>11]{ marker-width: 13; } #vnp14imgt_nrt_global_7d[zoom>12]{ marker-width: 25; } #vnp14imgt_nrt_global_7d[zoom>13]{ marker-width: 50; } #vnp14imgt_nrt_global_7d[zoom>14]{ marker-width: 100; } #vnp14imgt_nrt_global_7d[zoom>15]{ marker-width: 200; } #vnp14imgt_nrt_global_7d[zoom>16]{ marker-width: 400; } #vnp14imgt_nrt_global_7d[zoom>17]{ marker-width: 800; }", "cartocss_version": "2.3.0", "sql": "SELECT cartodb_id, the_geom_webmercator, (SUBSTR(acq_time, 1, 2) || ':' || SUBSTR(acq_time, 3, 4)) as acq_time,  COALESCE(to_char(acq_date, 'DD Mon, YYYY')) as acq_date, confidence, bright_ti4 brightness, longitude, latitude FROM vnp14imgtdl_nrt_global_7d where (acq_date >= (CURRENT_DATE - interval '{{number_of_days}} day')) AND confidence != 'low'"}, "type": "cartodb"}], "maxzoom": 19, "minzoom": 2, "vectorLayers": [{"paint": {"heatmap-color": ["interpolate", ["linear"], ["heatmap-density"], 0, "transparent", 0.1, "#ffda07", 0.2, "#FFCC00", 0.3, "#f76000", 0.5, "#FF0000", 0.9, "#b51212", 1.05, "#000000"], "heatmap-radius": ["interpolate", ["linear"], ["zoom"], 3, 2, 18, 20]}, "source-layer": "layer0", "type": "heatmap"}]}, "params_config": [{"default": 1, "key": "number_of_days", "options": [{"label": "Past 24 hours", "value": 1}, {"label": "Past 48 hours", "value": 2}, {"label": "Past 72 hours", "value": 3}, {"label": "Past week", "value": 7}], "required": true}], "sql_config": []}, "legendConfig": {}, "interactionConfig": {"type": "intersection", "output": [{"type": "string", "property": "Acquisition time", "format": null, "column": "acq_time"}, {"type": "string", "property": "Acquisition date", "format": null, "column": "acq_date"}, {"type": "string", "property": "confidence", "format": null, "column": "confidence"}, {"type": "number", "property": "Brightness", "format": null, "column": "brightness"}, {"type": "number", "property": "Longitude", "format": null, "column": "longitude"}, {"type": "number", "property": "Latitude", "format": null, "column": "latitude"}, {"column": "cartodb_id", "format": null, "property": "cartodb_id", "type": "number", "hidden": true}, {"column": "the_geom_webmercator", "format": "json", "property": "the_geom", "type": "json", "hidden": true}]}, "applicationConfig": {"active": true, "analysisConfig": [{"key": "value", "service": "viirs-active-fires", "type": "geostore", "unit": "counts", "version": "v2"}, {"key": "value", "service": "viirs-active-fires", "type": "admin", "unit": "counts", "version": "v2"}], "default": true, "global": true, "metadata": "viirs_fires", "moreInfo": {"linkText": "Check out GFW fires", "linkUrl": "https://fires.globalforestwatch.org", "text": ""}, "subscriptionKey": "viirs-active-fires"}, "staticImageConfig": {}, "updatedAt": "2019-03-08T15:25:29.181Z"}}], "metadata": [{"id": "5b6d480b35bbfa0012bbf7f5", "type": "metadata", "attributes": {"dataset": "0f0ea013-20ac-4f4b-af56-c57e99f39e08", "application": "gfw", "resource": {"id": "0f0ea013-20ac-4f4b-af56-c57e99f39e08", "type": "dataset"}, "language": "en", "info": {"citation": "daily, 375 m, global, NASA", "color": "#EA4A0B", "description": "Displays fire alert data for the past 24 hours, 48 hours, 72 hours, or 7 days.", "name": "VIIRS active fire alerts"}, "createdAt": "2018-08-10T08:08:43.765Z", "updatedAt": "2018-11-07T16:12:07.046Z", "status": "published"}}], "vocabulary": [{"id": "0f0ea013-20ac-4f4b-af56-c57e99f39e08", "type": "vocabulary", "attributes": {"resource": {"id": "0f0ea013-20ac-4f4b-af56-c57e99f39e08", "type": "dataset"}, "tags": ["forestChange", "fireAlerts"], "name": "categoryTab", "application": "gfw"}}]}}