{"id": "10964a62-eff1-469a-8513-770e71f29445", "type": "dataset", "attributes": {"name": "USA Forest Ownership Type", "slug": "USA-Forest-Ownership-Type", "type": "raster", "subtitle": null, "application": ["gfw"], "dataPath": null, "attributesPath": null, "connectorType": "wms", "provider": "wms", "userId": "59db4eace9c1380001d6e4c3", "connectorUrl": "https://s3.amazonaws.com/wri-tiles/usa_forest_ownership/{z}/{x}/{y}.png", "tableName": null, "status": "saved", "published": true, "overwrite": false, "verified": false, "blockchain": {}, "mainDateField": null, "env": "production", "geoInfo": false, "protected": true, "legend": {"date": [], "region": [], "country": [], "nested": []}, "clonedHost": {}, "errorMessage": null, "taskId": null, "updatedAt": "2018-11-21T14:02:54.855Z", "dataLastUpdated": null, "widgetRelevantProps": [], "layerRelevantProps": [], "layer": [{"id": "e6c0d961-981a-4016-bf90-775386f2f7ba", "type": "layer", "attributes": {"name": "USA forest ownership type - 2009", "slug": "USA-Forest-Ownership-Type", "dataset": "10964a62-eff1-469a-8513-770e71f29445", "description": "Depicts the spatial distribution of ownership types across forest land in the USA.", "application": ["gfw"], "iso": ["USA"], "provider": "leaflet", "userId": "59db4eace9c1380001d6e4c3", "default": false, "protected": true, "published": true, "env": "production", "layerConfig": {"url": "https://s3.amazonaws.com/wri-tiles/usa_forest_ownership/{z}/{x}/{y}.png", "service": "leaflet", "type": "tileLayer", "params_config": [], "sql_config": [], "body": {"maxzoom": 12}}, "legendConfig": {"type": "basic", "items": [{"color": "#51a746", "name": "Federal (Public)"}, {"color": "#d7bf1f", "name": "State (Public)"}, {"color": "#f47926", "name": "Local (Public)"}, {"color": "#37b0dd", "name": "Family (Private)"}, {"color": "#ff7777", "name": "Corporate (Private)"}, {"color": "#8a0a1d", "name": "Other Private (Private)"}]}, "interactionConfig": {}, "applicationConfig": {"default": true, "active": true, "global": false, "metadata": "usa_forest_ownership"}, "staticImageConfig": {}, "updatedAt": "2018-11-21T14:02:55.149Z"}}], "metadata": [{"id": "5b64554b91b07b0012a534de", "type": "metadata", "attributes": {"dataset": "10964a62-eff1-469a-8513-770e71f29445", "application": "gfw", "resource": {"id": "10964a62-eff1-469a-8513-770e71f29445", "type": "dataset"}, "language": "en", "info": {"name": "USA Forest Ownership Type", "color": "#a0c746", "description": "Depicts the spatial distribution of ownership types across forest land in the USA.", "citation": ""}, "createdAt": "2018-08-03T13:14:51.087Z", "updatedAt": "2018-09-19T13:47:14.824Z", "status": "published"}}], "vocabulary": [{"id": "10964a62-eff1-469a-8513-770e71f29445", "type": "vocabulary", "attributes": {"resource": {"id": "10964a62-eff1-469a-8513-770e71f29445", "type": "dataset"}, "tags": ["landCover"], "name": "categoryTab", "application": "gfw"}}]}}