{"id": "134caa0a-21f7-451d-a7fe-30db31a424aa", "type": "dataset", "attributes": {"name": "Political boundaries (GADM)", "slug": "Country-geometries-1490086842548", "type": "tabular", "subtitle": null, "application": ["gfw", "data4sdgs", "aqueduct", "forest-atlas", "gfw-climate"], "dataPath": null, "attributesPath": null, "connectorType": "rest", "provider": "cartodb", "userId": "57a0aa1071e394dd32ffe137", "connectorUrl": "https://wri-01.carto.com/tables/gadm28_countries/public", "tableName": "gadm28_countries", "status": "saved", "published": true, "overwrite": false, "verified": false, "blockchain": {}, "mainDateField": null, "env": "production", "geoInfo": true, "protected": true, "legend": {"date": [], "region": [], "country": [], "nested": []}, "clonedHost": {}, "errorMessage": null, "taskId": null, "updatedAt": "2018-11-21T13:54:56.454Z", "dataLastUpdated": null, "layer": [], "vocabulary": [], "widgetRelevantProps": [], "layerRelevantProps": ["the_geom", "the_geom_webmercator", "iso"], "metadata": [{"id": "59a4226f7b6c000012baa6f5", "type": "metadata", "attributes": {"dataset": "134caa0a-21f7-451d-a7fe-30db31a424aa", "application": "gfw", "resource": {"id": "134caa0a-21f7-451d-a7fe-30db31a424aa", "type": "dataset"}, "language": "es", "name": "", "description": "", "source": "", "citation": "", "license": "", "info": {"dataDownload": "", "organization": "", "source-long": "", "short-description": "", "caution": "", "updateFrequence": "", "dateContent": "", "spatialResolution": "", "geographicCoverage": "", "function": "", "subtitle": ""}, "createdAt": "2017-08-28T14:02:23.744Z", "updatedAt": "2017-08-28T14:02:23.744Z", "status": "published"}}]}}