{"id": "3b12cc5f-4bf8-4857-909e-a8791125bbf1", "type": "dataset", "attributes": {"name": "Protected Areas", "slug": "World-Database-on-Protected-Areas_1", "type": "tabular", "subtitle": "Protected Planet/UNEP WCMC/IUCN", "application": ["gfw"], "dataPath": null, "attributesPath": null, "connectorType": "rest", "provider": "cartodb", "userId": "59db4eace9c1380001d6e4c3", "connectorUrl": "https://wri-01.carto.com/tables/wdpa_protected_areas/table", "tableName": "wdpa_protected_areas", "status": "saved", "published": true, "overwrite": false, "verified": false, "blockchain": {}, "mainDateField": null, "env": "production", "geoInfo": false, "protected": true, "legend": {"date": [], "region": [], "country": [], "nested": []}, "clonedHost": {}, "errorMessage": "", "taskId": null, "updatedAt": "2018-11-21T14:04:21.135Z", "dataLastUpdated": null, "widgetRelevantProps": [], "layerRelevantProps": [], "layer": [{"id": "fdfd426b-11d0-45fc-91f4-3706ebb0e798", "type": "layer", "attributes": {"name": "Protected areas - 2018", "slug": "Marine-and-Terrestrial-Protected-Areas-by-Category_2", "dataset": "3b12cc5f-4bf8-4857-909e-a8791125bbf1", "description": "Legally protected areas by IUCN category. Updated monthly.", "application": ["gfw"], "iso": [], "provider": "cartodb", "userId": "59db4eace9c1380001d6e4c3", "default": false, "protected": true, "published": true, "env": "production", "layerConfig": {"account": "wri-01", "body": {"layers": [{"options": {"cartocss": "#wdpa_protected_areas {   polygon-opacity: 0.7;  }#wdpa_protected_areas[iucn_cat='II'] {   polygon-fill: #0f3b82;}#wdpa_protected_areas[iucn_cat='III'] {   polygon-fill: #c9ddff;}#wdpa_protected_areas[iucn_cat='IV'] {   polygon-fill: #b9b2a1;}#wdpa_protected_areas[iucn_cat='Ia'] {   polygon-fill: #5ca2d1;}#wdpa_protected_areas[iucn_cat='Ib'] {   polygon-fill: #3e7bb6;}#wdpa_protected_areas[iucn_cat='Not Applicable'] {   polygon-fill: #eed54c;}#wdpa_protected_areas[iucn_cat='Not Assigned'] {   polygon-fill: #e7ab36;}#wdpa_protected_areas[iucn_cat='Not Reported'] {   polygon-fill: #fa894b;}#wdpa_protected_areas[iucn_cat='V'] {   polygon-fill: #ae847e;}#wdpa_protected_areas[iucn_cat='VI'] {   polygon-fill: #daa89b;}", "cartocss_version": "2.3.0", "sql": "SELECT * FROM wdpa_protected_areas"}, "type": "cartodb"}], "maxzoom": 19, "minzoom": 2, "vectorLayers": [{"paint": {"fill-opacity": 0.7}, "source-layer": "layer0", "type": "fill"}, {"paint": {"line-opacity": "transparent", "line-width": 0}, "source-layer": "layer0", "type": "line"}, {"filter": ["all", ["==", "iucn_cat", "II"]], "paint": {"fill-color": "#0f3b82"}, "source-layer": "layer0", "type": "fill"}, {"filter": ["all", ["==", "iucn_cat", "III"]], "paint": {"fill-color": "#c9ddff"}, "source-layer": "layer0", "type": "fill"}, {"filter": ["all", ["==", "iucn_cat", "IV"]], "paint": {"fill-color": "#b9b2a1"}, "source-layer": "layer0", "type": "fill"}, {"filter": ["all", ["==", "iucn_cat", "Ia"]], "paint": {"fill-color": "#5ca2d1"}, "source-layer": "layer0", "type": "fill"}, {"filter": ["all", ["==", "iucn_cat", "Ib"]], "paint": {"fill-color": "#3e7bb6"}, "source-layer": "layer0", "type": "fill"}, {"filter": ["all", ["==", "iucn_cat", "Not Applicable"]], "paint": {"fill-color": "#eed54c"}, "source-layer": "layer0", "type": "fill"}, {"filter": ["all", ["==", "iucn_cat", "Not Assigned"]], "paint": {"fill-color": "#e7ab36"}, "source-layer": "layer0", "type": "fill"}, {"filter": ["all", ["==", "iucn_cat", "Not Reported"]], "paint": {"fill-color": "#fa894b"}, "source-layer": "layer0", "type": "fill"}, {"filter": ["all", ["==", "iucn_cat", "V"]], "paint": {"fill-color": "#ae847e"}, "source-layer": "layer0", "type": "fill"}, {"filter": ["all", ["==", "iucn_cat", "VI"]], "paint": {"fill-color": "#daa89b"}, "source-layer": "layer0", "type": "fill"}]}}, "legendConfig": {"items": [{"color": "#5ca2d1", "name": "Ia - strict nature reserve"}, {"color": "#3e7bb6", "name": "Ib - wildnerness area"}, {"color": "#0f3b82", "name": "II - national park"}, {"color": "#c9ddff", "name": "III - national monument or feature"}, {"color": "#b9b2a1", "name": "IV - habitat and species management area"}, {"color": "#ae847e", "name": "V - protected landscape or seascape"}, {"color": "#daa89b", "name": "VI - protected area with sustainable use of natural resources"}, {"color": "#eed54c", "name": "Not applicable"}, {"color": "#e7ab36", "name": "Not assigned"}, {"color": "#fa894b", "name": "Not reported"}], "type": "basic"}, "interactionConfig": {"output": [{"column": "name", "format": null, "prefix": "", "property": "Name", "suffix": "", "type": "string"}, {"column": "sub_loc", "format": null, "prefix": "", "property": "Sub-Location", "suffix": "", "type": "string"}, {"column": "wdpaid", "format": null, "prefix": "", "property": "WDPA ID", "suffix": "", "type": "string"}, {"column": "status", "format": null, "prefix": "", "property": "Status", "suffix": "", "type": "string"}, {"column": "desig_type", "format": null, "prefix": "", "property": "Designation Type", "suffix": "", "type": "string"}, {"column": "own_type", "format": null, "prefix": "", "property": "Ownership Type", "suffix": "", "type": "string"}, {"column": "gov_type", "format": null, "prefix": "", "property": "Governance Type", "suffix": "", "type": "string"}, {"column": "mang_auth", "format": null, "prefix": "", "property": "Management Authority", "suffix": "", "type": "string"}, {"column": "cartodb_id", "format": null, "hidden": true, "property": "cartodb_id", "type": "number"}, {"column": "the_geom_webmercator", "format": "json", "hidden": true, "property": "the_geom", "type": "json"}]}, "applicationConfig": {"active": true, "analysisEndpoint": "wdpa", "default": false, "global": true, "metadata": "wdpa_protected_areas"}, "staticImageConfig": {}, "updatedAt": "2019-03-08T13:49:24.470Z"}}], "metadata": [{"id": "5b6d4805f01fa700114ff18f", "type": "metadata", "attributes": {"dataset": "3b12cc5f-4bf8-4857-909e-a8791125bbf1", "application": "gfw", "resource": {"id": "3b12cc5f-4bf8-4857-909e-a8791125bbf1", "type": "dataset"}, "language": "en", "info": {"color": "#A878F3", "name": "Protected areas", "description": "Displays areas that are legally protected according to various designations (e.g., national parks, state reserves, and wildlife reserves) and managed to achieve conservation objectives.", "citation": ""}, "createdAt": "2018-08-10T08:08:37.442Z", "updatedAt": "2018-11-06T15:58:06.321Z", "status": "published"}}], "vocabulary": [{"id": "3b12cc5f-4bf8-4857-909e-a8791125bbf1", "type": "vocabulary", "attributes": {"resource": {"id": "3b12cc5f-4bf8-4857-909e-a8791125bbf1", "type": "dataset"}, "tags": ["landUse", "conservation"], "name": "categoryTab", "application": "gfw"}}]}}