{"id": "3d170908-043f-49db-b26b-9e9bfaaa40ce", "type": "dataset", "attributes": {"name": "GFW - Climate: Insights - Glad Alerts Countries Data", "slug": "GFW-Climate-Insights-Glad-Alerts-Countries-Data-1490086842461", "type": null, "subtitle": null, "application": ["gfw"], "dataPath": "data", "attributesPath": null, "connectorType": "document", "provider": "json", "userId": "586bc76036aacd381cb92b3a", "connectorUrl": null, "tableName": "index_3d170908043f49dbb26b9e9bfaaa40ce", "status": "saved", "published": true, "overwrite": true, "verified": false, "blockchain": {}, "mainDateField": null, "env": "production", "geoInfo": false, "protected": true, "legend": {"date": [], "region": [], "country": [], "nested": []}, "clonedHost": {}, "errorMessage": null, "taskId": null, "updatedAt": "2018-11-21T13:54:56.648Z", "dataLastUpdated": null, "metadata": [], "layer": [], "vocabulary": [], "widgetRelevantProps": [], "layerRelevantProps": []}}