{"id": "5b5a21ac-0835-43fb-86b9-64b93d472e10", "type": "dataset", "attributes": {"name": "bio.001 Alliance for Zero Extinction Endangered Species Sites", "slug": "bio001-Alliance-for-Zero-Extinction-Endangered-Species-Sites", "type": "tabular", "subtitle": "AZE", "application": ["rw"], "dataPath": "", "attributesPath": null, "connectorType": "rest", "provider": "cartodb", "userId": "5981e73b0c069f3c93dc5e2a", "connectorUrl": "https://wri-rw.carto.com/tables/bio_001_aze_endangered_species_sites/public", "tableName": "bio_001_aze_endangered_species_sites", "status": "saved", "published": true, "overwrite": false, "verified": false, "blockchain": {}, "subscribable": {}, "mainDateField": null, "env": "production", "geoInfo": true, "protected": false, "legend": {"date": [], "region": [], "country": [], "nested": []}, "clonedHost": {}, "errorMessage": null, "taskId": null, "updatedAt": "2018-08-09T16:41:51.072Z", "dataLastUpdated": null, "widgetRelevantProps": ["region", "country", "sitenamefi", "aze_id"], "layerRelevantProps": ["sitenamefi", "source"], "layer": [{"id": "4b5140a2-28ea-4707-8998-a9d1c32dbf53", "type": "layer", "attributes": {"name": "2010 Endangered Species Sites\u2014Alliance for Zero Extinction (AZE)", "slug": "2010-Endangered-Species-Sites-Alliance-for-Zero-Extinction-AZE", "dataset": "5b5a21ac-0835-43fb-86b9-64b93d472e10", "description": "Global list of sites containing 95% or more of the remaining population of one or more species listed as endangered or critically endangered in 2010.", "application": ["rw"], "iso": [], "provider": "cartodb", "userId": "5981e73b0c069f3c93dc5e2a", "default": true, "protected": false, "published": true, "env": "production", "layerConfig": {"body": {"layers": [{"options": {"cartocss_version": "2.3.0", "cartocss": "#alliance_for_zero_extinction_sites_species_joi{ polygon-fill: #b2d26e; polygon-opacity: 0.9; line-color: #b2d26e; line-width: 1.5; line-opacity: 1;}", "sql": "SELECT the_geom_webmercator, cartodb_id, sitenamefi as name, country, source, mapid, array_to_string(species::text[], ', ') as species FROM alliance_for_zero_extinction_sites_species_joi"}, "type": "cartodb"}], "minzoom": 3, "maxzoom": 18}, "account": "wri-01"}, "legendConfig": {"items": [{"color": "#b2d26e", "name": "Alliance for Zero Extinction sites"}], "type": "basic"}, "interactionConfig": {"output": [{"column": "species", "format": null, "property": "Species", "type": "string"}, {"column": "name", "format": null, "property": "Site Name", "type": "string"}, {"column": "country", "format": null, "property": "Country", "type": "string"}, {"column": "source", "format": null, "property": "Source", "type": "string"}, {"column": "mapid", "format": null, "property": "ID", "type": "string"}]}, "applicationConfig": {"default": true, "active": true, "global": true, "metadata": "alliance_for_zero_extinction_sites"}, "staticImageConfig": {}, "updatedAt": "2018-08-09T16:41:50.741Z"}}, {"id": "d864a96d-8368-42cc-ad27-f730ea2212b1", "type": "layer", "attributes": {"name": "2010 Endangered Species Sites\u2014Alliance for Zero Extinction (AZE)", "slug": "2010-Endangered-Species-SitesAlliance-for-Zero-Extinction-AZE_2", "dataset": "5b5a21ac-0835-43fb-86b9-64b93d472e10", "application": ["gfw"], "iso": [], "userId": "59db4eace9c1380001d6e4c3", "default": false, "protected": false, "published": true, "env": "production", "layerConfig": {"account": "wri-01", "body": {"maxzoom": 18, "minzoom": 3, "layers": [{"type": "cartodb", "options": {"sql": "SELECT the_geom_webmercator, cartodb_id, sitenamefi as name, country, source, mapid, array_to_string(species::text[], ', ') as species FROM alliance_for_zero_extinction_sites_species_joi", "cartocss": "#alliance_for_zero_extinction_sites_species_joi{ polygon-fill: #b2d26e; polygon-opacity: 0.9; line-color: #b2d26e; line-width: 1.5; line-opacity: 1;}", "cartocss_version": "2.3.0"}}]}}, "legendConfig": {"type": "basic", "items": [{"name": "Alliance for Zero Extinction sites", "color": "#b2d26e"}]}, "interactionConfig": {"output": [{"type": "string", "property": "Species", "format": null, "column": "species"}, {"type": "string", "property": "Site Name", "format": null, "column": "name"}, {"type": "string", "property": "Country", "format": null, "column": "country"}, {"type": "string", "property": "Source", "format": null, "column": "source"}, {"type": "string", "property": "ID", "format": null, "column": "mapid"}]}, "applicationConfig": {"metadata": "alliance_for_zero_extinction_sites", "global": true, "active": true, "default": true}, "staticImageConfig": {}, "updatedAt": "2018-08-10T07:46:02.714Z"}}], "metadata": [{"id": "5a04837db270f80010bfb921", "type": "metadata", "attributes": {"dataset": "5b5a21ac-0835-43fb-86b9-64b93d472e10", "application": "rw", "resource": {"id": "5b5a21ac-0835-43fb-86b9-64b93d472e10", "type": "dataset"}, "language": "en", "name": "Endangered Species Critical Habitats", "description": "Created by the Alliance for Zero Extinction (AZE), this global data set displays key habitats for endangered species. Launched in 2005, the Alliance for Zero Extinction engages 90+ nongovernmental biodiversity conservation organizations working to prevent species extinctions. The AZE identifies and safeguards places where species evaluated to be endangered or critically endangered by the International Union for Conservation of Nature are restricted to single remaining sites. The data are updated every 5 years, and the 2010 revised data include 587 habitat sites for 920 species of mammals, birds, amphibians, reptiles, conifers, and reef-building corals. The species found within these sites have extremely small global ranges and populations; any change to habitat within a site may lead to the extinction of a species in the wild. To meet AZE criteria, a site must (1) contain at least 1 endangered or critically endangered species; (2) contain greater than 95% of either the known resident population of the species or 95% of the known population of 1 life history segment (e.g., breeding or wintering) of the species; and (3) have a definable boundary (e.g., species range, extent of contiguous habitat, etc.). Resource Watch shows only a subset of the data set. For access to the full data set and additional information, see the Learn More link.", "source": "AZE", "info": {"rwId": "bio.001", "data_type": "Vector", "name": "Endangered Species Critical Habitats", "sources": [{"source-name": "Alliance for Zero Extinction (AZE)", "id": 0, "source-description": ""}], "technical_title": "Alliance for Zero Extinction Sites (AZE)", "functions": "Global map of critical sites for conservation that contain 95% or more of the remaining population of 1 or more species with limited ranges and populations that are listed as endangered or critically endangered on the Red List of Threatened Species established by the International Union for Conservation of Nature", "cautions": null, "citation": "Alliance for Zero Extinction. 2010. \"2010 AZE Update.\" www.zeroextinction.org. Accessed through Resource Watch, (date). [www.resourcewatch.org](www.resourcewatch.org).", "license": "Restrictions apply", "license_link": "https://www.arcgis.com/home/item.html?id=4ecca6a29bf142338e459e27ade152c8", "geographic_coverage": "Global", "spatial_resolution": null, "date_of_content": "2010", "frequency_of_updates": "5 years", "learn_more_link": "http://www.biodiversitya-z.org/content/alliance-for-zero-extinction-sites-aze", "data_download_link": "https://wri-public-data.s3.amazonaws.com/resourcewatch/bio_001_aze_endangered_species_sites.zip", "data_download_original_link": "http://www.biodiversitya-z.org/content/alliance-for-zero-extinction-sites-aze"}, "columns": {"sitenamefi": {"alias": "Site Name"}, "country": {"alias": "Country"}, "region": {"alias": "Region"}, "mapid": {"alias": ""}, "aze_id": {"alias": "AZE ID", "description": "Alliance for Zero Extinction ID"}}, "createdAt": "2017-11-09T16:34:05.640Z", "updatedAt": "2019-04-09T19:53:44.569Z", "status": "published"}}], "vocabulary": [{"id": "5b5a21ac-0835-43fb-86b9-64b93d472e10", "type": "vocabulary", "attributes": {"resource": {"id": "5b5a21ac-0835-43fb-86b9-64b93d472e10", "type": "dataset"}, "tags": ["biodiversity", "conservation"], "name": "categoryTab", "application": "gfw"}}, {"id": "5b5a21ac-0835-43fb-86b9-64b93d472e10", "type": "vocabulary", "attributes": {"resource": {"id": "5b5a21ac-0835-43fb-86b9-64b93d472e10", "type": "dataset"}, "tags": ["SDG_15_Life_on_Land", "SDG_target_15.2", "biodiversity", "vector", "historical"], "name": "knowledge_graph", "application": "rw"}}]}}