{"id": "5da0c609-c20c-4e99-9d2c-3b1120a2983b", "type": "dataset", "attributes": {"name": "PRODES Deforestation", "slug": "PRODES-Deforestation_1", "type": null, "subtitle": null, "application": ["gfw"], "dataPath": null, "attributesPath": null, "connectorType": "rest", "provider": "cartodb", "userId": "59db4eace9c1380001d6e4c3", "connectorUrl": "https://wri-01.carto.com/tables/prodes_wgs84", "tableName": "prodes_wgs84", "status": "saved", "published": true, "overwrite": false, "verified": false, "blockchain": {}, "mainDateField": null, "env": "production", "geoInfo": false, "protected": true, "legend": {"date": [], "region": [], "country": [], "nested": []}, "clonedHost": {}, "errorMessage": "", "taskId": null, "updatedAt": "2018-11-21T14:03:01.068Z", "dataLastUpdated": null, "widgetRelevantProps": [], "layerRelevantProps": [], "layer": [{"id": "d1d52ca8-f716-4f85-afcb-ad1a90d6c321", "type": "layer", "attributes": {"name": "PRODES deforestation", "slug": "PRODES-Deforestation", "dataset": "5da0c609-c20c-4e99-9d2c-3b1120a2983b", "description": "Deforestation monitoring system for the Brazilian Amazon used by the Brazilian government to establish public policy.", "application": ["gfw"], "iso": ["BRA"], "provider": "cartodb", "userId": "59db4eace9c1380001d6e4c3", "default": false, "protected": true, "published": true, "env": "production", "layerConfig": {"account": "wri-01", "body": {"layers": [{"options": {"cartocss": "#prodes_wgs84 { polygon-fill:#F69; polygon-opacity: 1; line-opacity: 1; line-color: #F69; line-width: 0.1; }", "cartocss_version": "2.3.0", "sql": "SELECT cartodb_id, the_geom_webmercator, ano::int AS date FROM prodes_wgs84 WHERE ano BETWEEN '{{startDate}}' AND '{{endDate}}'"}, "type": "cartodb"}], "maxzoom": 19, "minzoom": 2, "vectorLayers": [{"type": "fill", "source-layer": "layer0", "paint": {"fill-opacity": 1, "fill-color": "#F69"}}, {"type": "line", "source-layer": "layer0", "paint": {"line-opacity": 1, "line-color": "#F69", "line-width": 0.1}}]}, "params_config": [{"default": "2000-01-01", "key": "startDate", "required": true}, {"default": "2015-01-01", "key": "endDate", "required": true, "url": "https://production-api.globalforestwatch.org/v2/prodes-loss/latest"}], "timeline_config": {"dateFormat": "YYYY", "interval": "years", "speed": 250, "step": 1}}, "legendConfig": {"items": [{"color": "#F69", "name": "PRODES deforestation"}], "type": "basic"}, "interactionConfig": {}, "applicationConfig": {"active": true, "analysisConfig": [{"key": "value", "service": "prodes-loss", "type": "geostore", "unit": "ha", "version": "v2"}, {"key": "value", "service": "prodes-loss", "type": "admin", "unit": "ha", "version": "v2"}], "default": true, "global": false, "menuPosition": 3, "metadata": "prodes", "multiConfig": {"color": "#dc6699", "position": 0}, "subscriptionKey": "prodes-loss"}, "staticImageConfig": {}, "updatedAt": "2019-03-08T13:19:49.727Z"}}, {"id": "d887e0df-6b60-49e4-9b62-a39e7a870278", "type": "layer", "attributes": {"name": "Geographic coverage", "slug": "Geographic-Coverage", "dataset": "5da0c609-c20c-4e99-9d2c-3b1120a2983b", "description": "PRODES geographic coverage.", "application": ["gfw"], "iso": ["BRA"], "provider": "cartodb", "userId": "59db4eace9c1380001d6e4c3", "default": false, "protected": true, "published": true, "env": "production", "layerConfig": {"account": "wri-01", "body": {"layers": [{"options": {"cartocss": "#prodes_extent{ polygon-fill: #f69; polygon-opacity: 0.3; line-width: 1; line-color: #FFF; line-opacity: 0; }", "cartocss_version": "2.3.0", "sql": "SELECT *FROM prodes_extent"}, "type": "cartodb"}], "maxzoom": 19, "minzoom": 2, "vectorLayers": [{"paint": {"fill-color": "#f69", "fill-opacity": 0.3}, "source-layer": "layer0", "type": "fill"}, {"paint": {"line-color": "#FFF", "line-opacity": 0, "line-width": 1}, "source-layer": "layer0", "type": "line"}]}}, "legendConfig": {"type": "basic", "items": [{"color": "#F69", "name": "Geographic Coverage"}]}, "interactionConfig": {}, "applicationConfig": {"active": true, "default": false, "global": false, "multiConfig": {"color": "#DA6899", "position": 1}}, "staticImageConfig": {}, "updatedAt": "2019-03-11T14:11:18.744Z"}}], "metadata": [{"id": "5b64554c6ec14b00117e29a4", "type": "metadata", "attributes": {"dataset": "5da0c609-c20c-4e99-9d2c-3b1120a2983b", "application": "gfw", "resource": {"id": "5da0c609-c20c-4e99-9d2c-3b1120a2983b", "type": "dataset"}, "language": "en", "info": {"citation": "annual, 30m, Brazilian Amazon, INPE", "color": "#DA6899", "description": "Deforestation monitoring system for the Brazilian Amazon used by the Brazilian government to establish public policy.", "isMultiLayer": true, "name": "PRODES deforestation"}, "createdAt": "2018-08-03T13:14:52.995Z", "updatedAt": "2018-11-06T16:04:12.461Z", "status": "published"}}], "vocabulary": [{"id": "5da0c609-c20c-4e99-9d2c-3b1120a2983b", "type": "vocabulary", "attributes": {"resource": {"id": "5da0c609-c20c-4e99-9d2c-3b1120a2983b", "type": "dataset"}, "tags": ["forestChange", "treeCoverChange"], "name": "categoryTab", "application": "gfw"}}]}}