{"id": "63295b05-55a1-456c-a56c-c9ccb3a711ec", "type": "dataset", "attributes": {"name": "River Basin Boundaries", "slug": "River-Basin-Boundaries", "type": null, "subtitle": null, "application": ["gfw"], "dataPath": null, "attributesPath": null, "connectorType": "rest", "provider": "cartodb", "userId": "59db4eace9c1380001d6e4c3", "connectorUrl": "https://wri-01.carto.com/tables/river_basins", "tableName": "river_basins", "status": "saved", "published": true, "overwrite": false, "verified": false, "blockchain": {}, "mainDateField": null, "env": "production", "geoInfo": false, "protected": true, "legend": {"date": [], "region": [], "country": [], "nested": []}, "clonedHost": {}, "errorMessage": "", "taskId": null, "updatedAt": "2018-11-21T14:04:26.527Z", "dataLastUpdated": null, "vocabulary": [], "widgetRelevantProps": [], "layerRelevantProps": [], "layer": [{"id": "d590f83c-9b54-4542-8d27-f61b8b19df46", "type": "layer", "attributes": {"name": "River basin boundaries", "slug": "River-Basin-Boundaries", "dataset": "63295b05-55a1-456c-a56c-c9ccb3a711ec", "description": "GFW river basin polygons with simplification depending of shape size and zoom level.", "application": ["gfw"], "iso": [], "provider": "cartodb", "userId": "59db4eace9c1380001d6e4c3", "default": false, "protected": true, "published": true, "env": "production", "layerConfig": {"account": "wri-01", "body": {"format": "mvt", "layers": [{"options": {"cartocss": "#basin-bounds { line-simplify: 4.0; polygon-opacity: 0.0; line-color: #8b8b8b; line-width: 0.75; line-opacity: 1; [zoom >3]{line-simplify: 3.0;} [zoom > 5]{line-simplify: 2.0;} [zoom >7]{line-simplify: 1.0;} [zoom >9]{line-simplify: 0.0;} }", "cartocss_version": "2.3.0", "sql": "SELECT cartodb_id, the_geom_webmercator, shape_area, watershed AS id, maj_name FROM river_basins"}, "type": "cartodb"}], "maxzoom": 19, "minzoom": 2, "vectorLayers": [{"paint": {"line-color": "#8b8b8b", "line-width": 0.75}, "source-layer": "layer0", "type": "line"}, {"paint": {"fill-color": "transparent"}, "source-layer": "layer0", "type": "fill"}]}}, "legendConfig": {"items": [{"name": "Basins", "color": "#081B47"}], "type": "basic"}, "interactionConfig": {"type": "intersection", "output": [{"column": "maj_name", "property": "Basin Name", "type": "string", "format": null}, {"column": "id", "property": "Watershed id", "type": "string", "format": null}, {"suffix": "m\u00b2", "column": "shape_area", "property": "Area", "type": "number", "format": "0a"}, {"column": "cartodb_id", "format": null, "property": "cartodb_id", "type": "number", "hidden": true}, {"column": "the_geom_webmercator", "format": "json", "property": "the_geom", "type": "json", "hidden": true}]}, "applicationConfig": {"analysisEndpoint": "use"}, "staticImageConfig": {}, "updatedAt": "2019-03-08T14:13:03.862Z"}}], "metadata": [{"id": "5b8d2c0331aab30012fa081f", "type": "metadata", "attributes": {"dataset": "63295b05-55a1-456c-a56c-c9ccb3a711ec", "application": "gfw", "resource": {"id": "63295b05-55a1-456c-a56c-c9ccb3a711ec", "type": "dataset"}, "language": "en", "info": {"color": "#081B47", "isBoundary": true, "name": "River basins"}, "createdAt": "2018-09-03T12:41:39.741Z", "updatedAt": "2018-11-06T15:58:06.948Z", "status": "published"}}]}}