{"id": "63e88e53-0a88-416e-9532-fa06f703d435", "type": "dataset", "attributes": {"name": "Summarized GLAD alerts for admin stats", "slug": "Summarized-GLAD-alerts-for-admin-stats", "type": null, "subtitle": null, "application": ["gfw"], "dataPath": null, "attributesPath": null, "connectorType": "document", "provider": "csv", "userId": "57a9d92029309063404573a1", "connectorUrl": "http://s3.amazonaws.com/gfw2-data/country-pages/umd_landsat_alerts_all.csv", "tableName": "index_63e88e530a88416e9532fa06f703d435_1554105953273", "status": "pending", "published": true, "overwrite": true, "verified": false, "blockchain": {}, "mainDateField": null, "env": "production", "geoInfo": false, "protected": true, "legend": {"date": [], "region": [], "country": [], "nested": []}, "clonedHost": {}, "errorMessage": "", "taskId": "/v1/doc-importer/task/dc99820a-49f7-4556-9f78-de58b6434bc8", "updatedAt": "2019-04-08T16:15:51.634Z", "dataLastUpdated": null, "metadata": [], "layer": [], "vocabulary": [], "widgetRelevantProps": [], "layerRelevantProps": []}}