{"id": "746089a3-0c24-402f-81b6-f8d91fab77fe", "type": "dataset", "attributes": {"name": "Guatemala Forest Cover", "slug": "Guatemala-Forest-Cover", "type": "raster", "subtitle": null, "application": ["gfw"], "dataPath": null, "attributesPath": null, "connectorType": "wms", "provider": "wms", "userId": "59db4eace9c1380001d6e4c3", "connectorUrl": "https://s3.amazonaws.com//wri-tiles/GTM/guatemalaforestcover/{z}/{x}/{y}.png", "tableName": null, "status": "saved", "published": true, "overwrite": false, "verified": false, "blockchain": {}, "mainDateField": null, "env": "production", "geoInfo": false, "protected": true, "legend": {"date": [], "region": [], "country": [], "nested": []}, "clonedHost": {}, "errorMessage": null, "taskId": null, "updatedAt": "2018-11-21T14:02:59.690Z", "dataLastUpdated": null, "widgetRelevantProps": [], "layerRelevantProps": [], "layer": [{"id": "cfd95864-1e95-4a7f-bdf8-e47e4bb5815e", "type": "layer", "attributes": {"name": "Guatemala forest cover - 2012", "slug": "Guatemala-Forest-Cover", "dataset": "746089a3-0c24-402f-81b6-f8d91fab77fe", "description": "Identifies forest cover and type for Guatemala in 2012.", "application": ["gfw"], "iso": ["GTM"], "provider": "leaflet", "userId": "59db4eace9c1380001d6e4c3", "default": false, "protected": true, "published": true, "env": "production", "layerConfig": {"url": "https://s3.amazonaws.com//wri-tiles/GTM/guatemalaforestcover/{z}/{x}/{y}.png", "service": "leaflet", "type": "tileLayer", "params_config": [], "sql_config": [], "body": {"maxzoom": 15}}, "legendConfig": {"type": "basic", "items": [{"color": "#6e8e39", "name": "Bosque de con\u00edferas"}, {"color": "#456e21", "name": "Bosque de latifoliado"}, {"color": "#94e334", "name": "Bosque mixto"}, {"color": "#e2a83c", "name": "Bosque seco"}, {"color": "#2473ff", "name": "Humedales"}, {"color": "#e59898", "name": "Hule"}, {"color": "#ebd7c0", "name": "No bosque"}, {"color": "#f6e003", "name": "\u00c1rboles dispersos"}, {"color": "#822323", "name": "Plantaciones forestales"}, {"color": "#f6e003", "name": "Bosque de galer\u00eda de con\u00edferas"}, {"color": "#9322a3", "name": "Bosque de galer\u00eda de latifoliado"}, {"color": "#ec8ff6", "name": "Bosque de galer\u00eda mixto"}, {"color": "#A1E3FE", "name": "Cuerpos de agua"}, {"color": "#cc34c4", "name": "Nubes"}, {"color": "#c9c9c9", "name": "Bosque de mangle blanco"}, {"color": "#c77373", "name": "Bosque de mangle rojo"}, {"color": "#e50a0a", "name": "Bosque de mangle negro"}, {"color": "#ac2e2e", "name": "Bosque de mangle botoncillo"}, {"color": "#f41818", "name": "Humedal con bosque"}]}, "interactionConfig": {}, "applicationConfig": {"default": true, "active": true, "global": false, "metadata": "gtm_forest_cover"}, "staticImageConfig": {}, "updatedAt": "2018-11-21T14:02:59.963Z"}}], "metadata": [{"id": "5b64554cc96e1e0011f1e391", "type": "metadata", "attributes": {"dataset": "746089a3-0c24-402f-81b6-f8d91fab77fe", "application": "gfw", "resource": {"id": "746089a3-0c24-402f-81b6-f8d91fab77fe", "type": "dataset"}, "language": "en", "info": {"name": "Guatemala forest cover", "color": "#a0c746", "description": "Identifies forest cover and type for Guatemala in 2012.", "citation": "2012"}, "createdAt": "2018-08-03T13:14:52.577Z", "updatedAt": "2018-11-06T15:58:02.104Z", "status": "published"}}], "vocabulary": [{"id": "746089a3-0c24-402f-81b6-f8d91fab77fe", "type": "vocabulary", "attributes": {"resource": {"id": "746089a3-0c24-402f-81b6-f8d91fab77fe", "type": "dataset"}, "tags": ["landCover"], "name": "categoryTab", "application": "gfw"}}]}}