{"id": "7ce357f0-ca71-45f6-88ab-a2f13568017e", "type": "dataset", "attributes": {"name": "WRI Oil Palm Suitability Standard", "slug": "WRI-Oil-Palm-Suitability-Standard", "type": "raster", "subtitle": null, "application": ["gfw"], "dataPath": null, "attributesPath": null, "connectorType": "wms", "provider": "wms", "userId": "59db4eace9c1380001d6e4c3", "connectorUrl": "https://storage.googleapis.com/gfw-data-layers/idn_suitability/{z}/{x}/{y}.png", "tableName": null, "status": "saved", "published": true, "overwrite": false, "verified": false, "blockchain": {}, "mainDateField": null, "env": "production", "geoInfo": false, "protected": true, "legend": {"date": [], "region": [], "country": [], "nested": []}, "clonedHost": {}, "errorMessage": null, "taskId": null, "updatedAt": "2018-11-21T14:02:56.143Z", "dataLastUpdated": null, "widgetRelevantProps": [], "layerRelevantProps": [], "layer": [{"id": "60820c54-2950-4b5a-8198-84b61e55ef6a", "type": "layer", "attributes": {"name": "WRI Oil Palm Suitability Standard", "slug": "WRI-Oil-Palm-Suitability-Standard", "dataset": "7ce357f0-ca71-45f6-88ab-a2f13568017e", "description": "Shows potentially suitable areas for sustainable oil palm cultivation, according to the default settings determined by Project POTICO.", "application": ["gfw"], "iso": ["IDN"], "provider": "leaflet", "userId": "59db4eace9c1380001d6e4c3", "default": false, "protected": true, "published": true, "env": "production", "layerConfig": {"url": "https://storage.googleapis.com/gfw-data-layers/idn_suitability/{z}/{x}/{y}.png", "service": "leaflet", "type": "tileLayer", "params_config": [], "sql_config": [], "body": {"maxzoom": 13}}, "legendConfig": {"type": "basic", "items": [{"color": "#66549e", "name": "Potential"}, {"color": "#ffffc5", "name": "Not Suitable"}]}, "interactionConfig": {}, "applicationConfig": {"default": true, "active": true, "global": false, "metadata": "idn_suitability"}, "staticImageConfig": {}, "updatedAt": "2019-03-08T13:19:49.121Z"}}], "metadata": [{"id": "5b64554b6ec14b00117e29a2", "type": "metadata", "attributes": {"dataset": "7ce357f0-ca71-45f6-88ab-a2f13568017e", "application": "gfw", "resource": {"id": "7ce357f0-ca71-45f6-88ab-a2f13568017e", "type": "dataset"}, "language": "en", "info": {"name": "WRI Oil Palm Suitability Standard", "description": "Shows potentially suitable areas for sustainable oil palm cultivation, according to the default settings determined by Project POTICO.", "color": "#12724C", "citation": ""}, "createdAt": "2018-08-03T13:14:51.529Z", "updatedAt": "2018-09-19T13:47:16.605Z", "status": "published"}}], "vocabulary": [{"id": "7ce357f0-ca71-45f6-88ab-a2f13568017e", "type": "vocabulary", "attributes": {"resource": {"id": "7ce357f0-ca71-45f6-88ab-a2f13568017e", "type": "dataset"}, "tags": ["landUse", "concessions"], "name": "categoryTab", "application": "gfw"}}]}}