{"id": "81c802aa-5feb-4fbe-9986-8f30c0597c4d", "type": "dataset", "attributes": {"name": "Aboveground Live Woody Biomass Density", "slug": "Aboveground-Live-Woody-Biomass-Density", "type": "raster", "subtitle": null, "application": ["gfw"], "dataPath": null, "attributesPath": null, "connectorType": "wms", "provider": "wms", "userId": "59db4eace9c1380001d6e4c3", "connectorUrl": "https://storage.googleapis.com/earthenginepartners-wri/whrc-hansen-carbon-{threshold}-{z}{/x}{/y}.png", "tableName": null, "status": "saved", "published": true, "overwrite": false, "verified": false, "blockchain": {}, "mainDateField": null, "env": "production", "geoInfo": false, "protected": true, "legend": {"date": [], "region": [], "country": [], "nested": []}, "clonedHost": {}, "errorMessage": null, "taskId": null, "updatedAt": "2018-11-21T14:03:08.789Z", "dataLastUpdated": null, "widgetRelevantProps": [], "layerRelevantProps": [], "layer": [{"id": "f10bded4-94e2-40b6-8602-ae5bdfc07c08", "type": "layer", "attributes": {"name": "Aboveground live woody biomass density", "slug": "Aboveground-Live-Woody-Biomass-Density", "dataset": "81c802aa-5feb-4fbe-9986-8f30c0597c4d", "description": "Shows carbon density values of aboveground live woody biomass across the tropics.", "application": ["gfw"], "iso": [], "provider": "leaflet", "userId": "59db4eace9c1380001d6e4c3", "default": false, "protected": true, "published": true, "env": "production", "layerConfig": {"body": {"maxzoom": 12, "metadata": "aboveground_biomass", "minzoom": 2, "options": {}, "url": "https://storage.googleapis.com/wri-public/biomass/global/2017/v2/{threshold}/{z}/{x}/{y}.png"}, "decode_config": [], "params_config": [{"default": 12, "key": "dataMaxZoom", "required": true}, {"default": 30, "key": "threshold", "required": true}], "service": "leaflet", "type": "tileLayer"}, "legendConfig": {"items": [{"color": "#895122", "value": "0"}, {"color": "#957F4F", "name": ""}, {"color": "#9DB38A", "name": ""}, {"color": "#39A401", "value": "480 t Ha\u207b\u00b9"}], "type": "gradient"}, "interactionConfig": {}, "applicationConfig": {"active": true, "analysisConfig": [{"keys": [{"key": "totalBiomass", "title": "Total biomass", "unit": "t"}, {"key": "biomassDensity", "title": "Biomass density", "unit": "t Ha\u207b\u00b9"}], "service": "whrc-biomass", "type": "geostore", "version": "v1"}, {"keys": [{"key": "totalBiomass", "title": "Total biomass", "unit": "t"}, {"key": "biomassDensity", "title": "Biomass density", "unit": "t Ha\u207b\u00b9"}], "service": "whrc-biomass", "type": "admin", "version": "v1"}], "default": true, "global": true, "metadata": "aboveground_biomass"}, "staticImageConfig": {}, "updatedAt": "2019-03-08T13:19:54.303Z"}}], "metadata": [{"id": "5b64554ec31667001159baff", "type": "metadata", "attributes": {"dataset": "81c802aa-5feb-4fbe-9986-8f30c0597c4d", "application": "gfw", "resource": {"id": "81c802aa-5feb-4fbe-9986-8f30c0597c4d", "type": "dataset"}, "language": "en", "info": {"citation": "30m, global, Zarin/WHRC", "color": "#91582D", "description": "Shows carbon density values of aboveground live woody biomass globally.", "name": "Aboveground live woody biomass density"}, "createdAt": "2018-08-03T13:14:54.467Z", "updatedAt": "2019-01-08T14:21:39.956Z", "status": "published"}}], "vocabulary": [{"id": "81c802aa-5feb-4fbe-9986-8f30c0597c4d", "type": "vocabulary", "attributes": {"resource": {"id": "81c802aa-5feb-4fbe-9986-8f30c0597c4d", "type": "dataset"}, "tags": ["climate", "carbonDensity"], "name": "categoryTab", "application": "gfw"}}]}}