{"id": "8a0a08ec-1a92-453a-9caa-6927de719357", "type": "dataset", "attributes": {"name": "Canada Petroleum and Natural Gas", "slug": "Canada-Petroleum-and-Natural-Gas", "type": null, "subtitle": null, "application": ["gfw"], "dataPath": null, "attributesPath": null, "connectorType": "rest", "provider": "cartodb", "userId": "59db4eace9c1380001d6e4c3", "connectorUrl": "https://wri-01.carto.com/tables/can_oil", "tableName": "can_oil", "status": "saved", "published": true, "overwrite": false, "verified": false, "blockchain": {}, "mainDateField": null, "env": "production", "geoInfo": false, "protected": true, "legend": {"date": [], "region": [], "country": [], "nested": []}, "clonedHost": {}, "errorMessage": "", "taskId": null, "updatedAt": "2018-11-21T14:02:30.994Z", "dataLastUpdated": null, "widgetRelevantProps": [], "layerRelevantProps": [], "layer": [{"id": "616d6f36-8c2b-45ed-b48c-18574a6e05cf", "type": "layer", "attributes": {"name": "Canada petroleum and natural gas - 2016", "slug": "Canada-Petroleum-and-Natural-Gas", "dataset": "8a0a08ec-1a92-453a-9caa-6927de719357", "description": "Displays potential areas of industrial development due to oil and gas activities in Canada.", "application": ["gfw"], "iso": ["CAN"], "provider": "cartodb", "userId": "59db4eace9c1380001d6e4c3", "default": true, "protected": true, "published": true, "env": "production", "layerConfig": {"body": {"layers": [{"options": {"cartocss_version": "2.3.0", "cartocss": "#can_oil{ polygon-fill: #d980ff; polygon-opacity: 0.7; line-color: #d980ff; line-width: 0.5; line-opacity: 1; }", "sql": "SELECT cartodb_id, the_geom_webmercator, province, tenure_nam as name, tenure_num as permit_num, company as owner, tenure_typ as type, date_issue as date_issued, date_end as expiry_date FROM can_oil"}, "type": "cartodb"}], "minzoom": 2, "maxzoom": 19, "vectorLayers": [{"type": "fill", "source-layer": "layer0", "paint": {"fill-opacity": 0.7, "fill-color": "#d980ff"}}, {"type": "line", "source-layer": "layer0", "paint": {"line-opacity": 1, "line-color": "#d980ff", "line-width": 0.5}}]}, "account": "wri-01"}, "legendConfig": {"type": "basic", "items": [{"name": "Canada petroleum and natural gas", "color": "#d980ff"}]}, "interactionConfig": {}, "applicationConfig": {"default": true, "active": true, "global": false, "metadata": "can_oil"}, "staticImageConfig": {}, "updatedAt": "2019-03-08T13:19:29.105Z"}}], "metadata": [{"id": "5b645544c96e1e0011f1e38d", "type": "metadata", "attributes": {"dataset": "8a0a08ec-1a92-453a-9caa-6927de719357", "application": "gfw", "resource": {"id": "8a0a08ec-1a92-453a-9caa-6927de719357", "type": "dataset"}, "language": "en", "info": {"name": "Canada petroleum and natural gas", "description": "Displays potential areas of industrial development due to oil and gas activities in Canada.", "color": "#12724C", "citation": ""}, "createdAt": "2018-08-03T13:14:44.705Z", "updatedAt": "2018-11-06T15:57:53.627Z", "status": "published"}}], "vocabulary": [{"id": "8a0a08ec-1a92-453a-9caa-6927de719357", "type": "vocabulary", "attributes": {"resource": {"id": "8a0a08ec-1a92-453a-9caa-6927de719357", "type": "dataset"}, "tags": ["landUse", "concessions"], "name": "categoryTab", "application": "gfw"}}]}}