{"id": "8d59a30f-9537-44ff-a6ca-29cf5c62a607", "type": "dataset", "attributes": {"name": "Mexico Forest Cover", "slug": "Mexico-Forest-Cover", "type": "raster", "subtitle": null, "application": ["gfw"], "dataPath": null, "attributesPath": null, "connectorType": "wms", "provider": "wms", "userId": "57a0aa1071e394dd32ffe137", "connectorUrl": "https://gis-gfw.wri.org/arcgis/rest/services/cached/mex_land_cover/MapServer/tile/{z}/{y}/{x}.png", "tableName": null, "status": "saved", "published": true, "overwrite": false, "verified": false, "blockchain": {}, "mainDateField": null, "env": "production", "geoInfo": false, "protected": true, "legend": {"date": [], "region": [], "country": [], "nested": []}, "clonedHost": {}, "errorMessage": null, "taskId": null, "updatedAt": "2018-11-21T14:02:50.387Z", "dataLastUpdated": null, "widgetRelevantProps": [], "layerRelevantProps": [], "layer": [{"id": "b0b75996-1287-4f8f-884a-ff0da931be81", "type": "layer", "attributes": {"name": "Mexico forest cover - 2013-2014", "slug": "Mexico-Forest-Cover", "dataset": "8d59a30f-9537-44ff-a6ca-29cf5c62a607", "description": "Shows the coverage of forests in Mexico", "application": ["gfw"], "iso": ["MEX"], "provider": "leaflet", "userId": "57a0aa1071e394dd32ffe137", "default": false, "protected": true, "published": true, "env": "production", "layerConfig": {"body": {"minzoom": 2, "maxzoom": 9, "format": "image/png", "metadata": "https://production-api.globalforestwatch.org/v1/gfw-metadata/mex_land_cover"}, "sql_config": [], "params_config": [], "type": "tileLayer", "service": "leaflet", "url": "https://gis-gfw.wri.org/arcgis/rest/services/cached/mex_land_cover/MapServer/tile/{z}/{y}/{x}"}, "legendConfig": {"items": [{"color": "#00A884", "name": "Cloud forest (Bosque mes\u00f3filo)"}, {"color": "#89CD66", "name": "Coniferous forest (Con\u00edferas)"}, {"color": "#ABCD66", "name": "Mixed forest (Con\u00edferas y latifoliadas)"}, {"color": "#A2CD66", "name": "Broadleaf forest (Latifoliadas)"}, {"color": "#73B2FF", "name": "Mangroves (Manglar)"}, {"color": "#CDAA66", "name": "Other forest areas (Otras areas forestales)"}, {"color": "#FFEBBE", "name": "Other forest types (Otras asociaciones)"}, {"color": "#8400A8", "name": "High- and mid-elevation rainforest (Selvas altas y medianas)"}, {"color": "#E60000", "name": "Lowland rainforest (Selvas bajas)"}, {"color": "#F5F57A", "name": "Arid zones (Zonas \u00e1ridas)"}, {"color": "#FFAA00", "name": "Semiarid zones (Zonas semi\u00e1ridas)"}, {"color": "#CCCCCC", "name": "Non-forest areas (\u00c1reas no forestales)"}], "type": "basic"}, "interactionConfig": {}, "applicationConfig": {"default": true, "active": true, "global": false, "metadata": "mex_land_cover"}, "staticImageConfig": {}, "updatedAt": "2019-03-08T13:19:47.151Z"}}], "metadata": [{"id": "5b6455496ec14b00117e299f", "type": "metadata", "attributes": {"dataset": "8d59a30f-9537-44ff-a6ca-29cf5c62a607", "application": "gfw", "resource": {"id": "8d59a30f-9537-44ff-a6ca-29cf5c62a607", "type": "dataset"}, "language": "en", "info": {"name": "Mexico forest cover", "color": "#a0c746", "description": "Shows the coverage of forests in Mexico.", "citation": ""}, "createdAt": "2018-08-03T13:14:49.827Z", "updatedAt": "2018-11-06T15:58:00.170Z", "status": "published"}}], "vocabulary": [{"id": "8d59a30f-9537-44ff-a6ca-29cf5c62a607", "type": "vocabulary", "attributes": {"resource": {"id": "8d59a30f-9537-44ff-a6ca-29cf5c62a607", "type": "dataset"}, "tags": ["landCover"], "name": "categoryTab", "application": "gfw"}}]}}