{"id": "9b9e56fc-270e-486d-8db5-e0a839c9a1a9", "type": "dataset", "attributes": {"name": "Fire alerts summary stats - adm1", "slug": "Fire-alerts-summary-stats-adm1", "type": null, "subtitle": null, "application": ["gfw"], "dataPath": null, "attributesPath": null, "connectorType": "document", "provider": "csv", "userId": "57a9d92029309063404573a1", "connectorUrl": "http://gfw2-data.s3.amazonaws.com/country-pages/fire_alerts_adm1.csv", "tableName": "index_9b9e56fc270e486d8db5e0a839c9a1a9_1554120080297", "status": "saved", "published": true, "overwrite": true, "verified": false, "blockchain": {}, "mainDateField": null, "env": "production", "geoInfo": false, "protected": true, "legend": {"date": [], "region": [], "country": [], "nested": []}, "clonedHost": {}, "errorMessage": "", "taskId": "/v1/doc-importer/task/bd18759b-317b-4dde-832e-e3c5e346d27f", "updatedAt": "2019-04-01T12:06:46.976Z", "dataLastUpdated": null, "metadata": [], "layer": [], "vocabulary": [], "widgetRelevantProps": [], "layerRelevantProps": []}}