{"id": "9bd34150-71d2-4fe0-86ae-f8911378d7e3", "type": "dataset", "attributes": {"name": "Population Density", "slug": "Population-Density", "type": "raster", "subtitle": null, "application": ["gfw"], "dataPath": null, "attributesPath": null, "connectorType": "wms", "provider": "wms", "userId": "59db4eace9c1380001d6e4c3", "connectorUrl": "https://s3.amazonaws.com/grump-tiles/grump-base/{z}/{x}/{y}.png", "tableName": null, "status": "saved", "published": false, "overwrite": false, "verified": false, "blockchain": {}, "mainDateField": null, "env": "production", "geoInfo": false, "protected": true, "legend": {"date": [], "region": [], "country": [], "nested": []}, "clonedHost": {}, "errorMessage": null, "taskId": null, "updatedAt": "2019-03-01T17:36:49.720Z", "dataLastUpdated": null, "widgetRelevantProps": [], "layerRelevantProps": [], "layer": [{"id": "d3585efd-8700-46a4-aeb6-cfb75b886b44", "type": "layer", "attributes": {"name": "Population density - 2000", "slug": "Population-Density", "dataset": "9bd34150-71d2-4fe0-86ae-f8911378d7e3", "description": "This layer measures human population per square km in 2000.", "application": ["gfw"], "iso": [], "provider": "leaflet", "userId": "59db4eace9c1380001d6e4c3", "default": false, "protected": true, "published": true, "env": "production", "layerConfig": {"body": {"maxzoom": 13, "options": {"useCors": true}}, "params_config": [], "service": "leaflet", "sql_config": [], "type": "tileLayer", "url": "https://s3.amazonaws.com/grump-tiles/grump-base/{z}/{x}/{y}.png"}, "legendConfig": {"type": "basic", "items": [{"color": "#ECE1C6", "name": "0 - 5"}, {"color": "#DCCCA6", "name": "5 - 25"}, {"color": "#BEAD83", "name": "25 - 250"}, {"color": "#AF985F", "name": "250 - 1000"}, {"color": "#9C813F", "name": " 1000"}]}, "interactionConfig": {}, "applicationConfig": {"active": true, "analysisConfig": [{"keys": [{"key": "totalPopulation", "title": "Total population", "unit": "people"}, {"key": "populationDensity", "title": "Population density", "unit": "people Ha\u207b\u00b9"}], "service": "population", "type": "geostore", "version": "v1"}, {"keys": [{"key": "totalPopulation", "title": "Total population", "unit": "people"}, {"key": "populationDensity", "title": "Population density", "unit": "people Ha\u207b\u00b9"}], "service": "population", "type": "admin", "version": "v1"}], "default": true, "global": true, "metadata": "global_population_jrc"}, "staticImageConfig": {}, "updatedAt": "2019-04-11T23:13:09.109Z"}}], "metadata": [{"id": "5b64554db6baae001154d1af", "type": "metadata", "attributes": {"dataset": "9bd34150-71d2-4fe0-86ae-f8911378d7e3", "application": "gfw", "resource": {"id": "9bd34150-71d2-4fe0-86ae-f8911378d7e3", "type": "dataset"}, "language": "en", "info": {"description": "This layer measures human population per square km.", "name": "Population density", "color": "#5E74FF", "citation": "2000"}, "createdAt": "2018-08-03T13:14:53.219Z", "updatedAt": "2018-11-06T15:58:02.527Z", "status": "published"}}], "vocabulary": [{"id": "9bd34150-71d2-4fe0-86ae-f8911378d7e3", "type": "vocabulary", "attributes": {"resource": {"id": "9bd34150-71d2-4fe0-86ae-f8911378d7e3", "type": "dataset"}, "tags": ["landUse", "people"], "name": "categoryTab", "application": "gfw"}}]}}