{"id": "9c00b73f-9a6e-453c-b730-e240b56e5c88", "type": "dataset", "attributes": {"name": "Sarawak Oil Palm Concessions", "slug": "Sarawak-Oil-Palm-Concessions", "type": null, "subtitle": null, "application": ["gfw"], "dataPath": null, "attributesPath": null, "connectorType": "rest", "provider": "cartodb", "userId": "59db4eace9c1380001d6e4c3", "connectorUrl": "https://wri-01.carto.com/tables/mys_oil_palm", "tableName": "mys_oil_palm", "status": "saved", "published": true, "overwrite": false, "verified": false, "blockchain": {}, "mainDateField": null, "env": "production", "geoInfo": false, "protected": true, "legend": {"date": [], "region": [], "country": [], "nested": []}, "clonedHost": {}, "errorMessage": "", "taskId": null, "updatedAt": "2018-11-21T14:02:52.276Z", "dataLastUpdated": null, "widgetRelevantProps": [], "layerRelevantProps": [], "layer": [{"id": "7515700e-3679-42fc-a05b-9b4a144266b5", "type": "layer", "attributes": {"name": "Sarawak oil palm concessions - 2010", "slug": "Sarawak-Oil-Palm-Concessions", "dataset": "9c00b73f-9a6e-453c-b730-e240b56e5c88", "description": "Shows the coverage of oil palm concessions in Sarawak, where information is available.", "application": ["gfw"], "iso": ["MYS"], "provider": "cartodb", "userId": "59db4eace9c1380001d6e4c3", "default": false, "protected": true, "published": true, "env": "production", "layerConfig": {"body": {"layers": [{"options": {"cartocss_version": "2.3.0", "cartocss": "#mys_oil_palm{ polygon-fill: #ee9587; line-color: #ee9587; line-clip: false; polygon-clip: false; }", "sql": "SELECT cartodb_id, the_geom_webmercator, name_of_gr as company, source_of as source, to_char(permit_dat,'DD/MM/YYYY') as permit_date, round(area_offic::float) as area_ha, name FROM mys_oil_palm"}, "type": "cartodb"}], "minzoom": 2, "maxzoom": 19, "vectorLayers": [{"type": "fill", "source-layer": "layer0", "paint": {"fill-opacity": "transparent", "fill-color": "#ee9587"}}, {"type": "line", "source-layer": "layer0", "paint": {"line-opacity": "transparent", "line-color": "#ee9587", "line-width": 1}}]}, "account": "wri-01"}, "legendConfig": {"type": "basic", "items": [{"color": "#ee9587", "name": "Sarawak oil palm concessions"}]}, "interactionConfig": {"type": "intersection", "output": [{"column": "company", "property": "Company", "type": "string", "format": null}, {"column": "source", "property": "Source", "type": "string", "format": null}, {"column": "cartodb_id", "format": null, "property": "cartodb_id", "type": "number", "hidden": true}, {"column": "the_geom_webmercator", "format": "json", "property": "the_geom", "type": "json", "hidden": true}]}, "applicationConfig": {"default": true, "active": true, "global": false, "metadata": "mys_oil_palm", "analysisEndpoint": "use"}, "staticImageConfig": {}, "updatedAt": "2019-03-08T13:19:48.290Z"}}], "metadata": [{"id": "5b64554ab6baae001154d1ad", "type": "metadata", "attributes": {"dataset": "9c00b73f-9a6e-453c-b730-e240b56e5c88", "application": "gfw", "resource": {"id": "9c00b73f-9a6e-453c-b730-e240b56e5c88", "type": "dataset"}, "language": "en", "info": {"name": "Sarawak oil palm concessions", "description": "Shows the coverage of oil palm concessions in Sarawak, where information is available.", "color": "#12724C", "citation": ""}, "createdAt": "2018-08-03T13:14:50.448Z", "updatedAt": "2018-11-06T15:58:00.812Z", "status": "published"}}], "vocabulary": [{"id": "9c00b73f-9a6e-453c-b730-e240b56e5c88", "type": "vocabulary", "attributes": {"resource": {"id": "9c00b73f-9a6e-453c-b730-e240b56e5c88", "type": "dataset"}, "tags": ["landUse", "concessions"], "name": "categoryTab", "application": "gfw"}}]}}