{"id": "a20e9c0e-8d7d-422f-90f5-3b9bca355aaf", "type": "dataset", "attributes": {"name": "country page data for admin level 2", "slug": "country-page-data-for-admin-level-2", "type": null, "subtitle": null, "application": ["gfw"], "dataPath": "data", "attributesPath": null, "connectorType": "document", "provider": "json", "userId": "57a9d92029309063404573a1", "connectorUrl": "http://gfw2-data.s3.amazonaws.com/alerts-tsv/output2017/20180607/to-api/adm2.json", "tableName": "index_a20e9c0e8d7d422f90f53b9bca355aaf_1536860094611", "status": "saved", "published": true, "overwrite": true, "verified": false, "blockchain": {}, "mainDateField": null, "env": "production", "geoInfo": false, "protected": true, "legend": {"date": [], "region": [], "country": [], "nested": ["year_data"]}, "clonedHost": {}, "errorMessage": "", "taskId": "/v1/doc-importer/task/05d8d87f-83e6-4ef4-b463-af68fd308407", "updatedAt": "2018-11-21T14:02:21.137Z", "dataLastUpdated": null, "metadata": [], "layer": [], "vocabulary": [], "widgetRelevantProps": [], "layerRelevantProps": []}}