{"id": "a4e9c32d-d037-4c50-a893-967cad193537", "type": "dataset", "attributes": {"name": "Population Density", "slug": "Population-Density_1", "type": null, "subtitle": null, "application": ["gfw"], "dataPath": null, "attributesPath": null, "connectorType": "rest", "provider": "gee", "userId": "57a0aa1071e394dd32ffe137", "connectorUrl": null, "tableName": "CIESIN/GPWv4/population-density/2015", "status": "saved", "published": true, "overwrite": false, "verified": false, "blockchain": {}, "mainDateField": null, "env": "production", "geoInfo": false, "protected": false, "legend": {"date": [], "region": [], "country": [], "nested": []}, "clonedHost": {}, "errorMessage": "", "taskId": null, "updatedAt": "2019-03-08T18:24:06.420Z", "dataLastUpdated": null, "metadata": [], "widgetRelevantProps": [], "layerRelevantProps": [], "layer": [{"id": "792d74a2-5775-46ed-9ccd-1c14372ac9d4", "type": "layer", "attributes": {"name": "Population Density", "slug": "Population-Density_2", "dataset": "a4e9c32d-d037-4c50-a893-967cad193537", "description": "JRC Global Human Settlement Layers V1: 2015 Population on a 250m grid.", "application": ["gfw"], "iso": [], "provider": "gee", "userId": "57a0aa1071e394dd32ffe137", "default": false, "protected": false, "published": true, "env": "production", "layerConfig": {"assetId": "JRC/GHSL/P2016/POP_GPW_GLOBE_V1/2015", "body": {"maxNativeZoom": 13, "maxzoom": 19, "minNativeZoom": 3, "minzoom": 2, "sldValue": "<RasterSymbolizer> + <ColorMap type=\"gradient\" extended=\"false\" > + <ColorMapEntry color=\"#912512\" quantity=\"1\" opacity=\"0\"/> + <ColorMapEntry color=\"#ed602a\" quantity=\"10\" /> + <ColorMapEntry color=\"#ee702d\" quantity=\"50\"  /> + <ColorMapEntry color=\"#ef8528\" quantity=\"75\" /> + <ColorMapEntry color=\"#f19336\" quantity=\"100\" /> + <ColorMapEntry color=\"#f2a567\" quantity=\"150\" /> + <ColorMapEntry color=\"#f7ce9d\" quantity=\"175\" /> + <ColorMapEntry color=\"#fbe9d2\" quantity=\"200\" /> + </ColorMap> + </RasterSymbolizer>", "styleType": "sld"}, "isImageCollection": false, "params_config": [], "type": "tileLayer"}, "legendConfig": {"items": [{"color": "#912512", "value": "1"}, {"color": "#ed602a", "value": ""}, {"color": "#ee702d", "value": ""}, {"color": "#ef8528", "value": ""}, {"color": "#f19336", "value": ""}, {"color": "#f2a567", "value": ""}, {"color": "#f7ce9d", "value": ""}, {"color": "#fbe9d2", "value": ">200 persons/250m\u00b2"}], "type": "gradient"}, "interactionConfig": {}, "applicationConfig": {"active": true, "analysisConfig": [{"keys": [{"key": "totalPopulation", "title": "Total population", "unit": "people"}, {"key": "populationDensity", "title": "Population density", "unit": "people Ha\u207b\u00b9"}], "service": "population", "type": "geostore", "version": "v1"}, {"keys": [{"key": "totalPopulation", "title": "Total population", "unit": "people"}, {"key": "populationDensity", "title": "Population density", "unit": "people Ha\u207b\u00b9"}], "service": "population", "type": "admin", "version": "v1"}], "default": true, "global": true, "metadata": "global_population_jrc"}, "staticImageConfig": {}, "updatedAt": "2019-04-11T23:18:38.957Z"}}], "vocabulary": [{"id": "a4e9c32d-d037-4c50-a893-967cad193537", "type": "vocabulary", "attributes": {"resource": {"id": "a4e9c32d-d037-4c50-a893-967cad193537", "type": "dataset"}, "tags": ["landUse", "people"], "name": "categoryTab", "application": "gfw"}}]}}