{"id": "ab35761b-ac75-4a82-a6b9-8c949a5af4da", "type": "dataset", "attributes": {"name": "Canada Protected Areas", "slug": "Canada-Protected-Areas", "type": null, "subtitle": null, "application": ["gfw"], "dataPath": null, "attributesPath": null, "connectorType": "rest", "provider": "cartodb", "userId": "59db4eace9c1380001d6e4c3", "connectorUrl": "https://wri-01.carto.com/tables/can_protected_areas", "tableName": "can_protected_areas", "status": "saved", "published": true, "overwrite": false, "verified": false, "blockchain": {}, "mainDateField": null, "env": "production", "geoInfo": false, "protected": true, "legend": {"date": [], "region": [], "country": [], "nested": []}, "clonedHost": {}, "errorMessage": "", "taskId": null, "updatedAt": "2018-11-21T14:02:42.594Z", "dataLastUpdated": null, "widgetRelevantProps": [], "layerRelevantProps": [], "layer": [{"id": "ae8aa6b4-cf9a-4627-8964-ff8af264537e", "type": "layer", "attributes": {"name": "Canada protected areas - 2015", "slug": "Canada-Protected-Areas", "dataset": "ab35761b-ac75-4a82-a6b9-8c949a5af4da", "description": "This data shows the location of Protected Areas in Canada.", "application": ["gfw"], "iso": ["CAN"], "provider": "cartodb", "userId": "59db4eace9c1380001d6e4c3", "default": false, "protected": true, "published": true, "env": "production", "layerConfig": {"body": {"layers": [{"options": {"cartocss_version": "2.3.0", "cartocss": "#can_protected_areas { polygon-fill: #4d94c4; polygon-opacity: 0.7; line-color: #4d94c4; line-width: 0.1; line-opacity: 1; }", "sql": "SELECT cartodb_id, the_geom_webmercator,status_e as status, protdate as date, provider, iucn_cat category, loc_e as location, name_e as name, mgmt_e management, round(o_area::float) as area_ha FROM can_protected_areas"}, "type": "cartodb"}], "minzoom": 2, "maxzoom": 19, "vectorLayers": [{"type": "fill", "source-layer": "layer0", "paint": {"fill-opacity": 0.7, "fill-color": "#4d94c4"}}, {"type": "line", "source-layer": "layer0", "paint": {"line-opacity": 1, "line-color": "#4d94c4", "line-width": 0.1}}]}, "account": "wri-01"}, "legendConfig": {"type": "basic", "items": [{"color": "#4d94c4", "name": "Canada protected areas"}]}, "interactionConfig": {}, "applicationConfig": {"default": true, "active": true, "global": false, "metadata": "can_protected_areas"}, "staticImageConfig": {}, "updatedAt": "2019-03-08T13:19:43.777Z"}}], "metadata": [{"id": "5b645547c96e1e0011f1e390", "type": "metadata", "attributes": {"dataset": "ab35761b-ac75-4a82-a6b9-8c949a5af4da", "application": "gfw", "resource": {"id": "ab35761b-ac75-4a82-a6b9-8c949a5af4da", "type": "dataset"}, "language": "en", "info": {"name": "Canada protected areas", "color": "#A878F3", "description": "Displays areas in Canada that are legally protected according to various designations (e.g., national parks,state reserves, and wildlife reserves) and managed to achieve conservation objectives.", "citation": ""}, "createdAt": "2018-08-03T13:14:47.984Z", "updatedAt": "2018-11-06T15:57:57.498Z", "status": "published"}}], "vocabulary": [{"id": "ab35761b-ac75-4a82-a6b9-8c949a5af4da", "type": "vocabulary", "attributes": {"resource": {"id": "ab35761b-ac75-4a82-a6b9-8c949a5af4da", "type": "dataset"}, "tags": ["landUse", "conservation"], "name": "categoryTab", "application": "gfw"}}]}}