{"id": "ae1e485a-5b39-43b3-9a4e-0edc38fd11a6", "type": "dataset", "attributes": {"name": "Emissions from peat drainage", "slug": "Emissions-from-peat-drainage", "type": null, "subtitle": null, "application": ["gfw"], "dataPath": null, "attributesPath": null, "connectorType": "rest", "provider": "cartodb", "userId": "57a0aa1071e394dd32ffe137", "connectorUrl": "https://wri-01.carto.com/tables/peatland_drainage", "tableName": "peatland_drainage", "status": "saved", "published": true, "overwrite": false, "verified": false, "blockchain": {}, "mainDateField": null, "env": "production", "geoInfo": false, "protected": true, "legend": {"date": [], "region": [], "country": [], "nested": []}, "clonedHost": {}, "errorMessage": "", "taskId": null, "updatedAt": "2018-11-21T14:04:17.951Z", "dataLastUpdated": null, "widgetRelevantProps": [], "layerRelevantProps": [], "layer": [{"id": "3f0aac4a-7cca-4b77-9a01-95fcf5e98cc0", "type": "layer", "attributes": {"name": "Emissions from peat drainage - 2013-2014", "slug": "Emissions-from-peat-drainage", "dataset": "ae1e485a-5b39-43b3-9a4e-0edc38fd11a6", "description": "carbon emissions associated with peat drainage in Indonesia and Malaysia.", "application": ["gfw"], "iso": ["IDN", "MYS"], "provider": "cartodb", "userId": "57a0aa1071e394dd32ffe137", "default": false, "protected": true, "published": true, "env": "production", "layerConfig": {"account": "wri-01", "body": {"layers": [{"options": {"cartocss": "#peatland_drainage{ polygon-fill: #ECF0F6; polygon-opacity: 1; line-color: #FFF; line-width: 0.1; line-opacity: 1; } #peatland_drainage [ emisc02ha <= 73] { polygon-fill: #5A0198; } #peatland_drainage [ emisc02ha <= 55] { polygon-fill: #8A33AD; } #peatland_drainage [ emisc02ha <= 40] { polygon-fill: #C28BCA; } #peatland_drainage [ emisc02ha <= 0] { polygon-fill: #E0DCE0; }", "cartocss_version": "2.3.0", "sql": "SELECT * FROM peatland_drainage"}, "type": "cartodb"}], "maxzoom": 19, "metadata": "peat_emissions", "minzoom": 2, "vectorLayers": [{"paint": {"fill-color": "#ECF0F6", "fill-opacity": 1}, "source-layer": "layer0", "type": "fill"}, {"paint": {"line-color": "#FFF", "line-opacity": 1, "line-width": 0.1}, "source-layer": "layer0", "type": "line"}, {"filter": ["all", ["<=", "emisc02ha", 73]], "paint": {"fill-color": "#5A0198"}, "source-layer": "layer0", "type": "fill"}, {"filter": ["all", ["<=", "emisc02ha", 55]], "paint": {"fill-color": "#8A33AD"}, "source-layer": "layer0", "type": "fill"}, {"filter": ["all", ["<=", "emisc02ha", 40]], "paint": {"fill-color": "#C28BCA"}, "source-layer": "layer0", "type": "fill"}, {"filter": ["all", ["<=", "emisc02ha", 0]], "paint": {"fill-color": "#E0DCE0"}, "source-layer": "layer0", "type": "fill"}]}, "params_config": [], "sql_config": []}, "legendConfig": {"type": "basic", "items": [{"name": "Unknown (peat outside plantations)", "color": "#E0DCE0"}, {"name": "40 (oil palm on peat)", "color": "#C28BCA"}, {"name": "55 (other plantation types on peat)", "color": "#8A33AD"}, {"suffix": "t Ha\u207b\u00b9", "name": "73 (acacia on peat)", "color": "#5A0198"}]}, "interactionConfig": {"type": "intersection", "output": [{"column": "country", "property": "Country", "type": "string", "format": null}, {"column": "area_ha", "suffix": "ha", "property": "Area", "type": "number", "format": null}, {"column": "emisc02ha", "suffix": "t CO\u2082 ha\u207b\u00b9 yr\u207b\u00b9", "property": "Emissions", "type": "number", "format": null}, {"column": "type_text", "property": "Type", "type": "string", "format": null}, {"column": "cartodb_id", "format": null, "property": "cartodb_id", "type": "number", "hidden": true}, {"column": "the_geom_webmercator", "format": "json", "property": "the_geom", "type": "json", "hidden": true}]}, "applicationConfig": {"global": true, "active": true, "default": true, "metadata": "peat_emissions", "analysisEndpoint": "use"}, "staticImageConfig": {}, "updatedAt": "2019-03-11T13:31:50.569Z"}}], "metadata": [{"id": "5b6b10542ed3f60011af8c83", "type": "metadata", "attributes": {"dataset": "ae1e485a-5b39-43b3-9a4e-0edc38fd11a6", "application": "gfw", "resource": {"id": "ae1e485a-5b39-43b3-9a4e-0edc38fd11a6", "type": "dataset"}, "language": "en", "info": {"name": "Emissions from peat drainage", "color": "#F0898A", "description": "Shows carbon emissions associated with peat drainage in Indonesia and Malaysia from plantation establishment.", "citation": "Indonesia and Malaysia, 2013/2014"}, "createdAt": "2018-08-08T15:46:28.200Z", "updatedAt": "2018-11-06T15:58:05.688Z", "status": "published"}}], "vocabulary": [{"id": "ae1e485a-5b39-43b3-9a4e-0edc38fd11a6", "type": "vocabulary", "attributes": {"resource": {"id": "ae1e485a-5b39-43b3-9a4e-0edc38fd11a6", "type": "dataset"}, "tags": ["climate", "carbonEmissions"], "name": "categoryTab", "application": "gfw"}}]}}