{"id": "b3fa1221-db2a-4826-95a1-37ac0973cc4b", "type": "dataset", "attributes": {"name": "SAD Alerts", "slug": "for002-Deforestation-Alert-System-SAD-alerts_1", "type": "tabular", "subtitle": "Imazon", "application": ["gfw"], "dataPath": null, "attributesPath": null, "connectorType": "rest", "provider": "cartodb", "userId": "59db4eace9c1380001d6e4c3", "connectorUrl": "https://wri-01.carto.com/tables/imazon_sad/public", "tableName": "imazon_sad", "status": "saved", "published": true, "overwrite": false, "verified": false, "blockchain": {}, "mainDateField": null, "env": "production", "geoInfo": false, "protected": true, "legend": {"date": [], "region": [], "country": [], "nested": []}, "clonedHost": {}, "errorMessage": "", "taskId": null, "updatedAt": "2018-11-21T14:04:20.292Z", "dataLastUpdated": null, "widgetRelevantProps": [], "layerRelevantProps": [], "layer": [{"id": "3ec29734-4627-45b1-b320-680e4b4b939e", "type": "layer", "attributes": {"name": "SAD alerts", "slug": "Brazilian-Amazon-Deforestation-Alerts_1", "dataset": "b3fa1221-db2a-4826-95a1-37ac0973cc4b", "description": "Zones with deforestation alerts during last 90 days.", "application": ["gfw"], "iso": ["BRA"], "provider": "cartodb", "userId": "59db4eace9c1380001d6e4c3", "default": false, "protected": true, "published": true, "env": "production", "layerConfig": {"account": "wri-01", "body": {"layers": [{"options": {"cartocss": "[layer='defor'] { polygon-fill:#F69; polygon-opacity: 1; line-opacity: 1; line-color: #F69; line-width: 2; } [layer='degrad'] { polygon-fill: #ffbfd5; polygon-opacity: 1; line-opacity: 1; line-color: #ffbfd5; line-width: 2; } [layer='defor'][date>{{recentDate}}] { polygon-fill: #F69; polygon-opacity: 0.8; line-opacity: 1; line-color: rgb(233, 189, 21); line-width: 2; } [layer='degrad'][date>{{recentDate}}] { polygon-fill: #ffbfd5; polygon-opacity: 0.8; line-opacity: 1; line-color: rgb(233, 189, 21); line-width: 2; }", "cartocss_version": "2.3.0", "sql": "SELECT cartodb_id, the_geom_webmercator, st_area_sh, st_length_, to_char(date,'YYYYMMDD')::int as date, data_type AS layer, data_type AS name FROM imazon_sad WHERE date BETWEEN to_date('{{startDate}}','YYYY-MM') AND to_date('{{endDate}}','YYYY-MM')"}, "type": "cartodb"}], "vectorLayers": [{"type": "line", "source-layer": "layer0", "filter": ["all", ["==", "layer", "defor"]], "paint": {"line-opacity": 1, "line-color": "#F69", "line-width": 2}}, {"type": "fill", "source-layer": "layer0", "filter": ["all", ["==", "layer", "defor"]], "paint": {"fill-opacity": 1, "fill-color": "#F69"}}, {"type": "line", "source-layer": "layer0", "filter": ["all", ["==", "layer", "degrad"]], "paint": {"line-opacity": 1, "line-color": "#ffbfd5", "line-width": 2}}, {"type": "fill", "source-layer": "layer0", "filter": ["all", ["==", "layer", "degrad"]], "paint": {"fill-opacity": 1, "fill-color": "#ffbfd5"}}, {"type": "line", "source-layer": "layer0", "filter": ["all", ["==", "layer", "defor"], [">", "date", "{{recentDate}}"]], "paint": {"line-opacity": 1, "line-color": "#e9bd15", "line-width": 2}}, {"type": "fill", "source-layer": "layer0", "filter": ["all", ["==", "layer", "defor"], [">", "date", "{{recentDate}}"]], "paint": {"fill-opacity": 0.8, "fill-color": "#F69"}}, {"type": "line", "source-layer": "layer0", "filter": ["all", ["==", "layer", "degrad"], [">", "date", "{{recentDate}}"]], "paint": {"line-opacity": 1, "line-color": "#e9bd15", "line-width": 2}}, {"type": "fill", "source-layer": "layer0", "filter": ["all", ["==", "layer", "degrad"], [">", "date", "{{recentDate}}"]], "paint": {"fill-opacity": 0.8, "fill-color": "#ffbfd5"}}], "maxzoom": 19, "minzoom": 2}, "params_config": [{"default": "2008-04-30", "key": "startDate", "required": true}, {"key": "endDate", "required": true, "url": "http://production-api.globalforestwatch.org/v1/imazon-alerts/latest"}, {"count": 1, "format": "YYYYMMDD", "interval": "months", "key": "recentDate", "required": true}], "timeline_config": {"dateFormat": "YYYY-MM", "interval": "months", "speed": 100, "step": 1}, "type": "cartodb"}, "legendConfig": {"items": [{"color": "#f13698", "name": "Deforestation"}, {"color": "#fa98b9", "name": "Degradation"}, {"color": "#ffbd15", "name": "Recent alerts"}], "type": "basic"}, "interactionConfig": {}, "applicationConfig": {"active": true, "analysisConfig": [{"key": "value", "service": "imazon-alerts", "type": "geostore", "version": "v2"}, {"key": "value", "service": "imazon-alerts", "type": "admin", "version": "v2"}], "default": true, "global": false, "metadata": "imazon_sad", "multiConfig": {"color": "#DA6899", "position": 0}, "subscriptionKey": "imazon-alerts"}, "staticImageConfig": {}, "updatedAt": "2019-03-08T13:20:02.490Z"}}, {"id": "a8b4e2eb-328e-420b-8027-8466271d8368", "type": "layer", "attributes": {"name": "Geographic coverage", "slug": "Geographic-Coverage_5", "dataset": "b3fa1221-db2a-4826-95a1-37ac0973cc4b", "description": "Geographic Coverage fro Imazon SAD Alerts Layer", "application": ["gfw"], "iso": ["BRA"], "provider": "cartodb", "userId": "59db4eace9c1380001d6e4c3", "default": false, "protected": true, "published": true, "env": "production", "layerConfig": {"body": {"layers": [{"options": {"cartocss_version": "2.3.0", "cartocss": "#imazon_sad_geografic_extent{ polygon-fill: #FDCCDC; polygon-opacity: 0.7; line-color: #FDCCDC; line-width: 1; line-opacity: 1; }", "sql": "SELECT * FROM imazon_sad_geografic_extent"}, "type": "cartodb"}], "minzoom": 2, "maxzoom": 19, "vectorLayers": [{"type": "fill", "source-layer": "layer0", "paint": {"fill-opacity": 0.7, "fill-color": "#FDCCDC"}}, {"type": "line", "source-layer": "layer0", "paint": {"line-opacity": 1, "line-color": "#FDCCDC", "line-width": 1}}]}, "account": "wri-01"}, "legendConfig": {}, "interactionConfig": {}, "applicationConfig": {"multiConfig": {"position": 1, "color": "#dc6699"}, "global": false, "default": false, "active": true}, "staticImageConfig": {}, "updatedAt": "2019-03-08T13:20:03.501Z"}}], "metadata": [{"id": "5b7ffefba8e33b0010436db9", "type": "metadata", "attributes": {"dataset": "b3fa1221-db2a-4826-95a1-37ac0973cc4b", "application": "gfw", "resource": {"id": "b3fa1221-db2a-4826-95a1-37ac0973cc4b", "type": "dataset"}, "language": "en", "info": {"citation": "monthly, 250m, Brazilian Amazon, Imazon", "color": "#DA6899", "description": "Deforestation alert system that monitors forest cover loss and forest degradation in the Brazilian Amazon.", "isMultiLayer": true, "name": "SAD alerts"}, "createdAt": "2018-08-24T12:50:03.507Z", "updatedAt": "2018-11-06T16:01:38.303Z", "status": "published"}}], "vocabulary": [{"id": "b3fa1221-db2a-4826-95a1-37ac0973cc4b", "type": "vocabulary", "attributes": {"resource": {"id": "b3fa1221-db2a-4826-95a1-37ac0973cc4b", "type": "dataset"}, "tags": ["forestChange", "deforestationAlerts"], "name": "categoryTab", "application": "gfw"}}]}}