{"id": "b7a34457-1d8a-456e-af46-876e0b42fb96", "type": "dataset", "attributes": {"name": "Potential Carbon Gains From Forest Regeneration", "slug": "AGB-Gains_1", "type": "raster", "subtitle": null, "application": ["gfw"], "dataPath": null, "attributesPath": null, "connectorType": "rest", "provider": "gee", "userId": "5936af3802d342203186ab99", "connectorUrl": null, "tableName": "projects/wri-datalab/Gain_carbon_test", "status": "saved", "published": true, "overwrite": false, "verified": false, "blockchain": {}, "mainDateField": null, "env": "production", "geoInfo": false, "protected": true, "legend": {"date": [], "region": [], "country": [], "nested": []}, "clonedHost": {}, "errorMessage": "", "taskId": null, "updatedAt": "2018-11-21T13:55:02.982Z", "dataLastUpdated": null, "widgetRelevantProps": [], "layerRelevantProps": [], "layer": [{"id": "c9e48a9f-2dca-4233-9400-0b5e4e07674f", "type": "layer", "attributes": {"name": "Total potential carbon gains - 2018", "slug": "test-agb-green-2018", "dataset": "b7a34457-1d8a-456e-af46-876e0b42fb96", "application": ["gfw"], "iso": ["MEX", "GTM", "BLZ", "COL", "BRA", "JAM", "ECU", "PER", "GUY", "SUR", "BOL", "PRY", "ARG", "VEN", "PAN", "CRI", "PRI", "CUB", "NIC", "HND", "SLV"], "provider": "gee", "userId": "57a0aa1071e394dd32ffe137", "default": false, "protected": true, "published": true, "env": "production", "layerConfig": {"assetId": "projects/wri-datalab/Gain_carbon_test", "body": {"sldValue": "<RasterSymbolizer><ColorMap type=\"ramp\" extended=\"false\" ><ColorMapEntry color=\"#0D210F\" quantity=\"0\" opacity=\"0\" /><ColorMapEntry color=\"#0D210F\" quantity=\"1\" /><ColorMapEntry color=\"#77E285\" quantity=\"6818\" /></ColorMap></RasterSymbolizer>", "styleType": "sld"}, "filterDates": ["2008-01-01", "2019-01-01"], "isImageCollection": true, "order": 2018, "position": "last", "provider": "gee"}, "legendConfig": {"items": [{"color": "#0D210F", "value": "0"}, {"color": "#77E285", "value": "25 t CO\u2082 Ha\u207b\u00b9"}], "type": "gradient"}, "interactionConfig": {}, "applicationConfig": {"active": true, "default": true, "global": true, "metadata": "potential_tree_biomass_gain", "multiConfig": {"group": "total", "label": "Total", "position": 1}, "selectorConfig": {"group": "total", "label": "10", "position": 1, "groupSentence": "Displaying potential carbon gain for {selector} land area.", "sentence": "Accumulated over a {selector} year period since 2008."}}, "staticImageConfig": {}, "updatedAt": "2019-03-08T13:17:01.876Z"}}, {"id": "63dadfc5-b2bb-412c-96eb-67fe98d92dd5", "type": "layer", "attributes": {"name": "Total potential carbon gains - 2028", "slug": "test-agb-green-2028", "dataset": "b7a34457-1d8a-456e-af46-876e0b42fb96", "application": ["gfw"], "iso": ["MEX", "GTM", "BLZ", "COL", "BRA", "JAM", "ECU", "PER", "GUY", "SUR", "BOL", "PRY", "ARG", "VEN", "PAN", "CRI", "PRI", "CUB", "NIC", "HND", "SLV"], "provider": "gee", "userId": "59db4eace9c1380001d6e4c3", "default": false, "protected": true, "published": true, "env": "production", "layerConfig": {"assetId": "projects/wri-datalab/Gain_carbon_test", "body": {"sldValue": "<RasterSymbolizer><ColorMap type=\"ramp\" extended=\"false\" ><ColorMapEntry color=\"#0D210F\" quantity=\"0\" opacity=\"0\" /><ColorMapEntry color=\"#0D210F\" quantity=\"1\" /><ColorMapEntry color=\"#77E285\" quantity=\"6818\" /></ColorMap></RasterSymbolizer>", "styleType": "sld"}, "filterDates": ["2028-01-01", "2029-01-01"], "isImageCollection": true, "order": 2028, "position": "last", "provider": "gee"}, "legendConfig": {"items": [{"color": "#0D210F", "value": "0"}, {"color": "#77E285", "value": "25 t CO\u2082 Ha\u207b\u00b9"}], "type": "gradient"}, "interactionConfig": {}, "applicationConfig": {"active": true, "default": false, "global": true, "metadata": "potential_tree_biomass_gain", "multiConfig": {"group": "total", "label": "Total", "position": 1}, "selectorConfig": {"group": "total", "label": "20", "position": 2}}, "staticImageConfig": {}, "updatedAt": "2019-03-08T13:18:02.081Z"}}, {"id": "d342d3a6-b483-42a2-ad67-1961473cd8f9", "type": "layer", "attributes": {"name": "Total potential carbon gains - 2038", "slug": "test-agb-green-2038", "dataset": "b7a34457-1d8a-456e-af46-876e0b42fb96", "application": ["gfw"], "iso": ["MEX", "GTM", "BLZ", "COL", "BRA", "JAM", "ECU", "PER", "GUY", "SUR", "BOL", "PRY", "ARG", "VEN", "PAN", "CRI", "PRI", "CUB", "NIC", "HND", "SLV"], "provider": "gee", "userId": "59db4eace9c1380001d6e4c3", "default": false, "protected": true, "published": true, "env": "production", "layerConfig": {"assetId": "projects/wri-datalab/Gain_carbon_test", "body": {"sldValue": "<RasterSymbolizer><ColorMap type=\"ramp\" extended=\"false\" ><ColorMapEntry color=\"#0D210F\" quantity=\"0\" opacity=\"0\" /><ColorMapEntry color=\"#0D210F\" quantity=\"1\" /><ColorMapEntry color=\"#77E285\" quantity=\"6818\" /></ColorMap></RasterSymbolizer>", "styleType": "sld"}, "filterDates": ["2038-01-01", "2039-01-01"], "isImageCollection": true, "order": 2038, "position": "last", "provider": "gee"}, "legendConfig": {"items": [{"color": "#0D210F", "value": "0"}, {"color": "#77E285", "value": "25 t CO\u2082 Ha\u207b\u00b9"}], "type": "gradient"}, "interactionConfig": {}, "applicationConfig": {"active": true, "default": false, "global": true, "metadata": "potential_tree_biomass_gain", "multiConfig": {"group": "total", "label": "Total", "position": 1}, "selectorConfig": {"group": "total", "label": "30", "position": 3}}, "staticImageConfig": {}, "updatedAt": "2019-03-08T13:18:17.908Z"}}, {"id": "fffa76d3-5008-48b7-afeb-2c7054548f2e", "type": "layer", "attributes": {"name": "Total potential carbon gains - 2048", "slug": "test-agb-green-2048", "dataset": "b7a34457-1d8a-456e-af46-876e0b42fb96", "application": ["gfw"], "iso": ["MEX", "GTM", "BLZ", "COL", "BRA", "JAM", "ECU", "PER", "GUY", "SUR", "BOL", "PRY", "ARG", "VEN", "PAN", "CRI", "PRI", "CUB", "NIC", "HND", "SLV"], "provider": "gee", "userId": "59db4eace9c1380001d6e4c3", "default": false, "protected": true, "published": true, "env": "production", "layerConfig": {"assetId": "projects/wri-datalab/Gain_carbon_test", "body": {"sldValue": "<RasterSymbolizer><ColorMap type=\"ramp\" extended=\"false\" ><ColorMapEntry color=\"#0D210F\" quantity=\"0\" opacity=\"0\" /><ColorMapEntry color=\"#0D210F\" quantity=\"1\" /><ColorMapEntry color=\"#77E285\" quantity=\"6818\" /></ColorMap></RasterSymbolizer>", "styleType": "sld"}, "filterDates": ["2048-01-01", "2049-01-01"], "isImageCollection": true, "order": 2048, "position": "last", "provider": "gee"}, "legendConfig": {"items": [{"color": "#0D210F", "value": "0"}, {"color": "#77E285", "value": "25 t CO\u2082 Ha\u207b\u00b9"}], "type": "gradient"}, "interactionConfig": {}, "applicationConfig": {"active": true, "default": false, "global": true, "metadata": "potential_tree_biomass_gain", "multiConfig": {"group": "total", "label": "Total", "position": 1}, "selectorConfig": {"group": "total", "label": "40", "position": 4}}, "staticImageConfig": {}, "updatedAt": "2019-03-08T13:18:34.483Z"}}, {"id": "4d0234b1-6f26-4385-8221-46bb0444d5d8", "type": "layer", "attributes": {"name": "Potential carbon gains in cropland - 2018", "slug": "Carbon-gains-over-cropland-2018", "dataset": "b7a34457-1d8a-456e-af46-876e0b42fb96", "application": ["gfw"], "iso": ["MEX", "GTM", "BLZ", "COL", "BRA", "JAM", "ECU", "PER", "GUY", "SUR", "BOL", "PRY", "ARG", "VEN", "PAN", "CRI", "PRI", "CUB", "NIC", "HND", "SLV"], "provider": "gee", "userId": "57a0aa1071e394dd32ffe137", "default": false, "protected": true, "published": true, "env": "production", "layerConfig": {"assetId": "projects/wri-datalab/Crop_gain_2018", "body": {"sldValue": "<RasterSymbolizer><ColorMap type=\"ramp\" extended=\"false\" ><ColorMapEntry color=\"#0D210F\" quantity=\"0\" opacity=\"0\" /><ColorMapEntry color=\"#0D210F\" quantity=\"1\" /><ColorMapEntry color=\"#77E285\" quantity=\"6818\" /></ColorMap></RasterSymbolizer>", "styleType": "sld"}, "provider": "gee", "type": "tileLayer"}, "legendConfig": {"items": [{"color": "#0D210F", "value": "0"}, {"color": "#77E285", "value": "25 t CO\u2082 Ha\u207b\u00b9"}], "type": "gradient"}, "interactionConfig": {}, "applicationConfig": {"active": true, "default": false, "global": true, "metadata": "potential_tree_biomass_gain", "multiConfig": {"group": "crops", "label": "Crops", "position": 2}, "selectorConfig": {"group": "crops", "label": "10", "position": 1}}, "staticImageConfig": {}, "updatedAt": "2019-03-08T13:18:51.378Z"}}, {"id": "5cfe8d88-fe80-431d-b6db-fd10b8cfb34f", "type": "layer", "attributes": {"name": "Potential carbon gains in cropland - 2028", "slug": "Potential-carbon-gains-over-cropland-2028", "dataset": "b7a34457-1d8a-456e-af46-876e0b42fb96", "application": ["gfw"], "iso": ["MEX", "GTM", "BLZ", "COL", "BRA", "JAM", "ECU", "PER", "GUY", "SUR", "BOL", "PRY", "ARG", "VEN", "PAN", "CRI", "PRI", "CUB", "NIC", "HND", "SLV"], "provider": "gee", "userId": "57a0aa1071e394dd32ffe137", "default": false, "protected": true, "published": true, "env": "production", "layerConfig": {"type": "tileLayer", "provider": "gee", "body": {"styleType": "sld", "sldValue": "<RasterSymbolizer><ColorMap type=\"ramp\" extended=\"false\" ><ColorMapEntry color=\"#0D210F\" quantity=\"0\" opacity=\"0\" /><ColorMapEntry color=\"#0D210F\" quantity=\"1\" /><ColorMapEntry color=\"#77E285\" quantity=\"6818\" /></ColorMap></RasterSymbolizer>"}, "assetId": "projects/wri-datalab/Crop_gain_2028"}, "legendConfig": {"type": "gradient", "items": [{"value": "0", "color": "#0D210F"}, {"value": "25 t CO\u2082 Ha\u207b\u00b9", "color": "#77E285"}]}, "interactionConfig": {}, "applicationConfig": {"selectorConfig": {"position": 2, "label": "20", "group": "crops"}, "multiConfig": {"position": 2, "label": "Crops", "group": "crops"}, "metadata": "potential_tree_biomass_gain", "global": true, "default": false, "active": true}, "staticImageConfig": {}, "updatedAt": "2019-03-08T13:19:08.973Z"}}, {"id": "5b5315fa-daef-4023-8450-60bcc7c168cb", "type": "layer", "attributes": {"name": "Potential carbon gains in cropland - 2038", "slug": "Potential-carbon-gains-over-cropland-2038", "dataset": "b7a34457-1d8a-456e-af46-876e0b42fb96", "application": ["gfw"], "iso": ["MEX", "GTM", "BLZ", "COL", "BRA", "JAM", "ECU", "PER", "GUY", "SUR", "BOL", "PRY", "ARG", "VEN", "PAN", "CRI", "PRI", "CUB", "NIC", "HND", "SLV"], "provider": "gee", "userId": "57a0aa1071e394dd32ffe137", "default": false, "protected": true, "published": true, "env": "production", "layerConfig": {"type": "tileLayer", "provider": "gee", "body": {"styleType": "sld", "sldValue": "<RasterSymbolizer><ColorMap type=\"ramp\" extended=\"false\" ><ColorMapEntry color=\"#0D210F\" quantity=\"0\" opacity=\"0\" /><ColorMapEntry color=\"#0D210F\" quantity=\"1\" /><ColorMapEntry color=\"#77E285\" quantity=\"6818\" /></ColorMap></RasterSymbolizer>"}, "assetId": "projects/wri-datalab/Crop_gain_2038"}, "legendConfig": {"type": "gradient", "items": [{"value": "0", "color": "#0D210F"}, {"value": "25 t CO\u2082 Ha\u207b\u00b9", "color": "#77E285"}]}, "interactionConfig": {}, "applicationConfig": {"selectorConfig": {"position": 3, "label": "30", "group": "crops"}, "multiConfig": {"position": 2, "label": "Crops", "group": "crops"}, "metadata": "potential_tree_biomass_gain", "global": true, "default": false, "active": true}, "staticImageConfig": {}, "updatedAt": "2018-11-21T13:57:47.901Z"}}, {"id": "5979d021-de81-4409-a899-50110e10f150", "type": "layer", "attributes": {"name": "Potential carbon gains in cropland - 2048", "slug": "Potential-carbon-gains-over-cropland-2048", "dataset": "b7a34457-1d8a-456e-af46-876e0b42fb96", "application": ["gfw"], "iso": ["MEX", "GTM", "BLZ", "COL", "BRA", "JAM", "ECU", "PER", "GUY", "SUR", "BOL", "PRY", "ARG", "VEN", "PAN", "CRI", "PRI", "CUB", "NIC", "HND", "SLV"], "provider": "gee", "userId": "57a0aa1071e394dd32ffe137", "default": false, "protected": true, "published": true, "env": "production", "layerConfig": {"type": "tileLayer", "provider": "gee", "body": {"styleType": "sld", "sldValue": "<RasterSymbolizer><ColorMap type=\"ramp\" extended=\"false\" ><ColorMapEntry color=\"#0D210F\" quantity=\"0\" opacity=\"0\" /><ColorMapEntry color=\"#0D210F\" quantity=\"1\" /><ColorMapEntry color=\"#77E285\" quantity=\"6818\" /></ColorMap></RasterSymbolizer>"}, "assetId": "projects/wri-datalab/Crop_gain_2048"}, "legendConfig": {"type": "gradient", "items": [{"value": "0", "color": "#0D210F"}, {"value": "25 t CO\u2082 Ha\u207b\u00b9", "color": "#77E285"}]}, "interactionConfig": {}, "applicationConfig": {"selectorConfig": {"position": 4, "label": "40", "group": "crops"}, "multiConfig": {"position": 2, "label": "Crops", "group": "crops"}, "metadata": "potential_tree_biomass_gain", "global": true, "default": false, "active": true}, "staticImageConfig": {}, "updatedAt": "2018-11-21T13:57:50.573Z"}}, {"id": "aca9a39e-6095-4f65-b70c-e83061f441d0", "type": "layer", "attributes": {"name": "Potential carbon gains in pastures - 2018", "slug": "Potential-carbon-gains-over-pastures-2018", "dataset": "b7a34457-1d8a-456e-af46-876e0b42fb96", "application": ["gfw"], "iso": ["MEX", "GTM", "BLZ", "COL", "BRA", "JAM", "ECU", "PER", "GUY", "SUR", "BOL", "PRY", "ARG", "VEN", "PAN", "CRI", "PRI", "CUB", "NIC", "HND", "SLV"], "provider": "gee", "userId": "57a0aa1071e394dd32ffe137", "default": false, "protected": true, "published": true, "env": "production", "layerConfig": {"assetId": "projects/wri-datalab/Pasture_gain_2018", "body": {"sldValue": "<RasterSymbolizer><ColorMap type=\"ramp\" extended=\"false\" ><ColorMapEntry color=\"#0D210F\" quantity=\"0\" opacity=\"0\" /><ColorMapEntry color=\"#0D210F\" quantity=\"1\" /><ColorMapEntry color=\"#77E285\" quantity=\"6818\" /></ColorMap></RasterSymbolizer>", "styleType": "sld"}, "provider": "gee", "type": "tileLayer"}, "legendConfig": {"type": "gradient", "items": [{"value": "0", "color": "#0D210F"}, {"value": "25 t CO\u2082 Ha\u207b\u00b9", "color": "#77E285"}]}, "interactionConfig": {}, "applicationConfig": {"selectorConfig": {"position": 1, "label": "10", "group": "pastures"}, "multiConfig": {"position": 3, "label": "Pastures", "group": "pastures"}, "metadata": "potential_tree_biomass_gain", "global": true, "default": false, "active": true}, "staticImageConfig": {}, "updatedAt": "2018-11-21T13:57:53.469Z"}}, {"id": "f92b73b0-2390-4290-8f5a-bcef8290207a", "type": "layer", "attributes": {"name": "Potential carbon gains in pastures - 2028", "slug": "Potential-carbon-gains-over-pastures-2028", "dataset": "b7a34457-1d8a-456e-af46-876e0b42fb96", "application": ["gfw"], "iso": ["MEX", "GTM", "BLZ", "COL", "BRA", "JAM", "ECU", "PER", "GUY", "SUR", "BOL", "PRY", "ARG", "VEN", "PAN", "CRI", "PRI", "CUB", "NIC", "HND", "SLV"], "provider": "gee", "userId": "57a0aa1071e394dd32ffe137", "default": false, "protected": true, "published": true, "env": "production", "layerConfig": {"type": "tileLayer", "provider": "gee", "body": {"styleType": "sld", "sldValue": "<RasterSymbolizer><ColorMap type=\"ramp\" extended=\"false\" ><ColorMapEntry color=\"#0D210F\" quantity=\"0\" opacity=\"0\" /><ColorMapEntry color=\"#0D210F\" quantity=\"1\" /><ColorMapEntry color=\"#77E285\" quantity=\"6818\" /></ColorMap></RasterSymbolizer>"}, "assetId": "projects/wri-datalab/Pasture_gain_2028"}, "legendConfig": {"type": "gradient", "items": [{"value": "0", "color": "#0D210F"}, {"value": "25 t CO\u2082 Ha\u207b\u00b9", "color": "#77E285"}]}, "interactionConfig": {}, "applicationConfig": {"selectorConfig": {"position": 2, "label": "20", "group": "pastures"}, "multiConfig": {"position": 3, "label": "Pastures", "group": "pastures"}, "metadata": "potential_tree_biomass_gain", "global": true, "default": false, "active": true}, "staticImageConfig": {}, "updatedAt": "2018-11-21T13:58:38.682Z"}}, {"id": "7b1314a9-25eb-4965-a006-4171ede04868", "type": "layer", "attributes": {"name": "Potential carbon gains in pastures - 2038", "slug": "Potential-carbon-gains-over-pastures-2038", "dataset": "b7a34457-1d8a-456e-af46-876e0b42fb96", "application": ["gfw"], "iso": ["MEX", "GTM", "BLZ", "COL", "BRA", "JAM", "ECU", "PER", "GUY", "SUR", "BOL", "PRY", "ARG", "VEN", "PAN", "CRI", "PRI", "CUB", "NIC", "HND", "SLV"], "provider": "gee", "userId": "57a0aa1071e394dd32ffe137", "default": false, "protected": true, "published": true, "env": "production", "layerConfig": {"type": "tileLayer", "provider": "gee", "body": {"styleType": "sld", "sldValue": "<RasterSymbolizer><ColorMap type=\"ramp\" extended=\"false\" ><ColorMapEntry color=\"#0D210F\" quantity=\"0\" opacity=\"0\" /><ColorMapEntry color=\"#0D210F\" quantity=\"1\" /><ColorMapEntry color=\"#77E285\" quantity=\"6818\" /></ColorMap></RasterSymbolizer>"}, "assetId": "projects/wri-datalab/Pasture_gain_2038"}, "legendConfig": {"type": "gradient", "items": [{"value": "0", "color": "#0D210F"}, {"value": "25 t CO\u2082 Ha\u207b\u00b9", "color": "#77E285"}]}, "interactionConfig": {}, "applicationConfig": {"selectorConfig": {"position": 3, "label": "30", "group": "pastures"}, "multiConfig": {"position": 3, "label": "Pastures", "group": "pastures"}, "metadata": "potential_tree_biomass_gain", "global": true, "default": false, "active": true}, "staticImageConfig": {}, "updatedAt": "2018-11-21T13:58:41.272Z"}}, {"id": "a2a9bbc2-94f5-49ff-b4d8-917febc3c415", "type": "layer", "attributes": {"name": "Potential carbon gains in pastures - 2048", "slug": "Potential-carbon-gains-over-pastures-2048", "dataset": "b7a34457-1d8a-456e-af46-876e0b42fb96", "application": ["gfw"], "iso": ["MEX", "GTM", "BLZ", "COL", "BRA", "JAM", "ECU", "PER", "GUY", "SUR", "BOL", "PRY", "ARG", "VEN", "PAN", "CRI", "PRI", "CUB", "NIC", "HND", "SLV"], "provider": "gee", "userId": "57a0aa1071e394dd32ffe137", "default": false, "protected": true, "published": true, "env": "production", "layerConfig": {"type": "tileLayer", "provider": "gee", "body": {"styleType": "sld", "sldValue": "<RasterSymbolizer><ColorMap type=\"ramp\" extended=\"false\" ><ColorMapEntry color=\"#0D210F\" quantity=\"0\" opacity=\"0\" /><ColorMapEntry color=\"#0D210F\" quantity=\"1\" /><ColorMapEntry color=\"#77E285\" quantity=\"6818\" /></ColorMap></RasterSymbolizer>"}, "assetId": "projects/wri-datalab/Pasture_gain_2048"}, "legendConfig": {"type": "gradient", "items": [{"value": "0", "color": "#0D210F"}, {"value": "25 t CO\u2082 Ha\u207b\u00b9", "color": "#77E285"}]}, "interactionConfig": {}, "applicationConfig": {"selectorConfig": {"position": 4, "label": "40", "group": "pastures"}, "multiConfig": {"position": 3, "label": "Pastures", "group": "pastures"}, "metadata": "potential_tree_biomass_gain", "global": true, "default": false, "active": true}, "staticImageConfig": {}, "updatedAt": "2018-11-21T13:58:44.459Z"}}, {"id": "d1bf53b6-318d-44f5-82ba-2dc37a2b48fd", "type": "layer", "attributes": {"name": "Potential carbon gains in young second-growth forests - 2018", "slug": "Potential-carbon-gains-over-young-second-growth-forests-2018", "dataset": "b7a34457-1d8a-456e-af46-876e0b42fb96", "application": ["gfw"], "iso": ["MEX", "GTM", "BLZ", "COL", "BRA", "JAM", "ECU", "PER", "GUY", "SUR", "BOL", "PRY", "ARG", "VEN", "PAN", "CRI", "PRI", "CUB", "NIC", "HND", "SLV"], "provider": "gee", "userId": "57a0aa1071e394dd32ffe137", "default": false, "protected": false, "published": true, "env": "production", "layerConfig": {"type": "tileLayer", "provider": "gee", "body": {"styleType": "sld", "sldValue": "<RasterSymbolizer><ColorMap type=\"ramp\" extended=\"false\" ><ColorMapEntry color=\"#0D210F\" quantity=\"0\" opacity=\"0\" /><ColorMapEntry color=\"#0D210F\" quantity=\"1\" /><ColorMapEntry color=\"#77E285\" quantity=\"6818\" /></ColorMap></RasterSymbolizer>"}, "assetId": "projects/wri-datalab/ysg_msg_gain_2018"}, "legendConfig": {"type": "gradient", "items": [{"value": "0", "color": "#0D210F"}, {"value": "25 t CO\u2082 Ha\u207b\u00b9", "color": "#77E285"}]}, "interactionConfig": {}, "applicationConfig": {"active": true, "default": false, "global": true, "metadata": "potential_tree_biomass_gain", "multiConfig": {"group": "young second growth forests", "label": "young second growth forests", "position": 4}, "selectorConfig": {"group": "young second growth forests", "label": "10", "position": 1}}, "staticImageConfig": {}, "updatedAt": "2018-11-07T11:21:36.516Z"}}, {"id": "e310abd3-a2e2-4150-b6ed-93747df1fb50", "type": "layer", "attributes": {"name": "Potential carbon gains in young second-growth forests - 2028", "slug": "Potential-carbon-gains-in-young-second-growth-forests-2028", "dataset": "b7a34457-1d8a-456e-af46-876e0b42fb96", "application": ["gfw"], "iso": ["MEX", "GTM", "BLZ", "COL", "BRA", "JAM", "ECU", "PER", "GUY", "SUR", "BOL", "PRY", "ARG", "VEN", "PAN", "CRI", "PRI", "CUB", "NIC", "HND", "SLV"], "provider": "gee", "userId": "57a0aa1071e394dd32ffe137", "default": false, "protected": true, "published": true, "env": "production", "layerConfig": {"type": "tileLayer", "provider": "gee", "body": {"styleType": "sld", "sldValue": "<RasterSymbolizer><ColorMap type=\"ramp\" extended=\"false\" ><ColorMapEntry color=\"#0D210F\" quantity=\"0\" opacity=\"0\" /><ColorMapEntry color=\"#0D210F\" quantity=\"1\" /><ColorMapEntry color=\"#77E285\" quantity=\"6818\" /></ColorMap></RasterSymbolizer>"}, "assetId": "projects/wri-datalab/ysg_msg_gain_2028"}, "legendConfig": {"type": "gradient", "items": [{"value": "0", "color": "#0D210F"}, {"value": "25 t CO\u2082 Ha\u207b\u00b9", "color": "#77E285"}]}, "interactionConfig": {}, "applicationConfig": {"active": true, "default": false, "global": true, "metadata": "potential_tree_biomass_gain", "multiConfig": {"group": "young second growth forests", "label": "young second growth forests", "position": 4}, "selectorConfig": {"group": "young second growth forests", "label": "20", "position": 2}}, "staticImageConfig": {}, "updatedAt": "2018-11-21T14:00:07.981Z"}}, {"id": "dcbbba9e-f84c-4e9e-bbc4-c2a6a79a8d77", "type": "layer", "attributes": {"name": "Potential carbon gains in young second-growth forests - 2038", "slug": "Potential-carbon-gains-in-young-second-growth-forests-2038", "dataset": "b7a34457-1d8a-456e-af46-876e0b42fb96", "application": ["gfw"], "iso": ["MEX", "GTM", "BLZ", "COL", "BRA", "JAM", "ECU", "PER", "GUY", "SUR", "BOL", "PRY", "ARG", "VEN", "PAN", "CRI", "PRI", "CUB", "NIC", "HND", "SLV"], "provider": "gee", "userId": "57a0aa1071e394dd32ffe137", "default": false, "protected": true, "published": true, "env": "production", "layerConfig": {"type": "tileLayer", "provider": "gee", "body": {"styleType": "sld", "sldValue": "<RasterSymbolizer><ColorMap type=\"ramp\" extended=\"false\" ><ColorMapEntry color=\"#0D210F\" quantity=\"0\" opacity=\"0\" /><ColorMapEntry color=\"#0D210F\" quantity=\"1\" /><ColorMapEntry color=\"#77E285\" quantity=\"6818\" /></ColorMap></RasterSymbolizer>"}, "assetId": "projects/wri-datalab/ysg_msg_gain_2038"}, "legendConfig": {"type": "gradient", "items": [{"value": "0", "color": "#0D210F"}, {"value": "25 t CO\u2082 Ha\u207b\u00b9", "color": "#77E285"}]}, "interactionConfig": {}, "applicationConfig": {"active": true, "default": false, "global": true, "metadata": "potential_tree_biomass_gain", "multiConfig": {"group": "young second growth forests", "label": "young second growth forests", "position": 4}, "selectorConfig": {"group": "young second growth forests", "label": "30", "position": 3}}, "staticImageConfig": {}, "updatedAt": "2018-11-21T14:00:10.961Z"}}, {"id": "279466ab-bd9c-490e-bb90-1970efb754d0", "type": "layer", "attributes": {"name": "Potential carbon gains in young second-growth forests - 2048", "slug": "Potential-carbon-gains-in-young-second-growth-forests-2048", "dataset": "b7a34457-1d8a-456e-af46-876e0b42fb96", "application": ["gfw"], "iso": ["MEX", "GTM", "BLZ", "COL", "BRA", "JAM", "ECU", "PER", "GUY", "SUR", "BOL", "PRY", "ARG", "VEN", "PAN", "CRI", "PRI", "CUB", "NIC", "HND", "SLV"], "provider": "gee", "userId": "57a0aa1071e394dd32ffe137", "default": false, "protected": true, "published": true, "env": "production", "layerConfig": {"type": "tileLayer", "provider": "gee", "body": {"styleType": "sld", "sldValue": "<RasterSymbolizer><ColorMap type=\"ramp\" extended=\"false\" ><ColorMapEntry color=\"#0D210F\" quantity=\"0\" opacity=\"0\" /><ColorMapEntry color=\"#0D210F\" quantity=\"1\" /><ColorMapEntry color=\"#77E285\" quantity=\"6818\" /></ColorMap></RasterSymbolizer>"}, "assetId": "projects/wri-datalab/ysg_msg_gain_2048"}, "legendConfig": {"type": "gradient", "items": [{"value": "0", "color": "#0D210F"}, {"value": "25 t CO\u2082 Ha\u207b\u00b9", "color": "#77E285"}]}, "interactionConfig": {}, "applicationConfig": {"active": true, "default": false, "global": true, "metadata": "potential_tree_biomass_gain", "multiConfig": {"group": "young second growth forests", "label": "young second growth forests", "position": 4}, "selectorConfig": {"group": "young second growth forests", "label": "40", "position": 4}}, "staticImageConfig": {}, "updatedAt": "2018-11-21T14:00:14.128Z"}}], "metadata": [{"id": "5b64553fc96e1e0011f1e388", "type": "metadata", "attributes": {"dataset": "b7a34457-1d8a-456e-af46-876e0b42fb96", "application": "gfw", "resource": {"id": "b7a34457-1d8a-456e-af46-876e0b42fb96", "type": "dataset"}, "language": "en", "info": {"name": "Potential carbon gains from forest regeneration", "color": "#77b3ea", "isMultiSelectorLayer": true, "description": "Shows potential carbon accumulation in aboveground biomass resulting from natural regeneration of secondary forests to guide national-level forest-based carbon mitigation plans.", "citation": "40 years, 500m, Latin American tropics, Chazdon et al."}, "createdAt": "2018-08-03T13:14:39.371Z", "updatedAt": "2018-11-06T15:57:49.962Z", "status": "published"}}], "vocabulary": [{"id": "b7a34457-1d8a-456e-af46-876e0b42fb96", "type": "vocabulary", "attributes": {"resource": {"id": "b7a34457-1d8a-456e-af46-876e0b42fb96", "type": "dataset"}, "tags": ["climate", "carbonGains"], "name": "categoryTab", "application": "gfw"}}]}}