{"id": "c7c76cc1-5178-474a-8b6a-60b895e02260", "type": "dataset", "attributes": {"name": "Tiger Conservation Landscapes", "slug": "bio030-Tiger-Conservation-Landscapes_1", "type": "tabular", "subtitle": null, "application": ["gfw"], "dataPath": null, "attributesPath": null, "connectorType": "rest", "provider": "featureservice", "userId": "59db4eace9c1380001d6e4c3", "connectorUrl": "http://gis-gfw.wri.org/arcgis/rest/services/conservation/MapServer/3?f=pjson", "tableName": "tiger_conservation_landscapes", "status": "saved", "published": true, "overwrite": false, "verified": false, "blockchain": {}, "mainDateField": null, "env": "production", "geoInfo": false, "protected": true, "legend": {"date": [], "region": [], "country": [], "nested": []}, "clonedHost": {}, "errorMessage": "", "taskId": null, "updatedAt": "2019-01-16T13:38:40.368Z", "dataLastUpdated": null, "widgetRelevantProps": [], "layerRelevantProps": [], "layer": [{"id": "42427a55-c8b5-4fac-8db3-a9d59e1b26f7", "type": "layer", "attributes": {"name": "Tiger Conservation Landscapes - 2007-2014", "slug": "Tiger-Conservation-Landscapes-and-Corridors_1", "dataset": "c7c76cc1-5178-474a-8b6a-60b895e02260", "description": "Locations of tiger conservation landscapes, Tx2 tiger conservation landscapes, and Terai Arc Landscape corridors.", "application": ["gfw"], "iso": [""], "provider": "cartodb", "userId": "59db4eace9c1380001d6e4c3", "default": false, "protected": true, "published": true, "env": "production", "layerConfig": {"account": "wri-01", "body": {"extent": [16769672.5095, -3209132.19552, 3189564.31628, 5850795.89306], "layers": [{"options": {"cartocss": "#tiger_conservation_landscapes {  polygon-fill: #FFCC00;  polygon-opacity: 0.8;  line-color: #FF5C00;  line-width: 0.5;  line-opacity: 0.5;}#tiger_conservation_landscapes[tx2_tcl=1] {  polygon-fill: #FF5C00;  line-color: #081B47;}", "cartocss_version": "2.3.0", "sql": "SELECT * FROM tiger_conservation_landscapes"}, "type": "mapnik"}], "maxzoom": 19, "minzoom": 2, "vectorLayers": [{"paint": {"fill-color": "#FFCC00", "fill-opacity": 0.8}, "source-layer": "layer0", "type": "fill"}, {"paint": {"line-color": "#FF5C00", "line-opacity": 0.5, "line-width": 0.5}, "source-layer": "layer0", "type": "line"}, {"filter": ["all", ["==", "tx2_tcl", 1]], "paint": {"fill-color": "#FF5C00"}, "source-layer": "layer0", "type": "fill"}, {"filter": ["all", ["==", "tx2_tcl", 1]], "paint": {"line-color": "#081B47"}, "source-layer": "layer0", "type": "line"}]}}, "legendConfig": {"type": "basic", "items": [{"name": "Tiger conservation landscapes", "color": "#FFCC00"}, {"name": "Tx2 tiger conservation landscapes", "color": "#FF5C00"}, {"name": "Terai arc landscape corridors", "color": "#229a00"}]}, "interactionConfig": {"output": [{"column": "tcl_name", "format": null, "prefix": "", "property": "Tiger Conservation Landscape", "suffix": "", "type": "esriFieldTypeString"}, {"column": "area_ha", "format": null, "prefix": "", "property": "Area", "suffix": " ha", "type": "esriFieldTypeInteger"}, {"column": "cartodb_id", "format": null, "property": "cartodb_id", "hidden": true, "type": "number"}]}, "applicationConfig": {"metadata": "tiger_conservation_landscapes", "global": true, "active": true, "default": true}, "staticImageConfig": {}, "updatedAt": "2019-03-08T13:20:07.405Z"}}], "metadata": [{"id": "5b71650bf01fa700114ff193", "type": "metadata", "attributes": {"dataset": "c7c76cc1-5178-474a-8b6a-60b895e02260", "application": "gfw", "resource": {"id": "c7c76cc1-5178-474a-8b6a-60b895e02260", "type": "dataset"}, "language": "en", "info": {"citation": "WWF and Resolve", "color": "#A878F3", "description": "These three layers show the location of current tiger habitats, areas of habitat expansion, and critical tiger corridors.", "name": "Tiger Conservation Landscapes"}, "createdAt": "2018-08-13T11:01:31.025Z", "updatedAt": "2019-03-27T09:45:23.101Z", "status": "published"}}], "vocabulary": [{"id": "c7c76cc1-5178-474a-8b6a-60b895e02260", "type": "vocabulary", "attributes": {"resource": {"id": "c7c76cc1-5178-474a-8b6a-60b895e02260", "type": "dataset"}, "tags": ["biodiversity", "biodiversity"], "name": "categoryTab", "application": "gfw"}}]}}