{"id": "d7b12b17-9ed4-43ab-b8e4-efa2668c47f8", "type": "dataset", "attributes": {"name": "GFW Stories", "slug": "GFW-Stories", "type": null, "subtitle": null, "application": ["gfw"], "dataPath": null, "attributesPath": null, "connectorType": "rest", "provider": "cartodb", "userId": "59db4eace9c1380001d6e4c3", "connectorUrl": "https://wri-01.carto.com/tables/mongabay", "tableName": "mongabay", "status": "saved", "published": true, "overwrite": false, "verified": false, "blockchain": {}, "mainDateField": null, "env": "production", "geoInfo": false, "protected": true, "legend": {"date": [], "region": [], "country": [], "nested": []}, "clonedHost": {}, "errorMessage": "", "taskId": null, "updatedAt": "2018-11-21T14:04:28.447Z", "dataLastUpdated": null, "vocabulary": [], "widgetRelevantProps": [], "layerRelevantProps": [], "layer": [{"id": "e097ebfe-56d9-4564-8e2a-d3328bdaea38", "type": "layer", "attributes": {"name": "Mongabay stories", "slug": "Mongabay-stories", "dataset": "d7b12b17-9ed4-43ab-b8e4-efa2668c47f8", "description": "This layer displays stories from Mongabay, a leading environmental science and conservation news website.", "application": ["gfw"], "iso": [], "provider": "leaflet", "userId": "59db4eace9c1380001d6e4c3", "default": true, "protected": true, "published": true, "env": "production", "layerConfig": {"body": {"clusterConfig": {"clusterMaxZoom": 14, "clusterRadius": 20}, "format": "image/png", "maxzoom": 12, "minzoom": 3, "options": {"useCors": true}, "url": "https://wri-01.carto.com/api/v2/sql?q=SELECT * FROM mongabay", "vectorLayers": [{"filter": ["has", "point_count"], "id": "clusters", "paint": {"circle-color": "#fec64a", "circle-radius": 15, "circle-stroke-color": "#fff", "circle-stroke-width": 2}, "type": "circle"}, {"filter": ["has", "point_count"], "id": "cluster-count", "layout": {"text-field": "{point_count_abbreviated}", "text-font": ["Fira Sans OT Regular", "Arial Unicode MS Bold"], "text-size": 12}, "paint": {"text-color": "#fff"}, "type": "symbol"}, {"filter": ["!", ["has", "point_count"]], "id": "unclustered-point", "layout": {"icon-image": "stories-mongabay"}, "type": "symbol"}]}, "clusterIcon": {"className": "c-cluster-icon", "color": "#FFC53C"}, "icon": {"className": "c-cluster-marker", "iconSize": [35, 35], "iconUrl": "https://www.globalforestwatch.org/assets/icons/mongabay_exclamation.png"}, "service": "leaflet", "type": "cluster"}, "legendConfig": {"items": [{"color": "#fec64a", "name": "Mongabay stories"}], "type": "basic"}, "interactionConfig": {"article": true, "output": [{"column": "title", "format": null, "prefix": "", "property": "Title", "renderKey": "title", "suffix": "", "type": "string"}, {"column": "link", "format": null, "prefix": "", "property": "Link", "renderKey": "readMoreLink", "suffix": "", "type": "string"}, {"column": "image", "format": null, "prefix": "", "property": "Image", "renderKey": "image", "suffix": "", "type": "string"}, {"column": "author", "format": null, "prefix": "", "property": "Author", "renderKey": "author", "suffix": "", "type": "string"}, {"column": "lat", "format": null, "prefix": "", "property": "Latitude", "suffix": "", "type": "number"}, {"column": "lon", "format": null, "prefix": "", "property": "Longitude", "suffix": "", "type": "number"}], "type": "intersection"}, "applicationConfig": {"global": true, "default": false, "active": true, "cluster": true}, "staticImageConfig": {}, "updatedAt": "2019-03-11T13:40:22.877Z"}}, {"id": "ecddc53a-f7b9-42a8-9e7a-94a30aeef134", "type": "layer", "attributes": {"name": "User stories", "slug": "User-stories", "dataset": "d7b12b17-9ed4-43ab-b8e4-efa2668c47f8", "description": "Stories submitted by GFW users.", "application": ["gfw"], "iso": [], "provider": "leaflet", "userId": "59db4eace9c1380001d6e4c3", "default": true, "protected": true, "published": true, "env": "production", "layerConfig": {"body": {"clusterConfig": {"clusterMaxZoom": 14, "clusterRadius": 20}, "format": "image/png", "maxzoom": 12, "minzoom": 3, "options": {"useCors": true}, "url": "https://production-api.globalforestwatch.org/v1/story", "vectorLayers": [{"filter": ["has", "point_count"], "id": "clusters", "paint": {"circle-color": "#f26129", "circle-radius": 15, "circle-stroke-color": "#fff", "circle-stroke-width": 2}, "type": "circle"}, {"filter": ["has", "point_count"], "id": "cluster-count", "layout": {"text-field": "{point_count_abbreviated}", "text-font": ["Fira Sans OT Regular", "Arial Unicode MS Bold"], "text-size": 12}, "paint": {"text-color": "#fff"}, "type": "symbol"}, {"filter": ["!", ["has", "point_count"]], "id": "unclustered-point", "layout": {"icon-image": "stories-users"}, "type": "symbol"}]}, "clusterIcon": {"className": "c-cluster-icon", "color": "#FF7C00"}, "icon": {"className": "c-cluster-marker", "iconSize": [35, 35], "iconUrl": "https://www.globalforestwatch.org/assets/icons/marker_exclamation.png"}, "service": "leaflet", "type": "cluster"}, "legendConfig": {"items": [{"color": "#f26129", "name": "User stories"}], "type": "basic"}, "interactionConfig": {"article": true, "output": [{"format": null, "key": "title", "prefix": "", "property": "Title", "renderKey": "title", "suffix": "", "type": "string"}, {"format": null, "key": "linkId", "prefix": "https://www.globalforestwatch.org/stories/", "property": "Id", "renderKey": "readMoreLink", "suffix": "", "type": "string"}, {"format": null, "key": "media", "prefix": "https://gfw2stories.s3.amazonaws.com/uploads/", "property": "Media", "renderKey": "image", "suffix": "", "type": "object"}, {"format": null, "key": "name", "prefix": "", "property": "Author", "renderKey": "author", "suffix": "", "type": "string"}, {"format": null, "key": "details", "prefix": "", "property": "Summary", "renderKey": "summary", "suffix": "", "type": "string"}, {"format": null, "key": "location", "prefix": "", "property": "Location", "renderKey": "location", "suffix": "", "type": "string"}, {"format": null, "key": "lat", "prefix": "", "property": "Latitude", "suffix": "", "type": "number"}, {"format": null, "key": "lon", "prefix": "", "property": "Longitude", "suffix": "", "type": "number"}], "type": "intersection"}, "applicationConfig": {"active": true, "cluster": true, "default": true, "global": true}, "staticImageConfig": {}, "updatedAt": "2019-03-11T13:40:51.154Z"}}, {"id": "2f4d9b87-6629-4658-8175-87d7892a5f32", "type": "layer", "attributes": {"name": "Earth Journalism Network Stories", "slug": "Earth-Journalism-Network-Stories", "dataset": "d7b12b17-9ed4-43ab-b8e4-efa2668c47f8", "description": "This layer displays stories sourced from the Earth Journalism Network, a project of Internews that empowers and enables journalists from developing countries to cover the environment more effectively.", "application": ["gfw"], "iso": [], "provider": "leaflet", "userId": "59db4eace9c1380001d6e4c3", "default": true, "protected": true, "published": true, "env": "production", "layerConfig": {"body": {"clusterConfig": {"clusterMaxZoom": 14, "clusterRadius": 50}, "format": "image/png", "maxzoom": 12, "minzoom": 3, "options": {"useCors": true}, "url": "https://wri-01.carto.com/api/v2/sql?q=(SELECT ST_AsGeoJSON(the_geom),the_geom_webmercator, title, permalink FROM geojson union SELECT ST_AsGeoJSON(the_geom),the_geom_webmercator, title, permalink FROM table_4200314533 where the_geom_webmercator is not null) union SELECT ST_AsGeoJSON(the_geom),the_geom_webmercator, title, permalink FROM table_2528172694 where the_geom_webmercator is not null", "vectorLayers": [{"filter": ["has", "point_count"], "id": "clusters", "paint": {"circle-color": "#7eaf3f", "circle-radius": 15, "circle-stroke-color": "#fff", "circle-stroke-width": 2}, "type": "circle"}, {"filter": ["has", "point_count"], "id": "cluster-count", "layout": {"text-field": "{point_count_abbreviated}", "text-font": ["Fira Sans OT Regular", "Arial Unicode MS Bold"], "text-size": 12}, "paint": {"text-color": "#fff"}, "type": "symbol"}, {"filter": ["!", ["has", "point_count"]], "id": "unclustered-point", "layout": {"icon-image": "stories-earth-journalism"}, "type": "symbol"}]}, "clusterIcon": {"className": "c-cluster-icon", "color": "#7daf38"}, "icon": {"className": "c-cluster-marker", "iconSize": [35, 35], "iconUrl": "https://www.globalforestwatch.org/assets/icons/infoamazonia_exclamation.png"}, "service": "leaflet", "type": "cluster"}, "legendConfig": {"items": [{"color": "#7eaf3f", "name": "Earth journalism network stories"}], "type": "basic"}, "interactionConfig": {"article": true, "output": [{"format": null, "key": "title", "prefix": "", "property": "Title", "renderKey": "title", "suffix": "", "type": "string"}, {"format": null, "key": "permalink", "property": "Id", "renderKey": "readMoreLink", "suffix": "", "type": "string"}], "type": "intersection"}, "applicationConfig": {"global": true, "default": false, "active": true, "cluster": true}, "staticImageConfig": {}, "updatedAt": "2019-03-11T13:41:16.759Z"}}], "metadata": [{"id": "5be19d4f7429d800119e24f5", "type": "metadata", "attributes": {"dataset": "d7b12b17-9ed4-43ab-b8e4-efa2668c47f8", "application": "gfw", "resource": {"id": "d7b12b17-9ed4-43ab-b8e4-efa2668c47f8", "type": "dataset"}, "language": "en", "info": {"isMultiLayer": false}, "createdAt": "2018-11-06T13:55:27.707Z", "updatedAt": "2018-11-06T15:41:14.894Z", "status": "published"}}]}}