{"id": "f5809771-24eb-4cca-89ab-ea1697272b51", "type": "dataset", "attributes": {"name": "Sarawak Logging Concessions", "slug": "Sarawak-Logging-Concessions", "type": null, "subtitle": null, "application": ["gfw"], "dataPath": null, "attributesPath": null, "connectorType": "rest", "provider": "cartodb", "userId": "59db4eace9c1380001d6e4c3", "connectorUrl": "https://wri-01.carto.com/tables/mys_logging", "tableName": "mys_logging", "status": "saved", "published": true, "overwrite": false, "verified": false, "blockchain": {}, "mainDateField": null, "env": "production", "geoInfo": false, "protected": true, "legend": {"date": [], "region": [], "country": [], "nested": []}, "clonedHost": {}, "errorMessage": "", "taskId": null, "updatedAt": "2018-11-21T14:02:49.173Z", "dataLastUpdated": null, "widgetRelevantProps": [], "layerRelevantProps": [], "layer": [{"id": "b0d7815e-a2e2-4686-8429-665d0e79f9ed", "type": "layer", "attributes": {"name": "Sarawak logging concessions - 2010", "slug": "Sarawak-Logging-Concessions", "dataset": "f5809771-24eb-4cca-89ab-ea1697272b51", "description": "Shows the distribution of forest timber licenses (logging concessions) in Sarawak.", "application": ["gfw"], "iso": ["MYS"], "provider": "cartodb", "userId": "59db4eace9c1380001d6e4c3", "default": false, "protected": true, "published": true, "env": "production", "layerConfig": {"body": {"layers": [{"options": {"cartocss_version": "2.3.0", "cartocss": "#mys_logging{ polygon-fill: #fecc5c; line-color: #B38E3B; line-clip: false; polygon-clip: false; }", "sql": "SELECT cartodb_id, the_geom_webmercator, name_of_gr as company, source_of as source, to_char(permit_dat,'DD/MM/YYYY') as permit_date, round(area_offic::float) as area_ha, name FROM mys_logging"}, "type": "cartodb"}], "minzoom": 2, "maxzoom": 19, "vectorLayers": [{"type": "fill", "source-layer": "layer0", "paint": {"fill-opacity": "transparent", "fill-color": "#fecc5c"}}, {"type": "line", "source-layer": "layer0", "paint": {"line-opacity": "transparent", "line-color": "#B38E3B", "line-width": 1}}]}, "account": "wri-01"}, "legendConfig": {"type": "basic", "items": [{"color": "#fecc5c", "name": "Sarawak logging concessions"}]}, "interactionConfig": {"type": "intersection", "output": [{"column": "name", "property": "Name", "type": "string", "format": null}, {"column": "company", "property": "Company", "type": "string", "format": null}, {"column": "permit_date", "property": "Permit Date", "type": "date", "format": "YYYY/MM/DD"}, {"column": "source", "property": "Source", "type": "string", "format": null}, {"suffix": "Ha", "column": "area_ha", "property": "Area", "type": "number", "format": "0a"}, {"column": "cartodb_id", "format": null, "property": "cartodb_id", "type": "number", "hidden": true}, {"column": "the_geom_webmercator", "format": "json", "property": "the_geom", "type": "json", "hidden": true}]}, "applicationConfig": {"default": true, "active": true, "global": false, "metadata": "mys_logging", "analysisEndpoint": "use"}, "staticImageConfig": {}, "updatedAt": "2019-03-08T13:19:46.320Z"}}], "metadata": [{"id": "5b645549b6baae001154d1aa", "type": "metadata", "attributes": {"dataset": "f5809771-24eb-4cca-89ab-ea1697272b51", "application": "gfw", "resource": {"id": "f5809771-24eb-4cca-89ab-ea1697272b51", "type": "dataset"}, "language": "en", "info": {"name": "Sarawak logging concessions", "description": "Shows the distribution of forest timber licenses (logging concessions) in Sarawak.", "color": "#12724C", "citation": ""}, "createdAt": "2018-08-03T13:14:49.421Z", "updatedAt": "2018-11-06T15:57:59.532Z", "status": "published"}}], "vocabulary": [{"id": "f5809771-24eb-4cca-89ab-ea1697272b51", "type": "vocabulary", "attributes": {"resource": {"id": "f5809771-24eb-4cca-89ab-ea1697272b51", "type": "dataset"}, "tags": ["landUse", "concessions"], "name": "categoryTab", "application": "gfw"}}]}}