{"id": "ff289906-aa83-4a89-bba0-562edd8c16c6", "type": "dataset", "attributes": {"name": "Fire alerts summary stats", "slug": "Fire-alerts-summary-stats_2", "type": null, "subtitle": null, "application": ["gfw"], "dataPath": null, "attributesPath": null, "connectorType": "document", "provider": "csv", "userId": "57a9d92029309063404573a1", "connectorUrl": "http://gfw2-data.s3.amazonaws.com/country-pages/fire_alerts_iso.csv", "tableName": "index_ff289906aa834a89bba0562edd8c16c6_1551308968355", "status": "saved", "published": true, "overwrite": true, "verified": false, "blockchain": {}, "mainDateField": null, "env": "production", "geoInfo": false, "protected": true, "legend": {"date": [], "region": [], "country": [], "nested": []}, "clonedHost": {}, "errorMessage": "", "taskId": "/v1/doc-importer/task/51015078-a91d-43c4-86b8-8ab8c3a940a7", "updatedAt": "2019-02-27T23:15:10.337Z", "dataLastUpdated": null, "metadata": [], "layer": [], "widgetRelevantProps": [], "layerRelevantProps": [], "vocabulary": [{"id": "ff289906-aa83-4a89-bba0-562edd8c16c6", "type": "vocabulary", "attributes": {"resource": {"id": "ff289906-aa83-4a89-bba0-562edd8c16c6", "type": "dataset"}, "tags": ["forestChange", "firesAlerts"], "name": "categoryTab", "application": "gfw"}}]}}