{"id": "044f4af8-be72-4999-b7dd-13434fc4a394", "type": "dataset", "attributes": {"name": "Tree cover", "slug": "Tree-cover", "type": null, "subtitle": null, "application": ["gfw", "gfw-pro"], "dataPath": null, "attributesPath": null, "connectorType": "rest", "provider": "gee", "userId": "596cde70824315350dd0f116", "connectorUrl": null, "tableName": "UMD/hansen/global_forest_change_2013", "status": "saved", "published": true, "overwrite": false, "verified": false, "blockchain": {}, "mainDateField": null, "env": "production", "geoInfo": false, "protected": true, "legend": {"date": [], "region": [], "country": [], "nested": []}, "clonedHost": {}, "errorMessage": "[Automatic Validation] ConnectorFailed -> Invalid Dataset", "taskId": null, "updatedAt": "2018-11-21T13:55:01.210Z", "dataLastUpdated": null, "widgetRelevantProps": [], "layerRelevantProps": [], "layer": [{"id": "c05c32fd-289c-4b20-8d73-dc2458234e04", "type": "layer", "attributes": {"name": "Tree cover - 2000", "slug": "Tree-cover-2000_1", "dataset": "044f4af8-be72-4999-b7dd-13434fc4a394", "description": "Tree cover", "application": ["gfw"], "iso": [], "provider": "leaflet", "userId": "57a0aa1071e394dd32ffe137", "default": true, "protected": true, "published": true, "env": "production", "layerConfig": {"type": "tileLayer", "sql_config": [], "service": "leaflet", "params_config": [{"key": "dataMaxZoom", "required": true, "default": 12}, {"key": "thresh", "required": true, "default": 30}], "body": {"minzoom": 2, "metadata": "https://production-api.globalforestwatch.org/v1/gfw-metadata/tree_cover", "maxzoom": 12, "useCors": true, "format": "image/png", "url": "https://earthengine.google.org/static/hansen_2014/gfw_loss_tree_year_{thresh}_2014/{z}/{x}/{y}.png"}}, "legendConfig": {"items": [{"source": "(2000, Hansen/UMD/Google/USGS/NASA)", "name": "Tree cover", "color": "#97BD3D", "notes": ["Displaying tree cover with {thresh} canopy density."]}], "type": "basic"}, "interactionConfig": {}, "applicationConfig": {"active": true, "analysisConfig": [{"key": "treeExtent", "service": "umd-loss-gain", "type": "geostore", "unit": "ha", "version": "v1"}, {"key": "totals", "service": "umd-loss-gain", "subKey": "extent2000", "type": "admin", "unit": "ha", "version": "v3"}], "menuPosition": 0, "default": true, "global": true, "metadata": "tree_cover", "selectorConfig": {"label": "2000", "position": 0, "value": "treeCover2000"}}, "staticImageConfig": {}, "updatedAt": "2019-03-08T13:17:00.236Z"}}, {"id": "78747ea1-34a9-4aa7-b099-bdb8948200f4", "type": "layer", "attributes": {"name": "Tree cover - 2010", "slug": "Tree-cover-2010_1", "dataset": "044f4af8-be72-4999-b7dd-13434fc4a394", "description": "Tree cover", "application": ["gfw"], "iso": [], "provider": "leaflet", "userId": "57a0aa1071e394dd32ffe137", "default": false, "protected": true, "published": true, "env": "production", "layerConfig": {"type": "tileLayer", "sql_config": [], "service": "leaflet", "params_config": [{"key": "dataMaxZoom", "required": true, "default": 12}, {"key": "thresh", "required": true, "default": 30}], "body": {"minzoom": 2, "metadata": "https://production-api.globalforestwatch.org/v1/gfw-metadata/tree_cover", "maxzoom": 12, "useCors": true, "format": "image/png", "url": "https://storage.googleapis.com/wri-public/treecover/2010/{thresh}/{z}/{x}/{y}.png"}}, "legendConfig": {"items": [{"source": "(2000, Hansen/UMD/Google/USGS/NASA)", "name": "Tree cover", "color": "#97BD3D", "notes": ["Displaying tree cover with {thresh} canopy density."]}], "type": "basic"}, "interactionConfig": {}, "applicationConfig": {"active": true, "analysisConfig": [{"key": "treeExtent2010", "service": "umd-loss-gain", "type": "geostore", "version": "v1", "unit": "ha"}, {"key": "totals", "service": "umd-loss-gain", "subKey": "extent2010", "version": "v3", "type": "admin", "unit": "ha"}], "default": false, "global": true, "metadata": "tree_cover", "selectorConfig": {"label": "2010", "position": 1, "value": "treeCover2010"}}, "staticImageConfig": {}, "updatedAt": "2019-03-08T13:17:01.550Z"}}], "metadata": [{"id": "5b642ba2c31667001159baf5", "type": "metadata", "attributes": {"dataset": "044f4af8-be72-4999-b7dd-13434fc4a394", "application": "gfw", "resource": {"id": "044f4af8-be72-4999-b7dd-13434fc4a394", "type": "dataset"}, "language": "en", "info": {"citation": "2000/2010, Hansen/UMD/Google/USGS/NASA", "color": "#a0c746", "description": "Identifies areas of tree cover.", "isSelectorLayer": true, "name": "Tree cover"}, "createdAt": "2018-08-03T10:17:06.249Z", "updatedAt": "2018-11-06T15:57:49.716Z", "status": "published"}}], "vocabulary": [{"id": "044f4af8-be72-4999-b7dd-13434fc4a394", "type": "vocabulary", "attributes": {"resource": {"id": "044f4af8-be72-4999-b7dd-13434fc4a394", "type": "dataset"}, "tags": ["landCover"], "name": "categoryTab", "application": "gfw"}}]}}