{"id": "098b33df-6871-4e53-a5ff-b56a7d989f9a", "type": "dataset", "attributes": {"name": "Subnational Political Boundaries", "slug": "Politcial-Boundaries-GADM-adminitrative-level-1-1490086842541", "type": "tabular", "subtitle": "GADM", "application": ["aqueduct", "gfw", "rw", "forest-atlas", "data4sdgs", "gfw-climate", "prep"], "dataPath": null, "attributesPath": null, "connectorType": "rest", "provider": "cartodb", "userId": "57a0aa1071e394dd32ffe137", "connectorUrl": "https://wri-01.carto.com/tables/gadm28_adm1/public", "tableName": "gadm28_adm1", "status": "saved", "published": true, "overwrite": false, "verified": false, "blockchain": {}, "subscribable": {}, "mainDateField": null, "env": "production", "geoInfo": true, "protected": true, "legend": {"date": [], "region": [], "country": [], "nested": []}, "clonedHost": {}, "errorMessage": null, "taskId": null, "updatedAt": "2018-11-21T13:54:56.285Z", "dataLastUpdated": null, "metadata": [], "layer": [], "vocabulary": [], "widgetRelevantProps": ["iso", "name_1", "type_1", "shape_area", "area_ha"], "layerRelevantProps": ["the_geom", "the_geom_webmercator"]}}