{"id": "13e28550-3fc9-45ec-bb00-5a48a82b77e1", "type": "dataset", "attributes": {"name": "Intact Forest Landscapes", "slug": "Intact-Forest-Landscapes_1", "type": null, "subtitle": null, "application": ["gfw"], "dataPath": null, "attributesPath": null, "connectorType": "rest", "provider": "cartodb", "userId": "59db4eace9c1380001d6e4c3", "connectorUrl": "https://wri-01.carto.com/tables/ifl_2000_2013_2016", "tableName": "ifl_2000_2013_2016", "status": "saved", "published": true, "overwrite": false, "verified": false, "blockchain": {}, "mainDateField": null, "env": "production", "geoInfo": false, "protected": true, "legend": {"date": [], "region": [], "country": [], "nested": []}, "clonedHost": {}, "errorMessage": "", "taskId": null, "updatedAt": "2018-11-21T14:02:21.367Z", "dataLastUpdated": null, "widgetRelevantProps": [], "layerRelevantProps": [], "layer": [{"id": "fd44b976-62e6-4072-8218-8abf6e254ed8", "type": "layer", "attributes": {"name": "Intact Forest Landscapes - 2000-2016", "slug": "Intact-Forest-Landscapes-2000-2016", "dataset": "13e28550-3fc9-45ec-bb00-5a48a82b77e1", "description": "IFL including reduction in extent 2013-2016", "application": ["gfw"], "iso": [], "provider": "cartodb", "userId": "59db4eace9c1380001d6e4c3", "default": true, "protected": true, "published": true, "env": "production", "layerConfig": {"account": "wri-01", "body": {"layers": [{"options": {"cartocss": "#ifl_2016 {  polygon-opacity: 0.9;  polygon-fill: #5C8C50;  line-width: 0;  line-opacity: 1;} #ifl_reduction_2000_2013[class='IFL2000'] {  polygon-fill:  #969904;} #ifl_reduction_2013_2016[class='IFL2013'] {  polygon-fill:  #635731;}", "cartocss_version": "2.3.0", "sql": "SELECT * FROM ifl_2000_2013_2016"}, "type": "cartodb"}], "maxzoom": 19, "minzoom": 2, "vectorLayers": [{"paint": {"fill-color": "#5C8C50", "fill-opacity": 0.9}, "source-layer": "layer0", "type": "fill"}, {"filter": ["all", ["==", "class", "IFL2000"]], "paint": {"fill-color": "#969904"}, "source-layer": "layer0", "type": "fill"}, {"filter": ["all", ["==", "class", "IFL2013"]], "paint": {"fill-color": "#635731"}, "source-layer": "layer0", "type": "fill"}]}, "params_config": [], "sql_config": []}, "legendConfig": {"items": [{"color": "#5C8C50", "name": "Intact Forest Landscapes"}, {"color": "#969904", "name": "Reduction in extent 2000-2013"}, {"color": "#635731", "name": "Reduction in extent 2013-2016"}], "type": "basic"}, "interactionConfig": {}, "applicationConfig": {"active": true, "default": true, "global": true, "menuPosition": 2, "metadata": "intact_forest_landscapes_change"}, "staticImageConfig": {}, "updatedAt": "2019-03-08T15:07:11.413Z"}}], "metadata": [{"id": "5b645540c31667001159baf8", "type": "metadata", "attributes": {"dataset": "13e28550-3fc9-45ec-bb00-5a48a82b77e1", "application": "gfw", "resource": {"id": "13e28550-3fc9-45ec-bb00-5a48a82b77e1", "type": "dataset"}, "language": "en", "info": {"citation": "2000/2013/2016", "color": "#a0c746", "description": "Identifies the world\u2019s last remaining unfragmented forest landscapes, large enough to retain all native biodiversity and showing no signs of human alteration as of the year 2013. This layer also shows the reduction in the extent of Intact Forest Landscapes from 2000 to 2016.", "name": "Intact Forest Landscapes"}, "createdAt": "2018-08-03T13:14:40.647Z", "updatedAt": "2018-11-12T20:26:58.710Z", "status": "published"}}], "vocabulary": [{"id": "13e28550-3fc9-45ec-bb00-5a48a82b77e1", "type": "vocabulary", "attributes": {"resource": {"id": "13e28550-3fc9-45ec-bb00-5a48a82b77e1", "type": "dataset"}, "tags": ["landCover"], "name": "categoryTab", "application": "gfw"}}]}}