{"id": "3103075e-64d4-4a52-83a3-1094cf9cf04a", "type": "dataset", "attributes": {"name": "Indonesia Peat Lands", "slug": "Indonesia-Peat-Lands_1", "type": null, "subtitle": null, "application": ["gfw"], "dataPath": null, "attributesPath": null, "connectorType": "rest", "provider": "cartodb", "userId": "57a0aa1071e394dd32ffe137", "connectorUrl": "https://wri-01.carto.com/tables/idn_peat_lands", "tableName": "idn_peat_lands", "status": "saved", "published": true, "overwrite": false, "verified": false, "blockchain": {}, "mainDateField": null, "env": "production", "geoInfo": false, "protected": true, "legend": {"date": [], "region": [], "country": [], "nested": []}, "clonedHost": {}, "errorMessage": "", "taskId": null, "updatedAt": "2018-11-21T14:02:45.893Z", "dataLastUpdated": null, "widgetRelevantProps": [], "layerRelevantProps": [], "layer": [{"id": "19778494-b8ee-4436-9b8c-cea19873bcc5", "type": "layer", "attributes": {"name": "Indonesia peat lands - 2012", "slug": "Indonesia-Peat-Lands_1", "dataset": "3103075e-64d4-4a52-83a3-1094cf9cf04a", "description": "Displays peat land in Indonesia.", "application": ["gfw"], "iso": ["IDN"], "provider": "cartodb", "userId": "57a0aa1071e394dd32ffe137", "default": false, "protected": true, "published": true, "env": "production", "layerConfig": {"account": "wri-01", "params_config": [], "sql_config": [], "body": {"maxzoom": 19, "minzoom": 2, "layers": [{"type": "cartodb", "options": {"sql": "SELECT (shape_area*1e-4)::int AS area_ha, layer_revi as name, cartodb_id, the_geom_webmercator FROM idn_peat_lands", "cartocss": "#idn_peat_lands { polygon-opacity: 0.7; line-color: #FFF; line-width: 0; line-opacity: 1; polygon-fill: #253494; }", "cartocss_version": "2.3.0"}}], "vectorLayers": [{"type": "fill", "source-layer": "layer0", "paint": {"fill-opacity": 0.7, "fill-color": "#253494"}}, {"type": "line", "source-layer": "layer0", "paint": {"line-opacity": 1, "line-color": "#FFF", "line-width": 0}}]}}, "legendConfig": {"type": "basic", "items": [{"name": "Indonesia peat lands", "color": "#253494"}]}, "interactionConfig": {"output": [{"format": null, "type": "number", "property": "Area", "column": "area_ha", "suffix": "ha"}, {"format": null, "type": "string", "property": "Name", "column": "name"}, {"column": "cartodb_id", "format": null, "property": "cartodb_id", "type": "number", "hidden": true}, {"column": "the_geom_webmercator", "format": "json", "property": "the_geom", "type": "json", "hidden": true}], "type": "intersection"}, "applicationConfig": {"default": true, "active": true, "global": false, "metadata": "idn_peat_lands", "analysisEndpoint": "use"}, "staticImageConfig": {}, "updatedAt": "2019-03-08T13:19:44.449Z"}}], "metadata": [{"id": "5b645548b6baae001154d1a7", "type": "metadata", "attributes": {"dataset": "3103075e-64d4-4a52-83a3-1094cf9cf04a", "application": "gfw", "resource": {"id": "3103075e-64d4-4a52-83a3-1094cf9cf04a", "type": "dataset"}, "language": "en", "info": {"name": "Indonesia peat lands", "color": "#a0c746", "description": "Displays peat land in Indonesia.", "citation": "2012"}, "createdAt": "2018-08-03T13:14:48.238Z", "updatedAt": "2018-11-06T15:57:58.048Z", "status": "published"}}], "vocabulary": [{"id": "3103075e-64d4-4a52-83a3-1094cf9cf04a", "type": "vocabulary", "attributes": {"resource": {"id": "3103075e-64d4-4a52-83a3-1094cf9cf04a", "type": "dataset"}, "tags": ["landCover"], "name": "categoryTab", "application": "gfw"}}]}}