{"id": "37198e19-651f-4f79-96fb-3beb2746acd2", "type": "dataset", "attributes": {"name": "Land Rights", "slug": "soc014-Land-rights-data", "type": "tabular", "subtitle": null, "application": ["gfw"], "dataPath": null, "attributesPath": null, "connectorType": "rest", "provider": "cartodb", "userId": "59db4eace9c1380001d6e4c3", "connectorUrl": "https://wri-01.carto.com/tables/gfw_land_rights/public_map", "tableName": "gfw_land_rights", "status": "saved", "published": true, "overwrite": false, "verified": false, "blockchain": {}, "mainDateField": null, "env": "production", "geoInfo": false, "protected": true, "legend": {"date": [], "region": [], "country": [], "nested": []}, "clonedHost": {}, "errorMessage": "", "taskId": null, "updatedAt": "2018-11-21T14:04:21.578Z", "dataLastUpdated": null, "widgetRelevantProps": [], "layerRelevantProps": [], "layer": [{"id": "d3e870f0-3387-4fbd-b635-80ca554f8a79", "type": "layer", "attributes": {"name": "Land rights", "slug": "Land-Rights_1", "dataset": "37198e19-651f-4f79-96fb-3beb2746acd2", "description": "Boundaries of areas over which indigenous peoples or local communities enjoy rights to the land and certain resources. Only select countries are included, and dates of data displayed vary by country.", "application": ["gfw"], "iso": ["BRA", "MEX", "CAN", "NZL", "CRI", "PAN", "AUS"], "provider": "cartodb", "userId": "59db4eace9c1380001d6e4c3", "default": false, "protected": true, "published": true, "env": "production", "layerConfig": {"sql_config": [{"key_params": [{"required": false, "key": "country"}], "key": "where"}], "body": {"minzoom": 2, "maxzoom": 19, "layers": [{"type": "cartodb", "options": {"sql": "SELECT the_geom_webmercator, cartodb_id, name, country, legal_term, legal_reco as legal_recognition, ROUND(area_ha::text::float) AS area_ha from gfw_land_rights {{where}}", "cartocss_version": "2.3.0", "cartocss": "#gfw_land_rights{  polygon-fill: #3BB2D0;  polygon-opacity: 0.7;  line-color: #3BB2D0;  line-width: 1;  line-opacity: 1;}"}}], "vectorLayers": [{"type": "fill", "source-layer": "layer0", "paint": {"fill-opacity": 0.7, "fill-color": "#3BB2D0"}}, {"type": "line", "source-layer": "layer0", "paint": {"line-opacity": 1, "line-color": "#3BB2D0", "line-width": 1}}]}, "account": "wri-01"}, "legendConfig": {"items": [{"color": "#3BB2D0", "name": "Land rights areas"}], "type": "basic"}, "interactionConfig": {"type": "intersection", "output": [{"column": "name", "property": "Name", "type": "string", "format": null}, {"column": "legal_recognition", "property": "Legal Recognition", "type": "string", "format": null}, {"column": "area_ha", "property": "Area", "type": "number", "format": null}, {"column": "cartodb_id", "format": null, "property": "cartodb_id", "type": "number", "hidden": true}, {"column": "the_geom_webmercator", "format": "json", "property": "the_geom", "type": "json", "hidden": true}]}, "applicationConfig": {"active": true, "analysisEndpoint": "use", "default": true, "global": true, "menuPosition": 0, "metadata": "gfw_land_rights"}, "staticImageConfig": {}, "updatedAt": "2019-03-08T13:20:05.478Z"}}], "metadata": [{"id": "5b6d48081a92f800116ad623", "type": "metadata", "attributes": {"dataset": "37198e19-651f-4f79-96fb-3beb2746acd2", "application": "gfw", "resource": {"id": "37198e19-651f-4f79-96fb-3beb2746acd2", "type": "dataset"}, "language": "en", "info": {"color": "#5E74FF", "name": "Land rights", "description": "Displays boundaries of areas over which indigenous peoples or local communities enjoy rights to the land and certain resources.", "citation": "select countries"}, "createdAt": "2018-08-10T08:08:40.509Z", "updatedAt": "2018-11-06T15:58:06.529Z", "status": "published"}}], "vocabulary": [{"id": "37198e19-651f-4f79-96fb-3beb2746acd2", "type": "vocabulary", "attributes": {"resource": {"id": "37198e19-651f-4f79-96fb-3beb2746acd2", "type": "dataset"}, "tags": ["landUse", "people"], "name": "categoryTab", "application": "gfw"}}]}}