{"id": "3a638102-ab50-4717-a0fe-b27bd79d18c2", "type": "dataset", "attributes": {"name": "bio.001 Alliance for Zero Extinction Endangered Species Sites", "slug": "bio001-Alliance-for-Zero-Extinction-Endangered-Species-Sites_1", "type": "tabular", "subtitle": "AZE", "application": ["gfw"], "dataPath": null, "attributesPath": null, "connectorType": "rest", "provider": "cartodb", "userId": "59db4eace9c1380001d6e4c3", "connectorUrl": "https://wri-rw.carto.com/tables/bio_001_aze_endangered_species_sites/public", "tableName": "bio_001_aze_endangered_species_sites", "status": "saved", "published": true, "overwrite": false, "verified": false, "blockchain": {}, "mainDateField": null, "env": "production", "geoInfo": false, "protected": true, "legend": {"date": [], "region": [], "country": [], "nested": []}, "clonedHost": {}, "errorMessage": "", "taskId": null, "updatedAt": "2018-11-21T14:04:18.534Z", "dataLastUpdated": null, "widgetRelevantProps": [], "layerRelevantProps": [], "layer": [{"id": "3c44da8f-159a-41f2-9fdb-448e4cd0923d", "type": "layer", "attributes": {"name": "Alliance for Zero Extinction sites - 2010", "slug": "2010-Endangered-Species-SitesAlliance-for-Zero-Extinction-AZE", "dataset": "3a638102-ab50-4717-a0fe-b27bd79d18c2", "application": ["gfw"], "iso": [], "provider": "cartodb", "userId": "59db4eace9c1380001d6e4c3", "default": false, "protected": true, "published": true, "env": "production", "layerConfig": {"account": "wri-01", "body": {"maxzoom": 19, "minzoom": 2, "layers": [{"type": "cartodb", "options": {"sql": "SELECT the_geom_webmercator, cartodb_id, sitenamefi as name, country, source, mapid, array_to_string(species::text[], ', ') as species FROM alliance_for_zero_extinction_sites_species_joi", "cartocss": "#alliance_for_zero_extinction_sites_species_joi{ polygon-fill: #b2d26e; polygon-opacity: 0.9; line-color: #b2d26e; line-width: 1.5; line-opacity: 1;}", "cartocss_version": "2.3.0"}}], "vectorLayers": [{"type": "fill", "source-layer": "layer0", "paint": {"fill-opacity": 0.9, "fill-color": "#b2d26e"}}, {"type": "line", "source-layer": "layer0", "paint": {"line-opacity": 1, "line-color": "#b2d26e", "line-width": 1.5}}]}}, "legendConfig": {"type": "basic", "items": [{"name": "Alliance for Zero Extinction sites", "color": "#b2d26e"}]}, "interactionConfig": {"output": [{"type": "string", "property": "Species", "format": null, "column": "species"}, {"type": "string", "property": "Site Name", "format": null, "column": "name"}, {"type": "string", "property": "Country", "format": null, "column": "country"}, {"type": "string", "property": "Source", "format": null, "column": "source"}, {"type": "string", "property": "ID", "format": null, "column": "mapid"}, {"column": "cartodb_id", "format": null, "property": "cartodb_id", "type": "number", "hidden": true}, {"column": "the_geom_webmercator", "format": "json", "property": "the_geom", "type": "json", "hidden": true}]}, "applicationConfig": {"metadata": "alliance_for_zero_extinction_sites", "global": true, "active": true, "default": true, "analysisEndpoint": "use"}, "staticImageConfig": {}, "updatedAt": "2019-03-08T13:19:59.947Z"}}], "metadata": [{"id": "5b6c6dbe13089400112e9683", "type": "metadata", "attributes": {"dataset": "3a638102-ab50-4717-a0fe-b27bd79d18c2", "application": "gfw", "resource": {"id": "3a638102-ab50-4717-a0fe-b27bd79d18c2", "type": "dataset"}, "language": "en", "info": {"citation": "World Database of Key Biodiversity Areas", "color": "#A878F3", "description": "Displays critical sites for conservation that contain endangered species with limited ranges and populations found nowhere else on the planet.", "name": "Alliance for Zero Extinction sites"}, "createdAt": "2018-08-09T16:37:18.930Z", "updatedAt": "2019-03-27T09:39:10.061Z", "status": "published"}}], "vocabulary": [{"id": "3a638102-ab50-4717-a0fe-b27bd79d18c2", "type": "vocabulary", "attributes": {"resource": {"id": "3a638102-ab50-4717-a0fe-b27bd79d18c2", "type": "dataset"}, "tags": ["biodiversity", "biodiversity"], "name": "categoryTab", "application": "gfw"}}]}}