{"id": "3a8e0ae1-fcc5-4a50-abd1-37f158f173ec", "type": "dataset", "attributes": {"name": "Mexico protected areas", "slug": "Mexico-protected-areas", "type": null, "subtitle": null, "application": ["gfw"], "dataPath": null, "attributesPath": null, "connectorType": "rest", "provider": "cartodb", "userId": "57a0aa1071e394dd32ffe137", "connectorUrl": "https://wri-01.carto.com/tables/mex_protected_areas", "tableName": "mex_protected_areas", "status": "saved", "published": true, "overwrite": false, "verified": false, "blockchain": {}, "mainDateField": null, "env": "production", "geoInfo": false, "protected": true, "legend": {"date": [], "region": [], "country": [], "nested": []}, "clonedHost": {}, "errorMessage": "", "taskId": null, "updatedAt": "2018-11-21T14:02:47.755Z", "dataLastUpdated": null, "widgetRelevantProps": [], "layerRelevantProps": [], "layer": [{"id": "ccf5f7a5-6549-4f0c-82a4-bcc88ac392ac", "type": "layer", "attributes": {"name": "Mexico protected areas - 2011-2016", "slug": "Mexico-protected-areas", "dataset": "3a8e0ae1-fcc5-4a50-abd1-37f158f173ec", "description": "Shows the location of Mexico\u2019s national, state, and municipal protected areas as well as voluntary conservation areas", "application": ["gfw"], "iso": ["MEX"], "provider": "cartodb", "userId": "57a0aa1071e394dd32ffe137", "default": false, "protected": true, "published": true, "env": "production", "layerConfig": {"account": "wri-01", "body": {"layers": [{"options": {"cartocss": "#mex_protected_areas { polygon-opacity: 0.7; line-color: #FFF; line-width: 0.5; line-opacity: 1; } #mex_protected_areas[type=\"Estatal\"] { polygon-fill: #4d94c4; line-color: #4d94c4; } #mex_protected_areas[type=\"Federal\"] { polygon-fill: #2167AB; line-color: #2167AB; } #mex_protected_areas[type=\"Municipal\"] { polygon-fill: #94cecb; line-color: #94cecb; } #mex_protected_areas[type=\"\u00c1rea destinada voluntariamente a la conservaci\u00f3n\"] { polygon-fill: #00ceff; line-color: #00ceff; }", "cartocss_version": "2.3.0", "sql": "SELECT cartodb_id, the_geom_webmercator, nombre as name, cat_manejo as category, round(superficie) as area_ha, to_char(prim_dec,'DD Mon YYYY') as date_create, vigencia as validity, tipo as type FROM mex_protected_areas"}, "type": "cartodb"}], "maxzoom": 19, "minzoom": 2, "vectorLayers": [{"paint": {"line-color": "#FFF", "line-opacity": 1, "line-width": 0.5}, "source-layer": "layer0", "type": "line"}, {"filter": ["all", ["==", "type", "Estatal"]], "paint": {"fill-color": "#4d94c4"}, "source-layer": "layer0", "type": "fill"}, {"filter": ["all", ["==", "type", "Estatal"]], "paint": {"line-color": "#4d94c4"}, "source-layer": "layer0", "type": "line"}, {"filter": ["all", ["==", "type", "Federal"]], "paint": {"fill-color": "#2167AB"}, "source-layer": "layer0", "type": "fill"}, {"filter": ["all", ["==", "type", "Federal"]], "paint": {"line-color": "#2167AB"}, "source-layer": "layer0", "type": "line"}, {"filter": ["all", ["==", "type", "Municipal"]], "paint": {"fill-color": "#94cecb"}, "source-layer": "layer0", "type": "fill"}, {"filter": ["all", ["==", "type", "Municipal"]], "paint": {"line-color": "#94cecb"}, "source-layer": "layer0", "type": "line"}, {"filter": ["all", ["==", "type", "\u00c1rea destinada voluntariamente a la conservaci\u00f3n"]], "paint": {"fill-color": "#00ceff"}, "source-layer": "layer0", "type": "fill"}, {"filter": ["all", ["==", "type", "\u00c1rea destinada voluntariamente a la conservaci\u00f3n"]], "paint": {"line-color": "#00ceff"}, "source-layer": "layer0", "type": "line"}]}, "metadata": "https://production-api.globalforestwatch.org/v1/gfw-metadata/mex_protected_areas", "params_config": [], "sql_config": []}, "legendConfig": {"items": [{"color": "#2167AB", "name": "National protected areas"}, {"color": "#4d94c4", "name": "State protected areas"}, {"color": "#94cecb", "name": "Municipal protected areas"}, {"color": "#00ceff", "name": "Voluntary conservation areas"}], "type": "basic"}, "interactionConfig": {"output": [{"format": null, "type": "string", "property": "Name", "column": "name"}, {"format": null, "type": "string", "property": "Category", "column": "category"}, {"format": null, "type": "number", "property": "Area", "suffix": "ha", "column": "area_ha"}, {"format": null, "type": "string", "property": "Date", "column": "date_create"}, {"format": null, "type": "string", "property": "Validity", "column": "validity"}, {"format": null, "type": "string", "property": "Type", "column": "type"}, {"column": "cartodb_id", "format": null, "property": "cartodb_id", "type": "number", "hidden": true}, {"column": "the_geom_webmercator", "format": "json", "property": "the_geom", "type": "json", "hidden": true}], "type": "intersection"}, "applicationConfig": {"default": true, "active": true, "global": false, "metadata": "mex_protected_areas", "analysisEndpoint": "use"}, "staticImageConfig": {}, "updatedAt": "2019-03-12T11:39:26.129Z"}}], "metadata": [{"id": "5b6455496ec14b00117e299d", "type": "metadata", "attributes": {"dataset": "3a8e0ae1-fcc5-4a50-abd1-37f158f173ec", "application": "gfw", "resource": {"id": "3a8e0ae1-fcc5-4a50-abd1-37f158f173ec", "type": "dataset"}, "language": "en", "info": {"name": "Mexico protected areas", "color": "#A878F3", "description": "Shows the location of Mexico\u2019s national, state, and municipal protected areas as well as voluntary conservation areas.", "citation": ""}, "createdAt": "2018-08-03T13:14:49.007Z", "updatedAt": "2018-11-06T15:57:58.917Z", "status": "published"}}], "vocabulary": [{"id": "3a8e0ae1-fcc5-4a50-abd1-37f158f173ec", "type": "vocabulary", "attributes": {"resource": {"id": "3a8e0ae1-fcc5-4a50-abd1-37f158f173ec", "type": "dataset"}, "tags": ["landUse", "conservation"], "name": "categoryTab", "application": "gfw"}}]}}