{"id": "3f633a05-a3c9-44a5-939c-aecae35fe63e", "type": "dataset", "attributes": {"name": "NDC stats for countries", "slug": "NDC-stats-for-countries-1490086842462", "type": null, "subtitle": null, "application": ["gfw", "data4sdgs"], "dataPath": "data", "attributesPath": null, "connectorType": "document", "provider": "json", "userId": "586bc76036aacd381cb92b3a", "connectorUrl": null, "tableName": "index_3f633a05a3c944a5939caecae35fe63e", "status": "saved", "published": true, "overwrite": false, "verified": false, "blockchain": {}, "mainDateField": null, "env": "production", "geoInfo": false, "protected": true, "legend": {"date": [], "region": [], "country": [], "nested": []}, "clonedHost": {}, "errorMessage": null, "taskId": null, "updatedAt": "2018-11-21T13:54:56.982Z", "dataLastUpdated": null, "metadata": [], "layer": [], "vocabulary": [], "widgetRelevantProps": [], "layerRelevantProps": []}}