{"id": "4145f642-5455-4414-b214-58ad39b83e1e", "type": "dataset", "attributes": {"name": "Fire alerts (MODIS and VIIRS) summary stats grouped by date, polyname, iso, adm1 and adm2", "slug": "Fire-alerts-MODIS-and-VIIRS-summary-stats-grouped-by-date-polyname-iso-adm1-and-adm2", "type": null, "subtitle": null, "application": ["gfw"], "dataPath": null, "attributesPath": null, "connectorType": "document", "provider": "csv", "userId": "57a9d92029309063404573a1", "connectorUrl": "http://gfw2-data.s3.amazonaws.com/country-pages/fire_alerts_all.csv", "tableName": "index_4145f64254554414b21458ad39b83e1e_1555040274266", "status": "saved", "published": true, "overwrite": true, "verified": false, "blockchain": {}, "mainDateField": null, "env": "production", "geoInfo": false, "protected": true, "legend": {"date": [], "region": [], "country": [], "nested": []}, "clonedHost": {}, "errorMessage": "", "taskId": "/v1/doc-importer/task/20650768-155e-410e-916f-9ebbfee0c2c2", "updatedAt": "2019-04-12T05:05:32.196Z", "dataLastUpdated": null, "metadata": [], "layer": [], "widgetRelevantProps": [], "layerRelevantProps": [], "vocabulary": [{"id": "4145f642-5455-4414-b214-58ad39b83e1e", "type": "vocabulary", "attributes": {"resource": {"id": "4145f642-5455-4414-b214-58ad39b83e1e", "type": "dataset"}, "tags": ["forestChange", "firesAlerts"], "name": "categoryTab", "application": "gfw"}}]}}