{"id": "4458eb12-8572-45d1-bf07-d5a3ee097021", "type": "dataset", "attributes": {"name": "bio.002 Biodiversity hot spots", "slug": "Biodiversity-hot-spots-1490086842534", "type": "tabular", "subtitle": null, "application": ["rw"], "dataPath": null, "attributesPath": null, "connectorType": "rest", "provider": "cartodb", "userId": "57a0aa1071e394dd32ffe137", "connectorUrl": "https://wri-01.carto.com/tables/biodiversity_hotspots", "tableName": "biodiversity_hotspots", "status": "saved", "published": true, "overwrite": false, "verified": false, "blockchain": {}, "subscribable": {}, "mainDateField": null, "env": "production", "geoInfo": true, "protected": false, "legend": {"date": [], "region": [], "country": [], "nested": []}, "clonedHost": {}, "errorMessage": null, "taskId": null, "updatedAt": "2019-02-01T20:26:13.759Z", "dataLastUpdated": null, "widgetRelevantProps": ["name", "descriptio", "type"], "layerRelevantProps": ["the_geom", "the_geom_webmercator", "color", "name"], "layer": [{"id": "53e9aad0-68e1-4d35-bfa7-5ef590738fbb", "type": "layer", "attributes": {"name": "2016 Biodiversity Hotspots", "slug": "biodiversity-hotspots", "dataset": "4458eb12-8572-45d1-bf07-d5a3ee097021", "description": "Location and extent of the 36 biodiversity hotspots (highly threatened biogeographic regions with high-biodiversity endemism) in 2016. Endemism is the ecological state of a species being unique to a defined geographic location, such as an island, nation, country or other defined zone, or habitat type.", "application": ["rw"], "iso": ["global"], "provider": "cartodb", "userId": "58333dcfd9f39b189ca44c75", "default": false, "protected": false, "published": true, "env": "production", "layerConfig": {"account": "wri-01", "body": {"maxzoom": 18, "minzoom": 3, "layers": [{"type": "cartodb", "options": {"sql": "SELECT * FROM biodiversity_hotspots", "cartocss": "#biodiversity_hotspots { polygon-fill: #c51b8a;  polygon-opacity: 0.5;   line-color: #FFF;   line-width: 0.5;   line-opacity: 1;}", "cartocss_version": "2.3.0"}}]}}, "legendConfig": {"type": "basic", "items": [{"name": "Hotspot", "color": "#c51b8a"}]}, "interactionConfig": {"output": [{"column": "name", "format": null, "prefix": "", "property": "Hotspot", "suffix": "", "type": "string"}, {"column": "descriptio", "format": null, "prefix": "", "property": "Description", "suffix": "", "type": "string"}]}, "applicationConfig": {"default": true, "active": true, "global": true, "metadata": "biodiversity_hotspots"}, "staticImageConfig": {}, "updatedAt": "2019-02-20T18:38:39.889Z"}}, {"id": "b3e0b2ca-8322-4ad6-9fe0-9ac3ed3d784d", "type": "layer", "attributes": {"name": "2016 Biodiversity Hotspots", "slug": "2016-Biodiversity-Hotspots_3", "dataset": "4458eb12-8572-45d1-bf07-d5a3ee097021", "application": ["gfw"], "iso": [], "userId": "59db4eace9c1380001d6e4c3", "default": false, "protected": false, "published": true, "env": "production", "layerConfig": {"body": {"layers": [{"options": {"cartocss_version": "2.3.0", "cartocss": "#biodiversity_hotspots { polygon-fill: #c51b8a;  polygon-opacity: 0.5;   line-color: #FFF;   line-width: 0.5;   line-opacity: 1;}", "sql": "SELECT * FROM biodiversity_hotspots"}, "type": "cartodb"}], "minzoom": 3, "maxzoom": 18}, "account": "wri-01"}, "legendConfig": {"items": [{"color": "#c51b8a", "name": "Hotspot"}], "type": "basic"}, "interactionConfig": {"output": [{"type": "string", "suffix": "", "property": "Hotspot", "prefix": "", "format": null, "column": "name"}, {"type": "string", "suffix": "", "property": "Description", "prefix": "", "format": null, "column": "descriptio"}]}, "applicationConfig": {"metadata": "biodiversity_hotspots", "global": true, "active": true, "default": true}, "staticImageConfig": {}, "updatedAt": "2019-01-16T15:07:01.558Z"}}, {"id": "fb1d0a75-a2ab-4671-b3ba-3724bbb3193e", "type": "layer", "attributes": {"name": "2016 Biodiversity Hotspots", "slug": "2016-Biodiversity-Hotspots_1", "dataset": "4458eb12-8572-45d1-bf07-d5a3ee097021", "description": "Location and extent of the 36 biodiversity hotspots (highly threatened biogeographic regions with high-biodiversity endemism) in 2016. Endemism is the ecological state of a species being unique to a defined geographic location, such as an island, nation, country or other defined zone, or habitat type.", "application": ["rw"], "iso": [], "provider": "cartodb", "userId": "58f63c81bd32c60206ed6b12", "default": true, "protected": false, "published": true, "env": "production", "layerConfig": {"body": {"layers": [{"options": {"cartocss_version": "2.3.0", "cartocss": "#biodiversity_hotspots { polygon-fill: #FFFF00;  polygon-opacity: 0.5;   line-color: #FFF;   line-width: 0.5;   line-opacity: 1;}", "sql": "SELECT * FROM biodiversity_hotspots"}, "type": "cartodb"}], "minzoom": 3, "maxzoom": 18}, "account": "wri-01"}, "legendConfig": {"items": [{"color": "#FFFF00", "name": "Hotspot"}], "type": "basic"}, "interactionConfig": {"output": []}, "applicationConfig": {}, "staticImageConfig": {}, "updatedAt": "2019-02-20T18:38:54.752Z"}}], "metadata": [{"id": "58ff5ae35303ca000cd2b0d8", "type": "metadata", "attributes": {"dataset": "4458eb12-8572-45d1-bf07-d5a3ee097021", "application": "rw", "resource": {"id": "4458eb12-8572-45d1-bf07-d5a3ee097021", "type": "dataset"}, "language": "en", "name": "Biodiversity Hotspots", "description": "First defined in 1988 by scientist Norman Myers, biodiversity hotspots are areas characterized by high levels of endemic plants coupled with significant habitat loss. Specifically, a region must meet the following criteria to achieve the hotspot classification formulated by Conservation International (CI): (1) at least 1,500 species of vascular plants (>0.5% of the world\u2019s total) are endemic; and (2) at least 70% of the original natural vegetation has been lost. When Myers first defined the term, he identified 10 tropical forest hotspots. The need to pinpoint priority conservation regions led CI to adopt the term and reassess the hotspot concept. In this process, CI introduced quantitative thresholds (see above) and added additional regions. At that time, there were 25 hotspots. Because of the constant change in environmental threats and the improved understanding of biodiversity, CI has since revisited the hotspots to refine boundaries, update information, and add new regions to create this global data set. This process produced an additional 10 hotspots, bringing the total to 35. Resource Watch shows only a subset of the data set. For access to the full data set and additional information, see the Learn More link.", "source": "CI/CEPF", "info": {"rwId": "bio.002", "data_type": "Vector", "name": "Biodiversity Hotspots", "sources": [{"source-name": "Conservation International Foundation (CI)", "id": 0, "source-description": ""}, {"source-name": "Critical Ecosystem Partnership Fund (CEPF)", "id": 1, "source-description": ""}], "technical_title": "Hotspots Revisited, 2011", "functions": "Conservation International\u2019s biodiversity hotspots\u2014defined regions around the world where biodiversity conservation is most urgent because of high levels of endemism and human threat", "cautions": "This layer only displays the land-based portion of biodiversity hotspots, although some hotspots extend offshore.", "citation": "Conservation International and Critical Ecosystem Partnership Fund. 2016. \"Biodiversity Hotspots.\" Accessible from http://www.cepf.net/resources/hotspots/Pages/default.aspx. Accessed through Resource Watch, [date]. www.resourcewatch.org.", "license": "Creative Commons Attribution 4.0 International", "license_link": "https://creativecommons.org/licenses/by/4.0/", "geographic_coverage": "Global", "spatial_resolution": null, "date_of_content": "2016", "frequency_of_updates": null, "learn_more_link": "http://www.cepf.net/resources/hotspots/Pages/default.aspx", "data_download_link": "https://wri-public-data.s3.amazonaws.com/resourcewatch/bio_002_biodiversity_hotspot.zip", "data_download_original_link": "http://www.cepf.net/resources/hotspots/Pages/default.aspx"}, "columns": {"type": {"alias": "Type"}, "name": {"alias": "Name"}, "color": {"alias": ""}, "descriptio": {"alias": "Description"}}, "createdAt": "2017-04-25T14:19:15.581Z", "updatedAt": "2018-07-20T15:09:09.185Z", "status": "published"}}], "vocabulary": [{"id": "4458eb12-8572-45d1-bf07-d5a3ee097021", "type": "vocabulary", "attributes": {"resource": {"id": "4458eb12-8572-45d1-bf07-d5a3ee097021", "type": "dataset"}, "tags": ["biodiversity", "vector", "historical", "geospatial", "global", "animal"], "name": "knowledge_graph", "application": "rw"}}]}}