{"id": "493ea3f3-90ea-4fc8-89d6-98f1f4ac341f", "type": "dataset", "attributes": {"name": "Resource Rights", "slug": "Resource-Rights", "type": null, "subtitle": null, "application": ["gfw"], "dataPath": null, "attributesPath": null, "connectorType": "rest", "provider": "cartodb", "userId": "59db4eace9c1380001d6e4c3", "connectorUrl": "https://wri-01.carto.com/tables/gfw_resource_rights", "tableName": "gfw_resource_rights", "status": "saved", "published": true, "overwrite": false, "verified": false, "blockchain": {}, "mainDateField": null, "env": "production", "geoInfo": false, "protected": true, "legend": {"date": [], "region": [], "country": [], "nested": []}, "clonedHost": {}, "errorMessage": "", "taskId": null, "updatedAt": "2018-11-21T14:02:28.694Z", "dataLastUpdated": null, "widgetRelevantProps": [], "layerRelevantProps": [], "layer": [{"id": "353f9c13-4c6b-4ce8-bb40-0452540d9238", "type": "layer", "attributes": {"name": "Resource rights", "slug": "Resource-Rights", "dataset": "493ea3f3-90ea-4fc8-89d6-98f1f4ac341f", "description": "Resource Rights for Cameroon, Equatorial Guinea, Liberia and Namibia", "application": ["gfw"], "iso": ["NAM", "LBR", "GNQ", "CMR"], "provider": "cartodb", "userId": "59db4eace9c1380001d6e4c3", "default": true, "protected": true, "published": true, "env": "production", "layerConfig": {"account": "wri-01", "body": {"layers": [{"options": {"cartocss": "#gfw_resource_rights{ polygon-fill: #707D92; polygon-opacity: 0.7; line-color: #707D92; line-width: 0.01; line-opacity: 1; }", "cartocss_version": "2.3.0", "sql": "SELECT the_geom_webmercator, cartodb_id, name, country, round(area_ha::float) as area_ha, legal_term, legal_reco as legal_recognition FROM gfw_resource_rights {{where}}"}, "type": "cartodb"}], "maxzoom": 19, "minzoom": 2, "vectorLayers": [{"type": "fill", "source-layer": "layer0", "paint": {"fill-opacity": 0.7, "fill-color": "#707D92"}}, {"type": "line", "source-layer": "layer0", "paint": {"line-opacity": 1, "line-color": "#707D92", "line-width": 0.01}}]}, "params_config": [], "sql_config": [{"key": "where", "key_params": [{"key": "country", "required": false}]}]}, "legendConfig": {"type": "basic", "items": [{"name": "Resource rights", "color": "#707D92"}]}, "interactionConfig": {"output": [{"format": null, "type": "string", "property": "Name", "column": "name"}, {"format": null, "type": "string", "property": "Legal Recognition", "column": "legal_recognition"}, {"format": null, "type": "number", "property": "Area", "column": "area_ha"}, {"column": "cartodb_id", "format": null, "property": "cartodb_id", "type": "number", "hidden": true}, {"column": "the_geom_webmercator", "format": "json", "property": "the_geom", "type": "json", "hidden": true}], "type": "intersection"}, "applicationConfig": {"active": true, "analysisEndpoint": "use", "default": true, "global": true, "menuPosition": 1, "metadata": "gfw_resource_rights"}, "staticImageConfig": {}, "updatedAt": "2019-03-08T13:19:27.498Z"}}], "metadata": [{"id": "5b645543c96e1e0011f1e38b", "type": "metadata", "attributes": {"dataset": "493ea3f3-90ea-4fc8-89d6-98f1f4ac341f", "application": "gfw", "resource": {"id": "493ea3f3-90ea-4fc8-89d6-98f1f4ac341f", "type": "dataset"}, "language": "en", "info": {"name": "Resource rights", "description": "Displays boundaries of areas over which indigenous peoples or local communities enjoy rights to certain resources and a limited right to access the land.", "color": "#5E74FF", "citation": "select countries"}, "createdAt": "2018-08-03T13:14:43.969Z", "updatedAt": "2018-11-06T15:57:52.689Z", "status": "published"}}], "vocabulary": [{"id": "493ea3f3-90ea-4fc8-89d6-98f1f4ac341f", "type": "vocabulary", "attributes": {"resource": {"id": "493ea3f3-90ea-4fc8-89d6-98f1f4ac341f", "type": "dataset"}, "tags": ["landUse", "people"], "name": "categoryTab", "application": "gfw"}}]}}