{"id": "51267795-de96-462f-9dfb-dd1d07b44057", "type": "dataset", "attributes": {"name": "Indonesia Primary Forest", "slug": "Indonesia-Primary-Forest", "type": "raster", "subtitle": null, "application": ["gfw"], "dataPath": null, "attributesPath": null, "connectorType": "wms", "provider": "wms", "userId": "59db4eace9c1380001d6e4c3", "connectorUrl": "https://s3.amazonaws.com/wri-tiles/idnfc_wgs84/{z}/{x}/{y}.png", "tableName": null, "status": "saved", "published": true, "overwrite": false, "verified": false, "blockchain": {}, "mainDateField": null, "env": "production", "geoInfo": false, "protected": true, "legend": {"date": [], "region": [], "country": [], "nested": []}, "clonedHost": {}, "errorMessage": null, "taskId": null, "updatedAt": "2018-11-21T14:02:57.304Z", "dataLastUpdated": null, "widgetRelevantProps": [], "layerRelevantProps": [], "layer": [{"id": "bf171b35-5dd7-4be6-825a-c98b238107de", "type": "layer", "attributes": {"name": "Indonesia primary forest - 2000", "slug": "Indonesia-Primary-Forest", "dataset": "51267795-de96-462f-9dfb-dd1d07b44057", "description": "Identifies the location of intact and degraded primary forests across Indonesia for the year 2000.", "application": ["gfw"], "iso": ["IDN"], "provider": "leaflet", "userId": "59db4eace9c1380001d6e4c3", "default": true, "protected": true, "published": true, "env": "production", "layerConfig": {"body": {"maxzoom": 11, "format": "image/png"}, "params_config": [{"key": "dataMaxZoom", "required": true, "default": 11}], "service": "leaflet", "sql_config": [], "type": "tileLayer", "url": "https://s3.amazonaws.com/wri-tiles/idnfc_wgs84/{z}/{x}/{y}.png"}, "legendConfig": {"type": "basic", "items": [{"color": "#007A4D", "name": "Intact"}, {"color": "#97BD3D", "name": "Degraded"}]}, "interactionConfig": {}, "applicationConfig": {"default": true, "active": true, "global": false, "metadata": "idn_primary_forests"}, "staticImageConfig": {}, "updatedAt": "2018-11-21T14:02:57.529Z"}}], "metadata": [{"id": "5b64554b91b07b0012a534e0", "type": "metadata", "attributes": {"dataset": "51267795-de96-462f-9dfb-dd1d07b44057", "application": "gfw", "resource": {"id": "51267795-de96-462f-9dfb-dd1d07b44057", "type": "dataset"}, "language": "en", "info": {"name": "Indonesia primary forest", "color": "#a0c746", "description": "Identifies the location of intact and degraded primary forests across Indonesia for the year 2000.", "citation": "2000"}, "createdAt": "2018-08-03T13:14:51.956Z", "updatedAt": "2018-11-06T15:58:01.450Z", "status": "published"}}], "vocabulary": [{"id": "51267795-de96-462f-9dfb-dd1d07b44057", "type": "vocabulary", "attributes": {"resource": {"id": "51267795-de96-462f-9dfb-dd1d07b44057", "type": "dataset"}, "tags": ["landCover"], "name": "categoryTab", "application": "gfw"}}]}}