{"id": "55eec37b-e491-447f-b0d2-b8d5b7acdaf7", "type": "dataset", "attributes": {"name": "Soil Organic Carbon 2019", "slug": "Soil-Organic-Carbon-2019_1", "type": null, "subtitle": null, "application": ["gfw"], "dataPath": null, "attributesPath": null, "connectorType": "rest", "provider": "gee", "userId": "59db4eace9c1380001d6e4c3", "connectorUrl": null, "tableName": "projects/wri-datalab/Soil_Organic_Carbon_30m", "status": "saved", "published": true, "overwrite": false, "verified": false, "blockchain": {}, "mainDateField": null, "env": "production", "geoInfo": false, "protected": false, "legend": {"date": [], "region": [], "country": [], "nested": []}, "clonedHost": {}, "errorMessage": "", "taskId": null, "updatedAt": "2019-01-29T15:44:29.805Z", "dataLastUpdated": null, "widgetRelevantProps": [], "layerRelevantProps": [], "layer": [{"id": "2c4fde29-1627-40eb-96b5-a9e388f7c7b7", "type": "layer", "attributes": {"name": "Soil organic carbon", "slug": "Soil-organic-carbon-2019", "dataset": "55eec37b-e491-447f-b0d2-b8d5b7acdaf7", "description": "Soil carbon 30m resolution", "application": ["gfw"], "iso": [], "provider": "gee", "userId": "59db4eace9c1380001d6e4c3", "default": false, "protected": false, "published": true, "env": "production", "layerConfig": {"assetId": "projects/wri-datalab/Soil_Organic_Carbon_30m", "body": {"maxzoom": 22, "minzoom": 2, "sldValue": "<RasterSymbolizer> <ColorMap type=\"ramp\" extended=\"false\" > <ColorMapEntry color=\"#ffce00\" quantity=\"0\" opacity=\"0\" /> <ColorMapEntry color=\"#ffce00\" quantity=\"5\" /> <ColorMapEntry color=\"#f5b005\" quantity=\"20\"  /><ColorMapEntry color=\"#e79410\" quantity=\"75\"  /><ColorMapEntry color=\"#d67918\" quantity=\"100\" /><ColorMapEntry color=\"#c2601d\" quantity=\"150\"  /><ColorMapEntry color=\"#ab481f\" quantity=\"200\"  /><ColorMapEntry color=\"#93321f\" quantity=\"300\" /><ColorMapEntry color=\"#791d1c\" quantity=\"400\"  /></ColorMap></RasterSymbolizer>", "styleType": "sld"}, "isImageCollection": false, "params_config": [], "type": "tileLayer"}, "legendConfig": {"unit": "Mg C Ha\u207b\u00b9", "type": "gradient", "items": [{"value": "<5", "color": "#ffce00"}, {"value": "20", "color": "#f5b005"}, {"value": "75", "color": "#e79410"}, {"value": "100", "color": "#d67918"}, {"value": "150", "color": "#c2601d"}, {"value": "200", "color": "#ab481f"}, {"value": "300", "color": "#93321f"}, {"value": "400 Mg C Ha\u207b\u00b9", "color": "#791d1c"}]}, "interactionConfig": {}, "applicationConfig": {"active": true, "analysisConfig": [{"keys": [{"key": "total_soil_carbon", "title": "Total soil caron", "unit": "t"}, {"key": "soil_carbon_density", "title": "Soil carbon density", "unit": "t Ha\u207b\u00b9"}], "service": "soil-carbon", "type": "geostore", "version": "v1"}, {"keys": [{"key": "total_soil_carbon", "title": "Total soil carbon", "unit": "t"}, {"key": "soil_carbon_density", "title": "Soil carbon density", "unit": "t Ha\u207b\u00b9"}], "service": "soil-carbon", "type": "admin", "version": "v1"}], "default": true, "global": true, "metadata": "soil_carbon_density_30m"}, "staticImageConfig": {}, "updatedAt": "2019-03-07T09:51:31.224Z"}}], "metadata": [{"id": "5c507725f3f9380012cb3842", "type": "metadata", "attributes": {"dataset": "55eec37b-e491-447f-b0d2-b8d5b7acdaf7", "application": "gfw", "resource": {"id": "55eec37b-e491-447f-b0d2-b8d5b7acdaf7", "type": "dataset"}, "language": "en", "name": "Soil organic carbon", "info": {"colour": "#89552C", "citation": "Sanderman (2019), ISRIC SoilGrids (2017)", "name": "Soil organic carbon", "description": "Identifies organic carbon density in the topsoil (0\u201330 cm depth)."}, "createdAt": "2019-01-29T15:54:13.358Z", "updatedAt": "2019-02-26T17:14:42.216Z", "status": "published"}}], "vocabulary": [{"id": "55eec37b-e491-447f-b0d2-b8d5b7acdaf7", "type": "vocabulary", "attributes": {"resource": {"id": "55eec37b-e491-447f-b0d2-b8d5b7acdaf7", "type": "dataset"}, "tags": ["climate", "carbonDensity"], "name": "categoryTab", "application": "gfw"}}]}}