{"id": "588f2f1f-cc62-46aa-9859-befa031412ca", "type": "dataset", "attributes": {"name": "Land Cover", "slug": "Land-Cover", "type": "raster", "subtitle": null, "application": ["gfw"], "dataPath": null, "attributesPath": null, "connectorType": "wms", "provider": "wms", "userId": "59db4eace9c1380001d6e4c3", "connectorUrl": "https://s3.amazonaws.com/wri-tiles/global-landcover/{z}/{x}/{y}.png", "tableName": null, "status": "saved", "published": true, "overwrite": false, "verified": false, "blockchain": {}, "mainDateField": null, "env": "production", "geoInfo": false, "protected": true, "legend": {"date": [], "region": [], "country": [], "nested": []}, "clonedHost": {}, "errorMessage": null, "taskId": null, "updatedAt": "2018-11-21T14:03:08.261Z", "dataLastUpdated": null, "widgetRelevantProps": [], "layerRelevantProps": [], "layer": [{"id": "c09767f5-0ff0-419b-a21b-1b0b06f4745f", "type": "layer", "attributes": {"name": "Land cover - 2015", "slug": "Land-Cover", "dataset": "588f2f1f-cc62-46aa-9859-befa031412ca", "description": "Shows the global distribution of land cover in 2015.", "application": ["gfw"], "iso": [], "provider": "leaflet", "userId": "59db4eace9c1380001d6e4c3", "default": false, "protected": true, "published": true, "env": "production", "layerConfig": {"body": {"maxNativeZoom": 10, "maxzoom": 16, "minzoom": 2, "url": "https://s3.amazonaws.com/wri-tiles/global-landcover/{z}/{x}/{y}.png"}, "params_config": [{"default": 9, "key": "dataMaxZoom", "required": true}], "service": "leaflet", "type": "tileLayer"}, "legendConfig": {"type": "basic", "items": [{"color": "#D2A965", "name": "Agriculture"}, {"color": "#157764", "name": "Forest"}, {"color": "#CCDB98", "name": "Grassland"}, {"color": "#596B2C", "name": "Shrubland"}, {"color": "#D5C998", "name": "Sparse vegetation"}, {"color": "#2789D4", "name": "Wetland"}, {"color": "#E9462B", "name": "Settlement"}, {"color": "#F6F0EA", "name": "Bare"}, {"color": "#A3DCFF", "name": "Water"}, {"color": "#FFFFFF", "name": "Permanent snow and ice"}]}, "interactionConfig": {}, "applicationConfig": {"active": true, "default": true, "global": true, "menuPosition": 3, "metadata": "global_landcover_2015", "multiConfig": {"group": "extent", "label": "Extent", "position": 1}, "selectorConfig": {"group": "extent", "groupSentence": "Mangrove {selector}", "label": "1996", "position": 1, "sentence": "During {selector}"}}, "staticImageConfig": {}, "updatedAt": "2019-03-07T09:39:35.242Z"}}], "metadata": [{"id": "5b64554e91b07b0012a534e1", "type": "metadata", "attributes": {"dataset": "588f2f1f-cc62-46aa-9859-befa031412ca", "application": "gfw", "resource": {"id": "588f2f1f-cc62-46aa-9859-befa031412ca", "type": "dataset"}, "language": "en", "info": {"description": "Shows the global distribution of land cover in 2015.", "name": "Land cover", "color": "#a0c746", "citation": "ESA/UCLouvain, 2015"}, "createdAt": "2018-08-03T13:14:54.261Z", "updatedAt": "2018-11-06T15:58:03.617Z", "status": "published"}}], "vocabulary": [{"id": "588f2f1f-cc62-46aa-9859-befa031412ca", "type": "vocabulary", "attributes": {"resource": {"id": "588f2f1f-cc62-46aa-9859-befa031412ca", "type": "dataset"}, "tags": ["landCover"], "name": "categoryTab", "application": "gfw"}}]}}