{"id": "6d663b23-5ed8-4d1a-85ff-6cb04d9812d6", "type": "dataset", "attributes": {"name": "Indonesia Forest Area", "slug": "Indonesia-Forest-Area", "type": null, "subtitle": null, "application": ["gfw"], "dataPath": null, "attributesPath": null, "connectorType": "rest", "provider": "cartodb", "userId": "59db4eace9c1380001d6e4c3", "connectorUrl": "https://wri-01.carto.com/tables/kawasan_hutan_092017", "tableName": "kawasan_hutan_092017", "status": "saved", "published": true, "overwrite": false, "verified": false, "blockchain": {}, "mainDateField": null, "env": "production", "geoInfo": false, "protected": true, "legend": {"date": [], "region": [], "country": [], "nested": []}, "clonedHost": {}, "errorMessage": "", "taskId": null, "updatedAt": "2018-11-21T14:02:56.754Z", "dataLastUpdated": null, "widgetRelevantProps": [], "layerRelevantProps": [], "layer": [{"id": "c28255e0-75eb-4d8f-a260-a7303fb566f8", "type": "layer", "attributes": {"name": "Indonesia forest area", "slug": "Indonesia-Forest-Area", "dataset": "6d663b23-5ed8-4d1a-85ff-6cb04d9812d6", "description": "Indicates the Indonesian government\u2019s designation of legal forest area.", "application": ["gfw"], "iso": ["IDN"], "provider": "cartodb", "userId": "59db4eace9c1380001d6e4c3", "default": false, "protected": true, "published": true, "env": "production", "layerConfig": {"account": "wri-01", "body": {"layers": [{"options": {"cartocss": "#forest_area[fungsikawa=1], #forest_area[fungsikawa=1002], #forest_area[fungsikawa=10021], #forest_area[fungsikawa=10022], #forest_area[fungsikawa=10023], #forest_area[fungsikawa=10024], #forest_area[fungsikawa=10025], #forest_area[fungsikawa=10026], #forest_area[fungsikawa=100201],{ polygon-fill: #FEA189; polygon-opacity: 0.9; line-color: #FFF; line-width: 0.5; line-opacity: 0.2;} #forest_area[fungsikawa=100202], #forest_area[fungsikawa=100251], #forest_area[fungsikawa=100241], #forest_area[fungsikawa=100221], #forest_area[fungsikawa=100211] { polygon-fill: #FF00FF; polygon-opacity: 0.1; line-color: #FF00FF; line-width: 1.5; line-opacity: 0.9;} #forest_area[fungsikawa=1001],{ polygon-fill: #00ff7b; polygon-opacity: 0.9; line-color: #FFF; line-width: 0.5; line-opacity: 0.2;} #forest_area[fungsikawa=1003],{ polygon-fill: #FFFEAA; polygon-opacity: 0.9; line-color: #FFF; line-width: 0.5; line-opacity: 0.2;} #forest_area[fungsikawa=1004],{ polygon-fill: #FFA7C0; polygon-opacity: 0.9; line-color: #FFF; line-width: 0.5; line-opacity: 0.2;} #forest_area[fungsikawa=1005],{ polygon-fill: #FFA9A9; polygon-opacity: 0.9; line-color: #FFF; line-width: 0.5; line-opacity: 0.2;} #forest_area[fungsikawa=1007],{ polygon-fill: #D8D8D8; polygon-opacity: 0.9; line-color: #FFF; line-width: 0.5; line-opacity: 0.2;}", "cartocss_version": "2.3.0", "sql": "SELECT the_geom_webmercator, fungsikawa, legend_en as name, cartodb_id FROM kawasan_hutan_092017"}, "type": "cartodb"}], "maxzoom": 19, "minzoom": 2, "vectorLayers": [{"filter": ["all", ["in", "fungsikawa", 1, 1002, 10021, 10022, 10023, 10024, 10025, 10026, 100201]], "paint": {"fill-color": "#FEA189", "fill-opacity": 0.9}, "source-layer": "layer0", "type": "fill"}, {"filter": ["all", ["in", "fungsikawa", 1, 1002, 10021, 10022, 10023, 10024, 10025, 10026, 100201]], "paint": {"line-color": "#FFF", "line-opacity": 0.2, "line-width": 0.5}, "source-layer": "layer0", "type": "line"}, {"filter": ["all", ["in", "fungsikawa", 100202, 100251, 100241, 100221, 100211]], "paint": {"fill-color": "transparent", "fill-opacity": 0.3}, "source-layer": "layer0", "type": "fill"}, {"filter": ["all", ["in", "fungsikawa", 100202, 100251, 100241, 100221, 100211]], "paint": {"line-color": "#FF00FF", "line-opacity": 0.9, "line-width": 1.5}, "source-layer": "layer0", "type": "line"}, {"filter": ["all", ["==", "fungsikawa", 1001]], "paint": {"fill-color": "#00ff7b", "fill-opacity": 0.9}, "source-layer": "layer0", "type": "fill"}, {"filter": ["all", ["==", "fungsikawa", 1001]], "paint": {"line-color": "#00ff7b", "line-opacity": 0.2, "line-width": 0.5}, "source-layer": "layer0", "type": "line"}, {"filter": ["all", ["==", "fungsikawa", 1003]], "paint": {"fill-color": "#FFFEAA", "fill-opacity": 0.9}, "source-layer": "layer0", "type": "fill"}, {"filter": ["all", ["==", "fungsikawa", 1003]], "paint": {"line-color": "#FFFEAA", "line-opacity": 0.2, "line-width": 0.5}, "source-layer": "layer0", "type": "line"}, {"filter": ["all", ["==", "fungsikawa", 1004]], "paint": {"fill-color": "#FFA7C0", "fill-opacity": 0.9}, "source-layer": "layer0", "type": "fill"}, {"filter": ["all", ["==", "fungsikawa", 1004]], "paint": {"line-color": "#FFA7C0", "line-opacity": 0.2, "line-width": 0.5}, "source-layer": "layer0", "type": "line"}, {"filter": ["all", ["==", "fungsikawa", 1005]], "paint": {"fill-color": "#FFA9A9", "fill-opacity": 0.9}, "source-layer": "layer0", "type": "fill"}, {"filter": ["all", ["==", "fungsikawa", 1005]], "paint": {"line-color": "#FFA9A9", "line-opacity": 0.2, "line-width": 0.5}, "source-layer": "layer0", "type": "line"}, {"filter": ["all", ["==", "fungsikawa", 1007]], "paint": {"fill-color": "#D8D8D8", "fill-opacity": 0.9}, "source-layer": "layer0", "type": "fill"}, {"filter": ["all", ["==", "fungsikawa", 1007]], "paint": {"line-color": "#D8D8D8", "line-opacity": 0.2, "line-width": 0.5}, "source-layer": "layer0", "type": "line"}]}}, "legendConfig": {"type": "basic", "items": [{"color": "#FEA189", "name": "Sanctuary reserve/nature conservation area "}, {"color": "#FF00FF", "name": "Marine protected area"}, {"color": "#00ff7b", "name": "Protected forest"}, {"color": "#FFFEAA", "name": "Limited production forest"}, {"color": "#FFA7C0", "name": "Production forest"}, {"color": "#D8D8D8", "name": "Other utilization area"}]}, "interactionConfig": {}, "applicationConfig": {"active": true, "default": true, "global": false, "metadata": "idn_forest_area"}, "staticImageConfig": {}, "updatedAt": "2019-03-08T17:31:49.201Z"}}], "metadata": [{"id": "5b64554b91b07b0012a534df", "type": "metadata", "attributes": {"dataset": "6d663b23-5ed8-4d1a-85ff-6cb04d9812d6", "application": "gfw", "resource": {"id": "6d663b23-5ed8-4d1a-85ff-6cb04d9812d6", "type": "dataset"}, "language": "en", "info": {"name": "Indonesia forest area", "color": "#a0c746", "description": "Identifies the location of intact and degraded primary forests across Indonesia for the year 2000.", "citation": "2000"}, "createdAt": "2018-08-03T13:14:51.752Z", "updatedAt": "2018-11-06T15:58:01.238Z", "status": "published"}}], "vocabulary": [{"id": "6d663b23-5ed8-4d1a-85ff-6cb04d9812d6", "type": "vocabulary", "attributes": {"resource": {"id": "6d663b23-5ed8-4d1a-85ff-6cb04d9812d6", "type": "dataset"}, "tags": ["landUse"], "name": "categoryTab", "application": "gfw"}}]}}