{"id": "795633ea-88ba-4019-b4ed-d9575886e8ee", "type": "dataset", "attributes": {"name": "Liberia Mineral Exploration Licenses", "slug": "Liberia-Mineral-Exploration-Licenses", "type": null, "subtitle": null, "application": ["gfw"], "dataPath": null, "attributesPath": null, "connectorType": "rest", "provider": "cartodb", "userId": "59db4eace9c1380001d6e4c3", "connectorUrl": "https://wri-01.carto.com/tables/lbr_mineral_exploration_license", "tableName": "lbr_mineral_exploration_license", "status": "saved", "published": true, "overwrite": false, "verified": false, "blockchain": {}, "mainDateField": null, "env": "production", "geoInfo": false, "protected": true, "legend": {"date": [], "region": [], "country": [], "nested": []}, "clonedHost": {}, "errorMessage": "", "taskId": null, "updatedAt": "2018-11-21T14:02:33.370Z", "dataLastUpdated": null, "widgetRelevantProps": [], "layerRelevantProps": [], "layer": [{"id": "f8f8bc4d-7a6e-4152-95ed-b20fd572861b", "type": "layer", "attributes": {"name": "Liberia mineral exploration licenses", "slug": "Liberia-Mineral-Exploration-Licenses", "dataset": "795633ea-88ba-4019-b4ed-d9575886e8ee", "description": "The Mineral Exploration Licenses data set was compiled by AidData who collected information from the Liberia Extractive Industries Transparency Initiative, Liberia National Concessions Portal, and the Liberia Mining Cadastre Administration System.", "application": ["gfw"], "iso": ["LBR"], "provider": "cartodb", "userId": "59db4eace9c1380001d6e4c3", "default": true, "protected": true, "published": true, "env": "production", "layerConfig": {"account": "wri-01", "body": {"layers": [{"options": {"cartocss": "/** simple visualization */ #lbr_mineral_exploration_license[contractst='Active']{ polygon-fill: #b15928; line-color: #b15928; line-clip: false; polygon-clip: false; } #lbr_mineral_exploration_license[contractst='Pending']{ polygon-fill: #FCBE89; line-color: #FCBE89; line-clip: false; polygon-clip: false; }", "cartocss_version": "2.3.0", "sql": "SELECT cartodb_id, the_geom_webmercator, hectares::numeric as area_ha, datesign, source, resources, contractsi, duration, contractst, agency, pcompcount, pcompany, company, title as name FROM lbr_mineral_exploration_license"}, "type": "cartodb"}], "maxzoom": 19, "minzoom": 2, "vectorLayers": [{"filter": ["all", ["==", "contractst", "Active"]], "paint": {"fill-color": "#b15928"}, "source-layer": "layer0", "type": "fill"}, {"filter": ["all", ["==", "contractst", "Active"]], "paint": {"line-color": "#b15928"}, "source-layer": "layer0", "type": "line"}, {"filter": ["all", ["==", "contractst", "Pending"]], "paint": {"fill-color": "#FCBE89"}, "source-layer": "layer0", "type": "fill"}, {"filter": ["all", ["==", "contractst", "Pending"]], "paint": {"line-color": "#FCBE89"}, "source-layer": "layer0", "type": "line"}]}}, "legendConfig": {"type": "basic", "items": [{"color": "#b15928", "name": "Active"}, {"color": "#FCBE89", "name": "Proposed"}]}, "interactionConfig": {}, "applicationConfig": {"default": true, "active": true, "global": false, "metadata": "lbr_mineral_exploration_license"}, "staticImageConfig": {}, "updatedAt": "2019-03-08T15:42:07.627Z"}}], "metadata": [{"id": "5b645545c96e1e0011f1e38e", "type": "metadata", "attributes": {"dataset": "795633ea-88ba-4019-b4ed-d9575886e8ee", "application": "gfw", "resource": {"id": "795633ea-88ba-4019-b4ed-d9575886e8ee", "type": "dataset"}, "language": "en", "info": {"name": "Liberia mineral exploration licenses", "description": "", "color": "#12724C", "citation": ""}, "createdAt": "2018-08-03T13:14:45.660Z", "updatedAt": "2018-11-06T15:57:55.359Z", "status": "published"}}], "vocabulary": [{"id": "795633ea-88ba-4019-b4ed-d9575886e8ee", "type": "vocabulary", "attributes": {"resource": {"id": "795633ea-88ba-4019-b4ed-d9575886e8ee", "type": "dataset"}, "tags": ["landUse", "concessions"], "name": "categoryTab", "application": "gfw"}}]}}