{"id": "7d3465f8-5959-4531-aaf2-c9a8a03183b3", "type": "dataset", "attributes": {"name": "bio.006 BirdLife Endemic Bird Areas", "slug": "BirdLife-Endemic-Bird-Areas", "type": "tabular", "subtitle": null, "application": ["rw"], "dataPath": null, "attributesPath": null, "connectorType": "rest", "provider": "cartodb", "userId": "58333dcfd9f39b189ca44c75", "connectorUrl": "https://wri-01.carto.com/tables/endemic_bird_areas/table", "tableName": "endemic_bird_areas", "status": "saved", "published": true, "overwrite": false, "verified": false, "blockchain": {}, "subscribable": {}, "mainDateField": null, "env": "production", "geoInfo": true, "protected": false, "legend": {"date": [], "region": [], "country": [], "nested": []}, "clonedHost": {}, "errorMessage": null, "taskId": null, "updatedAt": "2018-09-07T18:31:11.480Z", "dataLastUpdated": null, "widgetRelevantProps": ["ebaname", "ebaaltmin", "ebaaltmax", "ebaarea"], "layerRelevantProps": ["the_geom", "the_geom_webmercator", "ebaname", "ebaaltmin", "ebaaltmax", "ebaarea"], "layer": [{"id": "70bc182f-0e3d-42f4-8313-f6fc45416ffc", "type": "layer", "attributes": {"name": "2014 Endemic Bird Areas", "slug": "birdlife-endemic-bird-areas", "dataset": "7d3465f8-5959-4531-aaf2-c9a8a03183b3", "description": "Displays areas where the geographic range of 2 or more endemic bird species overlaps in 2014. Endemism is the ecological state of a species being unique to a defined geographic location, such as an island, nation, country or other defined zone, or habitat type.", "application": ["rw"], "iso": [""], "provider": "cartodb", "userId": "58333dcfd9f39b189ca44c75", "default": true, "protected": false, "published": true, "env": "production", "layerConfig": {"body": {"layers": [{"options": {"cartocss_version": "2.3.0", "cartocss": "#endemic_bird_areas{  polygon-fill: #fff400;  polygon-opacity: 0.7;  line-color: #fff400;  line-width:0.5 ;  line-opacity: 1;}", "sql": "SELECT * FROM endemic_bird_areas"}, "type": "cartodb"}], "minzoom": 3, "maxzoom": 18}, "account": "wri-01"}, "legendConfig": {"items": [{"color": "#fff400", "name": "Endemic bird areas"}], "type": "basic"}, "interactionConfig": {"output": [{"column": "ebaname", "format": null, "prefix": "", "property": "Name", "suffix": "", "type": "string"}, {"column": "ebaarea", "format": "0,0", "prefix": "", "property": "Area", "suffix": " ha", "type": "number"}, {"column": "ebaaltmin", "format": null, "property": "Min Elevation", "suffix": "m", "type": "number"}, {"column": "ebaaltmax", "format": null, "property": "Max Elevation", "suffix": "m", "type": "number"}]}, "applicationConfig": {"default": true, "active": true, "global": true, "metadata": "endemic_bird_areas"}, "staticImageConfig": {}, "updatedAt": "2019-02-05T20:24:18.679Z"}}, {"id": "0feb5b38-f624-4349-912b-dd68909c96e7", "type": "layer", "attributes": {"name": "2014 Endemic Bird Areas", "slug": "2014-Endemic-Bird-Areas_2", "dataset": "7d3465f8-5959-4531-aaf2-c9a8a03183b3", "application": ["gfw"], "iso": [""], "userId": "59db4eace9c1380001d6e4c3", "default": false, "protected": false, "published": true, "env": "production", "layerConfig": {"account": "wri-01", "body": {"maxzoom": 18, "minzoom": 3, "layers": [{"type": "cartodb", "options": {"sql": "SELECT * FROM endemic_bird_areas", "cartocss": "#endemic_bird_areas{  polygon-fill: #075e03;  polygon-opacity: 0.7;  line-color: #006d2c;  line-width:0.5 ;  line-opacity: 1;}", "cartocss_version": "2.3.0"}}]}}, "legendConfig": {"type": "basic", "items": [{"name": "Endemic bird areas", "color": "#075e03"}]}, "interactionConfig": {"output": [{"type": "string", "suffix": "", "property": "Name", "prefix": "", "format": null, "column": "ebaname"}, {"type": "number", "suffix": " ha", "property": "Area", "prefix": "", "format": "0,0", "column": "ebaarea"}, {"type": "number", "suffix": "m", "property": "Min Elevation", "format": null, "column": "ebaaltmin"}, {"type": "number", "suffix": "m", "property": "Max Elevation", "format": null, "column": "ebaaltmax"}]}, "applicationConfig": {"metadata": "endemic_bird_areas", "global": true, "active": true, "default": true}, "staticImageConfig": {}, "updatedAt": "2018-08-10T07:45:59.878Z"}}], "metadata": [{"id": "59d538fc66b9630011465ecb", "type": "metadata", "attributes": {"dataset": "7d3465f8-5959-4531-aaf2-c9a8a03183b3", "application": "rw", "resource": {"id": "7d3465f8-5959-4531-aaf2-c9a8a03183b3", "type": "dataset"}, "language": "en", "name": "Endemic Bird Areas", "description": "While many bird species are widespread, over 2,500 are endemic and restricted to an area smaller than 5 million ha (restricted-range species). Endemism is the ecological state of a species being unique to a defined geographic location, such as an island, nation, country or other defined zone, or habitat type. BirdLife International has mapped every restricted-range species using georeferenced locality records. Through this process, it identified 218 regions of the world\u2014known as endemic bird areas (EBAs)\u2014where the distributions of 2 or more of these species overlap. Half of all restricted-range species are globally threatened or near-threatened, and the other half remain vulnerable to loss or degradation of habitat. The majority of EBAs are also important for the conservation of restricted-range species from other animal and plant groups.   \n  \nThe unique landscapes where these bird species occur, amounting to just 4.5% of the Earth's land surface, are high priorities for broad-scale ecosystem conservation. Geographically, EBAs are often islands or mountain ranges and vary considerably in size, from a few hundred ha to more than 10 million ha. EBAs also vary in the number of restricted-range species that they support (from 2 to 80). EBAs are found around the world, but most (77%) of them are located in the tropics and subtropics. Resource Watch shows only a subset of the data set. For access to the full data set and additional information, see the Learn More link.", "source": "BirdLife International", "info": {"rwId": "bio.006", "data_type": "Vector", "name": "Endemic Bird Areas", "sources": [{"source-name": "BirdLife International", "id": 0, "source-description": ""}], "technical_title": "Endemic Bird Areas of the World: Priorities for Biodiversity Conservation", "functions": "Areas where the geographic range of 2 or more restricted-range bird species overlaps", "cautions": "The number of EBAs having a combination of severe/major habitat loss and a small proportion (0-20%) of threatened/extinct restricted-range species is fewer than would occur by chance. This is perhaps because habitat loss has been used to infer threatened status of some poorly known species in some of these EBAs. Approximately two-thirds of the 218 EBAs are not well-sampled: 50% of EBAs are judged to be incompletely known and 17% are considered to be poorly known.", "citation": "Ramirez, Francisco, Isabel Afan, Lloyd S. Davis, and Andre Chiaradia. 2017. \u201cClimate Impacts on Global Hotspots of Marine Biodiversity.\" Science Advances 3(2). http://hdl.handle.net/10261/142056.Accessed through Resource Watch, (date). [www.resourcewatch.org](www.resourcewatch.org).", "license": "Restrictions apply", "license_link": "http://datazone.birdlife.org/info/dataterms", "geographic_coverage": "Global", "spatial_resolution": null, "date_of_content": "2014", "frequency_of_updates": "Annual", "learn_more_link": "http://datazone.birdlife.org/eba", "data_download_link": null, "data_download_original_link": "http://datazone.birdlife.org/site/requestgis"}, "columns": {"ebaaltmax": {"alias": "Maximum Altitude"}, "ebaaltmin": {"alias": "Minimum Altitude"}, "ebatype": {"alias": "Type"}, "ebaname": {"alias": "Name"}, "ebaarea": {"alias": "Area (ha)", "description": "Area in hectares"}}, "createdAt": "2017-10-04T19:39:40.860Z", "updatedAt": "2019-04-09T19:53:45.721Z", "status": "published"}}], "vocabulary": [{"id": "7d3465f8-5959-4531-aaf2-c9a8a03183b3", "type": "vocabulary", "attributes": {"resource": {"id": "7d3465f8-5959-4531-aaf2-c9a8a03183b3", "type": "dataset"}, "tags": ["geospatial", "global", "bird", "biodiversity", "conservation", "historical", "vector"], "name": "knowledge_graph", "application": "rw"}}]}}