{"id": "853ba748-f980-40d7-b0d8-d9b0fb5d748c", "type": "dataset", "attributes": {"name": "Indonesia Forest Moratorium", "slug": "Indonesia-Forest-Moratorium_1", "type": null, "subtitle": null, "application": ["gfw"], "dataPath": null, "attributesPath": null, "connectorType": "rest", "provider": "cartodb", "userId": "59db4eace9c1380001d6e4c3", "connectorUrl": "https://wri-01.carto.com/tables/idn_forest_moratorium", "tableName": "forest_moratorium_15", "status": "saved", "published": true, "overwrite": false, "verified": false, "blockchain": {}, "mainDateField": null, "env": "production", "geoInfo": false, "protected": true, "legend": {"date": [], "region": [], "country": [], "nested": []}, "clonedHost": {}, "errorMessage": "", "taskId": null, "updatedAt": "2019-01-25T09:42:26.079Z", "dataLastUpdated": null, "widgetRelevantProps": [], "layerRelevantProps": [], "layer": [{"id": "f58ad702-ea23-4bf3-bfd8-68d2eed8a357", "type": "layer", "attributes": {"name": "Indonesia forest moratorium - 2018", "slug": "Indonesia-Forest-Moratorium", "dataset": "853ba748-f980-40d7-b0d8-d9b0fb5d748c", "description": "Indicates the area of Indonesia\u2019s moratorium against new forest concessions, designed to protect Indonesia\u2019s peat lands and primary natural forests from future development.", "application": ["gfw"], "iso": ["IDN"], "provider": "cartodb", "userId": "59db4eace9c1380001d6e4c3", "default": false, "protected": true, "published": true, "env": "production", "layerConfig": {"account": "wri-01", "body": {"layers": [{"options": {"cartocss": "#forest_moratorium_15 { polygon-opacity: 0.7; line-color: #FFF; line-width: 1; line-opacity: 0.0; } #forest_moratorium_15[mor_area=\"Forest Legal\"] { polygon-fill: #aa7c5d; } #forest_moratorium_15[mor_area=\"Peatland\"] { polygon-fill: #aaa35d; } #forest_moratorium_15[mor_area=\"Primary Forest\"] { polygon-fill: #aa5d65; }", "cartocss_version": "2.3.0", "sql": "SELECT *, (ST_AREA(the_geom_webmercator)*1e-4)::int AS area_ha FROM forest_moratorium_15"}, "type": "cartodb"}], "maxzoom": 19, "minzoom": 2, "vectorLayers": [{"filter": ["all", ["==", "mor_area", "Forest Legal"]], "paint": {"fill-color": "#aa7c5d", "fill-opacity": 0.7}, "source-layer": "layer0", "type": "fill"}, {"filter": ["all", ["==", "mor_area", "Peatland"]], "paint": {"fill-color": "#aaa35d", "fill-opacity": 0.7}, "source-layer": "layer0", "type": "fill"}, {"filter": ["all", ["==", "mor_area", "Primary Forest"]], "paint": {"fill-color": "#aa5d65", "fill-opacity": 0.7}, "source-layer": "layer0", "type": "fill"}]}}, "legendConfig": {"items": [{"color": "#aa7c5d", "name": "Forest Legal"}, {"color": "#aaa35d", "name": "Peatland"}, {"color": "#aa5d65", "name": "Primary Forest"}], "type": "basic"}, "interactionConfig": {"output": [{"column": "island", "format": null, "property": "Island", "type": "string"}, {"column": "province", "format": null, "property": "Province", "type": "string"}, {"column": "mor_area", "format": null, "property": "Forest Type", "type": "string"}, {"column": "cartodb_id", "format": null, "hidden": true, "property": "cartodb_id", "type": "number"}, {"column": "the_geom_webmercator", "format": "json", "hidden": true, "property": "the_geom", "type": "json"}], "type": "intersection"}, "applicationConfig": {"active": true, "default": true, "global": false, "metadata": "idn_forest_moratorium"}, "staticImageConfig": {}, "updatedAt": "2019-03-08T16:13:19.521Z"}}], "metadata": [{"id": "5b645548b6baae001154d1a8", "type": "metadata", "attributes": {"dataset": "853ba748-f980-40d7-b0d8-d9b0fb5d748c", "application": "gfw", "resource": {"id": "853ba748-f980-40d7-b0d8-d9b0fb5d748c", "type": "dataset"}, "language": "en", "info": {"name": "Indonesia forest moratorium", "description": "Indicates the area of Indonesia\u2019s moratorium against new forest concessions, designed to protect Indonesia\u2019s peat lands and primary natural forests from future development.", "color": "#12724C", "citation": ""}, "createdAt": "2018-08-03T13:14:48.485Z", "updatedAt": "2018-11-06T15:57:58.255Z", "status": "published"}}], "vocabulary": [{"id": "853ba748-f980-40d7-b0d8-d9b0fb5d748c", "type": "vocabulary", "attributes": {"resource": {"id": "853ba748-f980-40d7-b0d8-d9b0fb5d748c", "type": "dataset"}, "tags": ["landUse", "concessions"], "name": "categoryTab", "application": "gfw"}}]}}