{"id": "85f82851-e16e-4126-a630-93bb63d4ef42", "type": "dataset", "attributes": {"name": "Terra I alerts summarized by admin 1 boundary from GADM2.8", "slug": "Terra-I-alerts-summarized-by-admin-1-boundary-from-GADM28-1490086842463", "type": null, "subtitle": null, "application": ["gfw"], "dataPath": "data", "attributesPath": null, "connectorType": "document", "provider": "json", "userId": "57bc261cf098ce9800798768", "connectorUrl": "http://gfw2-data.s3.amazonaws.com/country-pages/terrai_gadm1_boundary.json", "tableName": "index_85f82851e16e4126a63093bb63d4ef42_1523880940650", "status": "saved", "published": true, "overwrite": true, "verified": false, "blockchain": {}, "mainDateField": null, "env": "production", "geoInfo": false, "protected": true, "legend": {"date": [], "region": [], "country": [], "nested": []}, "clonedHost": {}, "errorMessage": "", "taskId": "/v1/doc-importer/task/c0d1f7cb-2db9-4971-988b-6be6009b5a96", "updatedAt": "2018-11-21T13:54:57.141Z", "dataLastUpdated": null, "metadata": [], "layer": [], "widgetRelevantProps": [], "layerRelevantProps": [], "vocabulary": [{"id": "85f82851-e16e-4126-a630-93bb63d4ef42", "type": "vocabulary", "attributes": {"resource": {"id": "85f82851-e16e-4126-a630-93bb63d4ef42", "type": "dataset"}, "tags": ["forestChange"], "name": "categoryTab", "application": "gfw"}}]}}