{"id": "89755b9f-df05-4e22-a9bc-05217c8eafc8", "type": "dataset", "attributes": {"name": "Tree Cover Loss by Dominant Driver", "slug": "Tree-Cover-Loss-by-Dominant-Driver", "type": null, "subtitle": null, "application": ["gfw"], "dataPath": null, "attributesPath": null, "connectorType": "rest", "provider": "gee", "userId": "59db4eace9c1380001d6e4c3", "connectorUrl": null, "tableName": "projects/wri-datalab/HansenComposite_17", "status": "saved", "published": true, "overwrite": false, "verified": false, "blockchain": {}, "mainDateField": null, "env": "production", "geoInfo": false, "protected": false, "legend": {"date": [], "region": [], "country": [], "nested": []}, "clonedHost": {}, "errorMessage": "", "taskId": null, "updatedAt": "2018-12-04T11:23:41.998Z", "dataLastUpdated": null, "widgetRelevantProps": [], "layerRelevantProps": [], "layer": [{"id": "fd05bc2c-6ade-408c-862e-7318557dd4fc", "type": "layer", "attributes": {"name": "Tree cover loss by dominant driver", "slug": "Tree-cover-loss-by-dominant-driver", "dataset": "89755b9f-df05-4e22-a9bc-05217c8eafc8", "description": "Shows deforestation categorised by driver.", "application": ["gfw"], "iso": [], "provider": "leaflet", "userId": "59db4eace9c1380001d6e4c3", "default": false, "protected": false, "published": true, "env": "production", "layerConfig": {"body": {"format": "image/png", "maxzoom": 4, "minzoom": 2, "options": {"useCors": true}, "url": "https://storage.googleapis.com/wri-public/lossyear_classification_map/2017/gfw/tiles/hansen_world/v2/tc{thresh}/{z}/{x}/{y}.png"}, "decode_config": [{"default": "2001-01-01", "key": "startDate", "required": true}, {"default": "2015-12-31", "key": "endDate", "required": true}], "params_config": [{"default": 4, "key": "dataMaxZoom", "required": true}, {"default": 30, "key": "thresh", "required": true}], "service": "leaflet", "timeline_config": {"dateFormat": "YYYY", "interval": "years", "speed": 250, "step": 1}, "type": "tileLayer"}, "legendConfig": {"items": [{"name": "Commodity driven deforestation", "color": "#F41D36"}, {"name": "Shifting agriculture", "color": "#F4DB5A"}, {"name": "Forestry", "color": "#2FBF71"}, {"name": "Wildfire", "color": "#ad6824"}, {"name": "Urbanization", "color": "#B235CC"}], "type": "basic"}, "interactionConfig": {}, "applicationConfig": {"active": true, "analysisConfig": [{"key": "loss", "service": "umd-loss-gain", "type": "geostore", "unit": "ha", "version": "v1"}, {"key": "totals", "service": "umd-loss-gain", "subKey": "loss", "type": "admin", "unit": "ha", "version": "v3"}], "default": true, "global": true, "metadata": "tsc_drivers"}, "staticImageConfig": {}, "updatedAt": "2019-04-02T15:15:16.724Z"}}], "metadata": [{"id": "5c054df4e1844800106b2cf1", "type": "metadata", "attributes": {"dataset": "89755b9f-df05-4e22-a9bc-05217c8eafc8", "application": "gfw", "resource": {"id": "89755b9f-df05-4e22-a9bc-05217c8eafc8", "type": "dataset"}, "language": "en", "info": {"citation": "2001-2015, 10km, global, Hansen/UMD/Google/USGS/NASA", "color": "#fe6598", "description": "Shows the dominant driver of tree cover loss within each 10 km grid cell and the intensity of that loss for the time period 2001-2015.", "isLossLayer": true, "name": "Tree cover loss by dominant driver"}, "createdAt": "2018-12-03T15:38:28.643Z", "updatedAt": "2018-12-04T11:28:59.307Z", "status": "published"}}], "vocabulary": [{"id": "89755b9f-df05-4e22-a9bc-05217c8eafc8", "type": "vocabulary", "attributes": {"resource": {"id": "89755b9f-df05-4e22-a9bc-05217c8eafc8", "type": "dataset"}, "tags": ["forestChange", "treeCoverChange"], "name": "categoryTab", "application": "gfw"}}]}}