{"id": "897ecc76-2308-4c51-aeb3-495de0bdca79", "type": "dataset", "attributes": {"name": "Tree Cover Loss", "slug": "Tree-Cover-Loss-2017", "type": "tabular", "subtitle": null, "application": ["gfw"], "dataPath": null, "attributesPath": null, "connectorType": "rest", "provider": "gee", "userId": "59db4eace9c1380001d6e4c3", "connectorUrl": null, "tableName": "projects/wri-datalab/HansenComposite_17", "status": "saved", "published": true, "overwrite": false, "verified": false, "blockchain": {}, "subscribable": {}, "mainDateField": null, "env": "production", "geoInfo": false, "protected": true, "legend": {"date": [], "region": [], "country": [], "nested": []}, "clonedHost": {}, "errorMessage": "", "taskId": null, "updatedAt": "2018-12-13T04:01:45.924Z", "dataLastUpdated": null, "widgetRelevantProps": [], "layerRelevantProps": [], "layer": [{"id": "c3075c5a-5567-4b09-bc0d-96ed1673f8b6", "type": "layer", "attributes": {"name": "Tree cover loss", "slug": "Tree-Cover-Loss-2017", "dataset": "897ecc76-2308-4c51-aeb3-495de0bdca79", "description": "Tree Cover Loss", "application": ["gfw"], "iso": [], "provider": "leaflet", "userId": "59db4eace9c1380001d6e4c3", "default": true, "protected": true, "published": true, "env": "production", "layerConfig": {"body": {"format": "image/png", "maxzoom": 12, "metadata": "https://production-api.globalforestwatch.org/v1/gfw-metadata/tree_cover_loss", "minzoom": 2, "options": {"useCors": true}, "url": "https://storage.googleapis.com/wri-public/Hansen17/tiles/hansen_world/v1/tc{thresh}/{z}/{x}/{y}.png"}, "decode_config": [{"default": "2001-01-01", "key": "startDate", "required": true}, {"default": "2017-12-31", "key": "endDate", "required": true}], "params_config": [{"default": 12, "key": "dataMaxZoom", "required": true}, {"default": 30, "key": "thresh", "required": true}], "timeline_config": {"dateFormat": "YYYY", "interval": "years", "speed": 250, "step": 1}, "type": "tileLayer"}, "legendConfig": {"items": [{"dataMaxZoom": 12, "threshold": 30, "color": "#DC6C9A", "name": "Tree cover loss", "source": "(annual, 30m, global, Hansen/UMD/Google/USGS/NASA)", "notes": ["Displaying loss with {thresh} canopy density.", "Tree cover loss is not always deforestation."]}], "type": "basic"}, "interactionConfig": {}, "applicationConfig": {"active": true, "analysisConfig": [{"key": "loss", "service": "umd-loss-gain", "type": "geostore", "unit": "ha", "version": "v1"}, {"key": "totals", "service": "umd-loss-gain", "subKey": "loss", "type": "admin", "unit": "ha", "version": "v3"}], "default": true, "global": true, "metadata": "tree_cover_loss", "subscriptionKey": "umd-loss-gain"}, "staticImageConfig": {}, "updatedAt": "2019-04-02T15:14:15.639Z"}}, {"id": "dcb082a9-6fd7-4564-9110-ddf5d3d6681e", "type": "layer", "attributes": {"name": "Tree cover loss by dominant driver (DEPRECIATED)", "slug": "Loss-by-TSC-driver", "dataset": "897ecc76-2308-4c51-aeb3-495de0bdca79", "description": "Shows deforestation categorised by driver.", "application": ["gfw"], "iso": [], "provider": "leaflet", "userId": "59db4eace9c1380001d6e4c3", "default": false, "protected": true, "published": false, "env": "production", "layerConfig": {"body": {"format": "image/png", "maxzoom": 12, "minzoom": 2, "options": {"useCors": true}, "url": "https://storage.googleapis.com/wri-public/lossyear_classification_map/2017/gfw/tiles/hansen_world/v2/tc{thresh}/{z}/{x}/{y}.png"}, "decode_config": [{"default": "2001-01-01", "key": "startDate", "required": true}, {"default": "2015-12-31", "key": "endDate", "required": true}], "params_config": [{"default": 4, "key": "dataMaxZoom", "required": true}, {"default": 30, "key": "thresh", "required": true}], "service": "leaflet", "timeline_config": {"dateFormat": "YYYY", "interval": "years", "speed": 250, "step": 1}, "type": "tileLayer"}, "legendConfig": {"type": "basic", "items": [{"color": "#F41D36", "name": "Commodity driven deforestation"}, {"color": "#F4DB5A", "name": "Shifting agriculture"}, {"color": "#2FBF71", "name": "Forestry"}, {"color": "#ad6824", "name": "Wildfire"}, {"color": "#B235CC", "name": "Urbanization"}]}, "interactionConfig": {}, "applicationConfig": {"active": true, "analysisConfig": [{"key": "loss", "service": "umd-loss-gain", "type": "geostore", "unit": "ha", "version": "v1"}, {"key": "total", "service": "umd-loss-gain", "subKey": "loss", "type": "admin", "unit": "ha", "version": "v3"}], "default": false, "global": true, "metadata": "tsc_drivers", "selectorConfig": {"label": "Loss by Driver", "position": 1, "value": "tscLoss"}, "subscriptionKey": "umd-loss-gain"}, "staticImageConfig": {}, "updatedAt": "2019-03-08T13:19:23.410Z"}}], "metadata": [{"id": "5b643872c31667001159baf7", "type": "metadata", "attributes": {"dataset": "897ecc76-2308-4c51-aeb3-495de0bdca79", "application": "gfw", "resource": {"id": "897ecc76-2308-4c51-aeb3-495de0bdca79", "type": "dataset"}, "language": "en", "info": {"citation": "annual, 30m, global, Hansen/UMD/Google/USGS/NASA", "color": "#fe6598", "description": "Identifies areas of gross tree cover loss.", "isLossLayer": true, "name": "Tree cover loss"}, "createdAt": "2018-08-03T11:11:46.931Z", "updatedAt": "2018-12-04T11:27:28.044Z", "status": "published"}}], "vocabulary": [{"id": "897ecc76-2308-4c51-aeb3-495de0bdca79", "type": "vocabulary", "attributes": {"resource": {"id": "897ecc76-2308-4c51-aeb3-495de0bdca79", "type": "dataset"}, "tags": ["forestChange", "treeCoverChange"], "name": "categoryTab", "application": "gfw"}}]}}