{"id": "8f22dec5-2aea-49d6-8a7b-c494dbb8095c", "type": "dataset", "attributes": {"name": "Political boundaries Admin 1 level (GADM 3.6)", "slug": "Political-boundaries-Admin-1-level-GADM-36", "type": "tabular", "subtitle": null, "application": ["gfw", "data4sdgs", "aqueduct", "forest-atlas", "gfw-climate"], "dataPath": null, "attributesPath": null, "connectorType": "rest", "provider": "cartodb", "userId": "57a0aa1071e394dd32ffe137", "connectorUrl": "https://wri-01.carto.com/tables/gadm36_adm1/public", "tableName": "gadm36_adm1", "status": "saved", "published": true, "overwrite": false, "verified": false, "blockchain": {}, "mainDateField": null, "env": "production", "geoInfo": true, "protected": true, "legend": {"date": [], "region": [], "country": [], "nested": []}, "clonedHost": {}, "errorMessage": "", "taskId": null, "updatedAt": "2018-11-21T14:03:02.332Z", "dataLastUpdated": null, "metadata": [], "layer": [], "vocabulary": [], "widgetRelevantProps": [], "layerRelevantProps": ["the_geom", "the_geom_webmercator", "iso", "gid_1", "name_1"]}}