{"id": "8f96c227-b45a-43a7-9235-d08d722867ba", "type": "dataset", "attributes": {"name": "Guatemala Forest Density", "slug": "Guatemala-Forest-Density", "type": "raster", "subtitle": null, "application": ["gfw"], "dataPath": null, "attributesPath": null, "connectorType": "wms", "provider": "wms", "userId": "59db4eace9c1380001d6e4c3", "connectorUrl": "https://s3.amazonaws.com/wri-tiles/GTM/guatemaladensity/{z}/{x}/{y}.png", "tableName": null, "status": "saved", "published": true, "overwrite": false, "verified": false, "blockchain": {}, "mainDateField": null, "env": "production", "geoInfo": false, "protected": true, "legend": {"date": [], "region": [], "country": [], "nested": []}, "clonedHost": {}, "errorMessage": null, "taskId": null, "updatedAt": "2018-11-21T14:02:57.783Z", "dataLastUpdated": null, "widgetRelevantProps": [], "layerRelevantProps": [], "layer": [{"id": "df321c9d-2099-458f-9d77-eabb6c68763a", "type": "layer", "attributes": {"name": "Guatemala forest density - 2012", "slug": "Guatemala-Forest-Density", "dataset": "8f96c227-b45a-43a7-9235-d08d722867ba", "description": "Identifies forest density in 2012.", "application": ["gfw"], "iso": ["GTM"], "provider": "leaflet", "userId": "59db4eace9c1380001d6e4c3", "default": false, "protected": true, "published": true, "env": "production", "layerConfig": {"url": "https://s3.amazonaws.com/wri-tiles/GTM/guatemaladensity/{z}/{x}/{y}.png", "service": "leaflet", "type": "tileLayer", "params_config": [], "sql_config": [], "body": {"maxzoom": 15}}, "legendConfig": {"type": "basic", "items": [{"color": "#788e31", "name": "Bosque con\u00edfero denso"}, {"color": "#c98b17", "name": "Bosque con\u00edfero ralo"}, {"color": "#306e1f", "name": "Bosque latifoliado denso"}, {"color": "#97f03c", "name": "Bosque latifoliado ralo"}, {"color": "#885a2b", "name": "Bosque mixto denso"}, {"color": "#e6c335", "name": "Bosque mixto ralo"}, {"color": "#b01a1a", "name": "Mangle blanco denso"}, {"color": "#710a0a", "name": "Mangle rojo denso"}, {"color": "#d82203", "name": "Mangle negro denso"}, {"color": "#a1274a", "name": "Mangle botoncillo denso"}, {"color": "#f4aaaa", "name": "Mangle blanco ralo"}, {"color": "#f98080", "name": "Mangle rojo ralo"}, {"color": "#ff576f", "name": "Mangle negro ralo"}, {"color": "#eff76f", "name": "Mangle botoncillo ralo"}]}, "interactionConfig": {}, "applicationConfig": {"default": true, "active": true, "global": false, "metadata": "gtm_forest_cover_density"}, "staticImageConfig": {}, "updatedAt": "2018-11-21T14:02:58.258Z"}}], "metadata": [{"id": "5b64554cc31667001159bafd", "type": "metadata", "attributes": {"dataset": "8f96c227-b45a-43a7-9235-d08d722867ba", "application": "gfw", "resource": {"id": "8f96c227-b45a-43a7-9235-d08d722867ba", "type": "dataset"}, "language": "en", "info": {"name": "Guatemala forest density", "color": "#a0c746", "description": "Identifies forest density in 2012.", "citation": "2012"}, "createdAt": "2018-08-03T13:14:52.162Z", "updatedAt": "2018-11-06T15:58:01.699Z", "status": "published"}}], "vocabulary": [{"id": "8f96c227-b45a-43a7-9235-d08d722867ba", "type": "vocabulary", "attributes": {"resource": {"id": "8f96c227-b45a-43a7-9235-d08d722867ba", "type": "dataset"}, "tags": ["landCover"], "name": "categoryTab", "application": "gfw"}}]}}