{"id": "a705fce9-601c-455c-b97b-6237da5cedba", "type": "dataset", "attributes": {"name": "AGB Gains", "slug": "AGB-Gains", "type": "raster", "subtitle": null, "application": ["gfw"], "dataPath": null, "attributesPath": null, "connectorType": "rest", "provider": "gee", "userId": "5936af3802d342203186ab99", "connectorUrl": null, "tableName": "projects/wri-datalab/Gain_carbon_test", "status": "saved", "published": false, "overwrite": false, "verified": false, "blockchain": {}, "mainDateField": null, "env": "production", "geoInfo": false, "protected": true, "legend": {"date": [], "region": [], "country": [], "nested": []}, "clonedHost": {}, "errorMessage": "", "taskId": null, "updatedAt": "2018-11-21T13:55:02.782Z", "dataLastUpdated": null, "metadata": [], "layer": [], "widgetRelevantProps": [], "layerRelevantProps": [], "vocabulary": [{"id": "a705fce9-601c-455c-b97b-6237da5cedba", "type": "vocabulary", "attributes": {"resource": {"id": "a705fce9-601c-455c-b97b-6237da5cedba", "type": "dataset"}, "tags": ["climate", "carbonGains"], "name": "categoryTab", "application": "gfw"}}]}}