{"id": "a8dc9474-ba42-4ae3-a7d3-d8df5f1e78df", "type": "dataset", "attributes": {"name": "Political boundaries (GADM 3.6)", "slug": "Political-boundaries-GADM-36", "type": "tabular", "subtitle": null, "application": ["gfw", "data4sdgs", "aqueduct", "forest-atlas", "gfw-climate"], "dataPath": null, "attributesPath": null, "connectorType": "rest", "provider": "cartodb", "userId": "57a0aa1071e394dd32ffe137", "connectorUrl": "https://wri-01.carto.com/tables/gadm36_countries/public", "tableName": "gadm36_countries", "status": "saved", "published": true, "overwrite": false, "verified": false, "blockchain": {}, "mainDateField": null, "env": "production", "geoInfo": true, "protected": true, "legend": {"date": [], "region": [], "country": [], "nested": []}, "clonedHost": {}, "errorMessage": "", "taskId": null, "updatedAt": "2018-11-21T14:03:02.096Z", "dataLastUpdated": null, "metadata": [], "layer": [], "vocabulary": [], "widgetRelevantProps": [], "layerRelevantProps": ["the_geom", "the_geom_webmercator", "iso"]}}