{"id": "aaf2d74a-4a75-441e-9b3c-73bcb590611e", "type": "dataset", "attributes": {"name": "Congo Basin Logging Roads", "slug": "Congo-Basin-Logging-Roads", "type": null, "subtitle": null, "application": ["gfw"], "dataPath": null, "attributesPath": null, "connectorType": "rest", "provider": "cartodb", "userId": "59db4eace9c1380001d6e4c3", "connectorUrl": "https://wri-01.carto.com/tables/osm_logging_roads", "tableName": "osm_logging_roads", "status": "saved", "published": true, "overwrite": false, "verified": false, "blockchain": {}, "mainDateField": null, "env": "production", "geoInfo": false, "protected": true, "legend": {"date": [], "region": [], "country": [], "nested": []}, "clonedHost": {}, "errorMessage": "", "taskId": null, "updatedAt": "2018-11-21T14:02:28.099Z", "dataLastUpdated": null, "widgetRelevantProps": [], "layerRelevantProps": [], "layer": [{"id": "3cadd60a-aec8-4e93-a847-8308840c9d59", "type": "layer", "attributes": {"name": "Congo Basin logging roads - 2014", "slug": "Congo-Basin-Logging-Roads", "dataset": "aaf2d74a-4a75-441e-9b3c-73bcb590611e", "description": "osm logging roads in congo basin", "application": ["gfw"], "iso": ["CMR", "GNQ", "GAB", "COG", "COD"], "provider": "cartodb", "userId": "59db4eace9c1380001d6e4c3", "default": true, "protected": true, "published": true, "env": "production", "layerConfig": {"account": "wri-01", "body": {"layers": [{"options": {"cartocss": "#r { line-width: 1.5; line-opacity: 1; } #r[time<2001] { line-color: #193219; } #r[time=2001] { line-color: #CC973E; } #r[time=2002] { line-color: #CC973E; } #r[time=2003] { line-color: #CC973E; } #r[time=2004] { line-color: #C56228; } #r[time=2005] { line-color: #C56228; } #r[time=2006] { line-color: #C56228; } #r[time=2007] { line-color: #A3752A; } #r[time=2008] { line-color: #A3752A; } #r[time=2009] { line-color: #A3752A; } #r[time=2010] { line-color: #83A03C; } #r[time=2011] { line-color: #83A03C; } #r[time=2012] { line-color: #83A03C; } #r[time=2013] { line-color: #B1D135; } #r[time=2014] { line-color: #B1D135; } #r { line-color: #BFBEBE; }", "cartocss_version": "2.3.0", "sql": "SELECT cartodb_id, ST_Transform(ST_Buffer(the_geom,0.001), 3857) as the_geom_webmercator, CASE WHEN (start_date ~ '^([0-9]+[.]?[0-9]*|[.][0-9]+)$') is True THEN start_date::int WHEN start_date = '20014' THEN '2014'::int WHEN start_date = '22014' THEN '2014'::int WHEN start_date = '20136' THEN '2013'::int WHEN substring(start_date from 1 for 7) = 'before ' and (substring(start_date from 8 for 4) ~ '^([0-9]+[.]?[0-9]*|[.][0-9]+)$') THEN substring(start_date from 8 for 4)::int WHEN substring(start_date from 1 for 6) = 'after ' THEN substring(start_date from 7 for 4)::int ELSE NULL END as time FROM osm_logging_roads WHERE access like 'forestry'"}, "type": "cartodb"}], "maxzoom": 19, "minzoom": 2, "vectorLayers": [{"paint": {"line-color": null, "line-opacity": 1, "line-width": 1.5}, "source-layer": "layer0", "type": "line"}, {"filter": ["all", ["<", "time", 2001]], "paint": {"line-color": "#193219"}, "source-layer": "layer0", "type": "line"}, {"filter": ["all", ["==", "time", 2001]], "paint": {"line-color": "#CC973E"}, "source-layer": "layer0", "type": "line"}, {"filter": ["all", ["==", "time", 2002]], "paint": {"line-color": "#CC973E"}, "source-layer": "layer0", "type": "line"}, {"filter": ["all", ["==", "time", 2003]], "paint": {"line-color": "#CC973E"}, "source-layer": "layer0", "type": "line"}, {"filter": ["all", ["==", "time", 2004]], "paint": {"line-color": "#C56228"}, "source-layer": "layer0", "type": "line"}, {"filter": ["all", ["==", "time", 2005]], "paint": {"line-color": "#C56228"}, "source-layer": "layer0", "type": "line"}, {"filter": ["all", ["==", "time", 2006]], "paint": {"line-color": "#C56228"}, "source-layer": "layer0", "type": "line"}, {"filter": ["all", ["==", "time", 2007]], "paint": {"line-color": "#A3752A"}, "source-layer": "layer0", "type": "line"}, {"filter": ["all", ["==", "time", 2008]], "paint": {"line-color": "#A3752A"}, "source-layer": "layer0", "type": "line"}, {"filter": ["all", ["==", "time", 2009]], "paint": {"line-color": "#A3752A"}, "source-layer": "layer0", "type": "line"}, {"filter": ["all", ["==", "time", 2010]], "paint": {"line-color": "#83A03C"}, "source-layer": "layer0", "type": "line"}, {"filter": ["all", ["==", "time", 2011]], "paint": {"line-color": "#83A03C"}, "source-layer": "layer0", "type": "line"}, {"filter": ["all", ["==", "time", 2012]], "paint": {"line-color": "#83A03C"}, "source-layer": "layer0", "type": "line"}, {"filter": ["all", ["==", "time", 2013]], "paint": {"line-color": "#B1D135"}, "source-layer": "layer0", "type": "line"}, {"filter": ["all", ["==", "time", 2014]], "paint": {"line-color": "#B1D135"}, "source-layer": "layer0", "type": "line"}]}, "params_config": [], "sql_config": []}, "legendConfig": {"items": [{"name": "<2001", "color": "#193219"}, {"name": "2001", "color": "#CC973E"}, {"name": "2002", "color": "#CC973E"}, {"name": "2003", "color": "#CC973E"}, {"name": "2004", "color": "#C56228"}, {"name": "2005", "color": "#C56228"}, {"name": "2006", "color": "#C56228"}, {"name": "2007", "color": "#A3752A"}, {"name": "2008", "color": "#A3752A"}, {"name": "2009", "color": "#A3752A"}, {"name": "2010", "color": "#83A03C"}, {"name": "2011", "color": "#83A03C"}, {"name": "2012", "color": "#83A03C"}, {"name": "2013", "color": "#B1D135"}, {"name": "2014", "color": "#B1D135"}, {"name": "Unknown", "color": "#BFBEBE"}], "type": "basic"}, "interactionConfig": {}, "applicationConfig": {"default": true, "active": true, "global": true, "metadata": "osm_logging_roads"}, "staticImageConfig": {}, "updatedAt": "2019-03-08T15:30:25.431Z"}}], "metadata": [{"id": "5b645543b6baae001154d1a0", "type": "metadata", "attributes": {"dataset": "aaf2d74a-4a75-441e-9b3c-73bcb590611e", "application": "gfw", "resource": {"id": "aaf2d74a-4a75-441e-9b3c-73bcb590611e", "type": "dataset"}, "language": "en", "info": {"citation": "", "color": "#c98e6c", "description": "Shows the spread of logging roads in the Congo Basin.", "name": "Congo Basin logging roads"}, "createdAt": "2018-08-03T13:14:43.765Z", "updatedAt": "2018-11-06T16:03:39.018Z", "status": "published"}}], "vocabulary": [{"id": "aaf2d74a-4a75-441e-9b3c-73bcb590611e", "type": "vocabulary", "attributes": {"resource": {"id": "aaf2d74a-4a75-441e-9b3c-73bcb590611e", "type": "dataset"}, "tags": ["landUse", "infrastructure"], "name": "categoryTab", "application": "gfw"}}]}}