{"id": "b3d076cc-b150-4ccb-a93e-eca05d9ac2bf", "type": "dataset", "attributes": {"name": "soc.064.02 Political Boundaries (Second Subnational Level)", "slug": "Politcial-Boundaries-GADM-adminitrative-level-2-1490086842547", "type": "tabular", "subtitle": "GADM", "application": ["aqueduct", "gfw", "forest-atlas", "data4sdgs", "gfw-climate"], "dataPath": null, "attributesPath": null, "connectorType": "rest", "provider": "cartodb", "userId": "57a0aa1071e394dd32ffe137", "connectorUrl": "https://wri-01.carto.com/tables/gadm28_adm2/public", "tableName": "gadm28_adm2", "status": "saved", "published": true, "overwrite": false, "verified": false, "blockchain": {}, "mainDateField": null, "env": "production", "geoInfo": true, "protected": true, "legend": {"date": [], "region": [], "country": [], "nested": []}, "clonedHost": {}, "errorMessage": null, "taskId": null, "updatedAt": "2018-11-21T13:54:57.848Z", "dataLastUpdated": null, "metadata": [], "layer": [], "vocabulary": [], "widgetRelevantProps": [], "layerRelevantProps": ["the_geom", "the_geom_webmercator"]}}