{"id": "b67fc529-af07-4443-85a9-24b5cf6f2eae", "type": "dataset", "attributes": {"name": "Aboveground Mangrove Biomass Density", "slug": "Aboveground-Mangrove-Biomass-Density", "type": null, "subtitle": null, "application": ["gfw"], "dataPath": null, "attributesPath": null, "connectorType": "rest", "provider": "cartodb", "userId": "57a0aa1071e394dd32ffe137", "connectorUrl": "https://wri-01.carto.com/tables/global_mangroves_biomass", "tableName": "global_mangroves_biomass", "status": "saved", "published": false, "overwrite": false, "verified": false, "blockchain": {}, "mainDateField": null, "env": "production", "geoInfo": false, "protected": true, "legend": {"date": [], "region": [], "country": [], "nested": []}, "clonedHost": {}, "errorMessage": "", "taskId": null, "updatedAt": "2019-04-05T11:20:38.167Z", "dataLastUpdated": null, "widgetRelevantProps": [], "layerRelevantProps": [], "layer": [{"id": "d33a6dc5-eb74-4c4d-bf3b-1f0054c0e247", "type": "layer", "attributes": {"name": "Aboveground mangrove biomass density - 2014", "slug": "Aboveground-Mangrove-Biomass-Density", "dataset": "b67fc529-af07-4443-85a9-24b5cf6f2eae", "description": "This dataset shows carbon density values of aboveground mangrove forests globally.", "application": ["gfw"], "iso": [], "provider": "cartodb", "userId": "57a0aa1071e394dd32ffe137", "default": false, "protected": true, "published": true, "env": "production", "layerConfig": {"assetId": "projects/wri-datalab/mangrove_aboveground_biomass_density_2005", "body": {"maxzoom": 22, "minzoom": 2, "sldValue": "<RasterSymbolizer> <ColorMap type=\"ramp\" extended=\"false\" ><ColorMapEntry color=\"#1c4640\" quantity=\"0\" opacity=\"0\" /><ColorMapEntry color=\"#1a5e53\" quantity=\"10\" /><ColorMapEntry color=\"#157c64\" quantity=\"20\" /><ColorMapEntry color=\"#1bab7d\" quantity=\"30\" /><ColorMapEntry color=\"#9ed45e\" quantity=\"100\"/><ColorMapEntry /></ColorMap></RasterSymbolizer>", "styleType": "sld"}, "isImageCollection": false, "params_config": [], "type": "tileLayer"}, "legendConfig": {"type": "basic", "items": [{"name": "0 - 149", "color": "#1c4640"}, {"name": "150 - 159", "color": "#1a5e53"}, {"name": "160 - 169", "color": "#157c64"}, {"name": "170 - 200", "color": "#1bab7d"}, {"suffix": "t Ha\u207b\u00b9", "name": ">200", "color": "#9ed45e"}]}, "interactionConfig": {"output": [{"column": "bm_t_ha", "format": null, "property": "Biomass", "suffix": "t ha\u207b\u00b9", "type": "number"}, {"column": "cartodb_id", "format": null, "property": "cartodb_id", "type": "number", "hidden": true}, {"column": "the_geom_webmercator", "format": "json", "property": "the_geom", "type": "json", "hidden": true}]}, "applicationConfig": {"active": true, "analysisEndpoint": "use", "default": true, "global": true, "metadata": "mangroves_2019"}, "staticImageConfig": {}, "updatedAt": "2019-04-04T11:46:18.625Z"}}], "metadata": [{"id": "5b6b10aa478f850011001c67", "type": "metadata", "attributes": {"dataset": "b67fc529-af07-4443-85a9-24b5cf6f2eae", "application": "gfw", "resource": {"id": "b67fc529-af07-4443-85a9-24b5cf6f2eae", "type": "dataset"}, "language": "en", "info": {"color": "#89552C", "name": "Aboveground mangrove biomass density", "description": "This dataset shows carbon density values of aboveground mangrove forests globally.", "citation": "30m, global, Hutchison/Spalding"}, "createdAt": "2018-08-08T15:47:54.236Z", "updatedAt": "2018-11-06T15:58:05.482Z", "status": "published"}}], "vocabulary": [{"id": "b67fc529-af07-4443-85a9-24b5cf6f2eae", "type": "vocabulary", "attributes": {"resource": {"id": "b67fc529-af07-4443-85a9-24b5cf6f2eae", "type": "dataset"}, "tags": ["climate", "carbonDensity"], "name": "categoryTab", "application": "gfw"}}]}}