{"id": "ba9a6f22-c89c-4d8a-b843-bca2067b09de", "type": "dataset", "attributes": {"name": "Peru Permanent Production Forests", "slug": "Peru-Permanent-Production-Forests", "type": null, "subtitle": null, "application": ["gfw"], "dataPath": null, "attributesPath": null, "connectorType": "rest", "provider": "cartodb", "userId": "59db4eace9c1380001d6e4c3", "connectorUrl": "https://wri-01.carto.com/tables/per_permanent_production_forests", "tableName": "per_permanent_production_forests", "status": "saved", "published": true, "overwrite": false, "verified": false, "blockchain": {}, "mainDateField": null, "env": "production", "geoInfo": false, "protected": true, "legend": {"date": [], "region": [], "country": [], "nested": []}, "clonedHost": {}, "errorMessage": "", "taskId": null, "updatedAt": "2018-11-21T14:02:36.901Z", "dataLastUpdated": null, "widgetRelevantProps": [], "layerRelevantProps": [], "layer": [{"id": "eb72add0-efda-4b95-9298-75e73b6a3902", "type": "layer", "attributes": {"name": "Peru permanent production forests - 2015", "slug": "Peru-Permanent-Production-Forests", "dataset": "ba9a6f22-c89c-4d8a-b843-bca2067b09de", "description": "Displays official forest zoning in Peru.", "application": ["gfw"], "iso": ["PER"], "provider": "cartodb", "userId": "59db4eace9c1380001d6e4c3", "default": false, "protected": true, "published": true, "env": "production", "layerConfig": {"body": {"layers": [{"options": {"cartocss_version": "2.3.0", "cartocss": "#per_permanent_production_forests{ polygon-opacity: 0.7; line-color: #FFF; line-width: 0.5; line-opacity: 1; polygon-fill: #91b290; }", "sql": "SELECT cartodb_id, the_geom_webmercator, region, area_aprob as area_ha, doc_legal, zone FROM per_permanent_production_forests"}, "type": "cartodb"}], "minzoom": 2, "maxzoom": 19, "vectorLayers": [{"type": "fill", "source-layer": "layer0", "paint": {"fill-opacity": 0.7, "fill-color": "#91b290"}}, {"type": "line", "source-layer": "layer0", "paint": {"line-opacity": 1, "line-color": "#FFF", "line-width": 0.5}}]}, "account": "wri-01"}, "legendConfig": {"type": "basic", "items": [{"color": "#91b290", "name": "Peru permanent production forests"}]}, "interactionConfig": {}, "applicationConfig": {"default": true, "active": true, "global": false, "metadata": "per_permanent_production_forests"}, "staticImageConfig": {}, "updatedAt": "2019-03-08T13:19:38.898Z"}}], "metadata": [{"id": "5b645546b6baae001154d1a5", "type": "metadata", "attributes": {"dataset": "ba9a6f22-c89c-4d8a-b843-bca2067b09de", "application": "gfw", "resource": {"id": "ba9a6f22-c89c-4d8a-b843-bca2067b09de", "type": "dataset"}, "language": "en", "info": {"name": "Peru permanent production forests", "description": "Displays official forest zoning in Peru.", "color": "#12724C", "citation": ""}, "createdAt": "2018-08-03T13:14:46.857Z", "updatedAt": "2018-11-06T15:57:56.777Z", "status": "published"}}], "vocabulary": [{"id": "ba9a6f22-c89c-4d8a-b843-bca2067b09de", "type": "vocabulary", "attributes": {"resource": {"id": "ba9a6f22-c89c-4d8a-b843-bca2067b09de", "type": "dataset"}, "tags": ["landUse", "concessions"], "name": "categoryTab", "application": "gfw"}}]}}