{"id": "c36c3108-2581-4b68-852a-c929fc758001", "type": "dataset", "attributes": {"name": "dis.007 Landslide Susceptibility", "slug": "dis_007-Landslide-Susceptibility-Map", "type": "raster", "subtitle": "NASA", "application": ["aqueduct", "gfw", "prep", "rw", "forest-atlas", "data4sdgs", "gfw-climate"], "dataPath": "", "attributesPath": null, "connectorType": "rest", "provider": "gee", "userId": "58f63c81bd32c60206ed6b12", "connectorUrl": "", "tableName": "users/resourcewatch/dis_007_landslide_susceptibility_map", "status": "saved", "published": true, "overwrite": false, "verified": false, "blockchain": {}, "subscribable": {}, "mainDateField": null, "env": "production", "geoInfo": true, "protected": true, "legend": {"date": [], "region": [], "country": [], "nested": []}, "clonedHost": {}, "errorMessage": "[Automatic Validation] ConnectorFailed -> Invalid Dataset", "taskId": null, "updatedAt": "2018-11-21T13:55:02.081Z", "dataLastUpdated": null, "metadata": [], "layer": [], "vocabulary": [], "widgetRelevantProps": [], "layerRelevantProps": []}}