{"id": "c4d4e07c-c5b4-4e2c-9db1-5c3bec185f0e", "type": "dataset", "attributes": {"name": "Oil Palm", "slug": "Oil-Palm", "type": null, "subtitle": null, "application": ["gfw"], "dataPath": null, "attributesPath": null, "connectorType": "rest", "provider": "cartodb", "userId": "59db4eace9c1380001d6e4c3", "connectorUrl": "https://wri-01.carto.com/tables/gfw_oil_palm", "tableName": "gfw_oil_palm", "status": "saved", "published": true, "overwrite": false, "verified": false, "blockchain": {}, "mainDateField": null, "env": "production", "geoInfo": false, "protected": true, "legend": {"date": [], "region": [], "country": [], "nested": []}, "clonedHost": {}, "errorMessage": "", "taskId": null, "updatedAt": "2018-11-21T14:02:25.904Z", "dataLastUpdated": null, "widgetRelevantProps": [], "layerRelevantProps": [], "layer": [{"id": "0911abc4-d861-4d7a-84d6-0fa07b51d7d8", "type": "layer", "attributes": {"name": "Oil palm", "slug": "Oil-Palm", "dataset": "c4d4e07c-c5b4-4e2c-9db1-5c3bec185f0e", "description": "Oil palm areas", "application": ["gfw"], "iso": ["MYS", "SLB", "PNG", "LBR", "IDN", "CMR", "COG"], "provider": "cartodb", "userId": "59db4eace9c1380001d6e4c3", "default": true, "protected": true, "published": true, "env": "production", "layerConfig": {"account": "wri-01", "body": {"layers": [{"options": {"cartocss": "#gfw_oil_palm{  polygon-fill: #ee9587;  polygon-opacity: 0.7;  line-color: #ee9587;  line-width: 1;  line-opacity: 1;}", "cartocss_version": "2.3.0", "sql": "SELECT cartodb_id, the_geom_webmercator, name,company, type, country, area_ha FROM gfw_oil_palm"}, "type": "cartodb"}], "maxzoom": 19, "minzoom": 2, "vectorLayers": [{"type": "fill", "source-layer": "layer0", "paint": {"fill-opacity": 0.7, "fill-color": "#ee9587"}}, {"type": "line", "source-layer": "layer0", "paint": {"line-opacity": 1, "line-color": "#ee9587", "line-width": 1}}]}, "params_config": [], "sql_config": [{"key_params": [{"required": false, "key": "country"}], "key": "where"}]}, "legendConfig": {"type": "basic", "items": [{"name": "Oil palm", "color": "#ee9587"}]}, "interactionConfig": {"output": [{"column": "name", "format": null, "property": "Name", "type": "string"}, {"column": "company", "format": null, "property": "Company", "type": "string"}, {"column": "country", "format": null, "property": "Country", "type": "string"}, {"column": "type", "format": null, "property": "Type", "type": "string"}, {"column": "area_ha", "format": null, "property": "Area", "suffix": "ha", "type": "number"}, {"column": "cartodb_id", "format": null, "property": "cartodb_id", "type": "number", "hidden": true}, {"column": "the_geom_webmercator", "format": "json", "property": "the_geom", "type": "json", "hidden": true}], "type": "intersection"}, "applicationConfig": {"default": true, "active": true, "global": true, "metadata": "gfw_oil_palm", "analysisEndpoint": "use"}, "staticImageConfig": {}, "updatedAt": "2019-03-08T13:19:24.475Z"}}], "metadata": [{"id": "5b6455436ec14b00117e299b", "type": "metadata", "attributes": {"dataset": "c4d4e07c-c5b4-4e2c-9db1-5c3bec185f0e", "application": "gfw", "resource": {"id": "c4d4e07c-c5b4-4e2c-9db1-5c3bec185f0e", "type": "dataset"}, "language": "en", "info": {"name": "Oil palm", "description": "Displays boundaries of areas allocated by governments to companies for oil palm plantations.", "color": "#12724C", "citation": "select countries"}, "createdAt": "2018-08-03T13:14:43.013Z", "updatedAt": "2018-11-06T15:57:51.787Z", "status": "published"}}], "vocabulary": [{"id": "c4d4e07c-c5b4-4e2c-9db1-5c3bec185f0e", "type": "vocabulary", "attributes": {"resource": {"id": "c4d4e07c-c5b4-4e2c-9db1-5c3bec185f0e", "type": "dataset"}, "tags": ["landUse", "concessions"], "name": "categoryTab", "application": "gfw"}}]}}