{"id": "c7a1d922-e320-4e92-8e4c-11ea33dd6e35", "type": "dataset", "attributes": {"name": "GLAD alerts summary stats grouped by year, week, iso, adm1 v2", "slug": "GLAD-alerts-summary-stats-grouped-by-year-week-iso-adm1-v2", "type": null, "subtitle": null, "application": ["gfw"], "dataPath": null, "attributesPath": null, "connectorType": "document", "provider": "csv", "userId": "57a9d92029309063404573a1", "connectorUrl": "http://gfw2-data.s3.amazonaws.com/country-pages/umd_landsat_alerts_adm1_prod.csv", "tableName": "index_c7a1d922e3204e928e4c11ea33dd6e35_1554740165225", "status": "saved", "published": true, "overwrite": true, "verified": false, "blockchain": {}, "mainDateField": null, "env": "production", "geoInfo": false, "protected": true, "legend": {"date": [], "region": [], "country": [], "nested": []}, "clonedHost": {}, "errorMessage": "", "taskId": "/v1/doc-importer/task/051f630c-e1c8-4997-9abb-f92228c1a4ea", "updatedAt": "2019-04-08T16:23:15.389Z", "dataLastUpdated": null, "metadata": [], "layer": [], "widgetRelevantProps": [], "layerRelevantProps": [], "vocabulary": [{"id": "c7a1d922-e320-4e92-8e4c-11ea33dd6e35", "type": "vocabulary", "attributes": {"resource": {"id": "c7a1d922-e320-4e92-8e4c-11ea33dd6e35", "type": "dataset"}, "tags": ["forestChange", "deforestationAlerts"], "name": "categoryTab", "application": "gfw"}}]}}