{"id": "c876f097-ad66-4ebc-ac36-a069790ad9a7", "type": "dataset", "attributes": {"name": "Liberia Mineral Development Agreements", "slug": "Liberia-Mineral-Development-Agreements", "type": null, "subtitle": null, "application": ["gfw"], "dataPath": null, "attributesPath": null, "connectorType": "rest", "provider": "cartodb", "userId": "59db4eace9c1380001d6e4c3", "connectorUrl": "https://wri-01.carto.com/tables/lbr_mineral_development_agreements", "tableName": "lbr_mineral_development_agreements", "status": "saved", "published": true, "overwrite": false, "verified": false, "blockchain": {}, "mainDateField": null, "env": "production", "geoInfo": false, "protected": true, "legend": {"date": [], "region": [], "country": [], "nested": []}, "clonedHost": {}, "errorMessage": "", "taskId": null, "updatedAt": "2018-11-21T14:02:34.019Z", "dataLastUpdated": null, "widgetRelevantProps": [], "layerRelevantProps": [], "layer": [{"id": "aedbcdba-17ca-4504-8a0e-9296f07a61d9", "type": "layer", "attributes": {"name": "Liberia mineral development agreements", "slug": "Liberia-Mineral-Development-Agreements", "dataset": "c876f097-ad66-4ebc-ac36-a069790ad9a7", "description": "The Mineral Development Agreement data set was compiled by AidData who collected information from the Liberia Extractive Industries Transparency Initiative, Liberia National Concessions Portal, and the Liberia Mining Cadastre Administration System.", "application": ["gfw"], "iso": ["LBR"], "provider": "cartodb", "userId": "59db4eace9c1380001d6e4c3", "default": true, "protected": true, "published": true, "env": "production", "layerConfig": {"body": {"layers": [{"options": {"cartocss_version": "2.3.0", "cartocss": "#lbr_mineral_development_agreements{ polygon-fill: #fdbf6f; line-color: #fdbf6f; line-clip: false; polygon-clip: false; }", "sql": "SELECT cartodb_id, the_geom_webmercator, title as name, hectares::numeric as area_ha, datesign, source, resources, contractsi, duration, contractst, agency, pcompcount, pcompany, company FROM lbr_mineral_development_agreements"}, "type": "cartodb"}], "minzoom": 2, "maxzoom": 19, "vectorLayers": [{"type": "fill", "source-layer": "layer0", "paint": {"fill-opacity": "transparent", "fill-color": "#fdbf6f"}}, {"type": "line", "source-layer": "layer0", "paint": {"line-opacity": "transparent", "line-color": "#fdbf6f", "line-width": 1}}]}, "account": "wri-01"}, "legendConfig": {"type": "basic", "items": [{"color": "#fdbf6f", "name": "Liberia mineral development agreements"}]}, "interactionConfig": {}, "applicationConfig": {"default": true, "active": true, "global": false, "metadata": "lbr_mineral_development_agreement"}, "staticImageConfig": {}, "updatedAt": "2019-03-08T13:19:31.381Z"}}], "metadata": [{"id": "5b645545b6baae001154d1a2", "type": "metadata", "attributes": {"dataset": "c876f097-ad66-4ebc-ac36-a069790ad9a7", "application": "gfw", "resource": {"id": "c876f097-ad66-4ebc-ac36-a069790ad9a7", "type": "dataset"}, "language": "en", "info": {"name": "Liberia mineral development agreements", "description": "", "color": "#12724C", "citation": ""}, "createdAt": "2018-08-03T13:14:45.913Z", "updatedAt": "2018-11-06T15:57:55.597Z", "status": "published"}}], "vocabulary": [{"id": "c876f097-ad66-4ebc-ac36-a069790ad9a7", "type": "vocabulary", "attributes": {"resource": {"id": "c876f097-ad66-4ebc-ac36-a069790ad9a7", "type": "dataset"}, "tags": ["landUse", "concessions"], "name": "categoryTab", "application": "gfw"}}]}}