{"id": "c8c7e5ae-d7bd-4e00-98e7-48677791d8f6", "type": "dataset", "attributes": {"name": "Palm oil mills", "slug": "Oil-Palm-Mills", "type": null, "subtitle": null, "application": ["gfw"], "dataPath": null, "attributesPath": null, "connectorType": "rest", "provider": "cartodb", "userId": "59db4eace9c1380001d6e4c3", "connectorUrl": "https://wri-01.carto.com/tables/universal_mill_list", "tableName": "universal_mill_list", "status": "saved", "published": true, "overwrite": false, "verified": false, "blockchain": {}, "mainDateField": null, "env": "production", "geoInfo": false, "protected": true, "legend": {"date": [], "region": [], "country": [], "nested": []}, "clonedHost": {}, "errorMessage": "", "taskId": null, "updatedAt": "2018-11-21T14:02:29.214Z", "dataLastUpdated": null, "widgetRelevantProps": [], "layerRelevantProps": [], "layer": [{"id": "3c8354f9-c076-4aa2-91ab-25668b143350", "type": "layer", "attributes": {"name": "Palm oil mills - 2018", "slug": "Oil-Palm-Mills", "dataset": "c8c7e5ae-d7bd-4e00-98e7-48677791d8f6", "description": "Displays locations of oil palm mills", "application": ["gfw"], "iso": [], "provider": "cartodb", "userId": "59db4eace9c1380001d6e4c3", "default": true, "protected": true, "published": true, "env": "production", "layerConfig": {"account": "wri-01", "body": {"layers": [{"options": {"cartocss": "#universal_mill_list{ marker-fill-opacity: 0.9; marker-line-color: #FFF; marker-line-width: 1; marker-line-opacity: 1; marker-placement: point; marker-type: ellipse; marker-width: 10; marker-fill: #EADC15; marker-allow-overlap: true; }", "cartocss_version": "2.3.0", "sql": "SELECT cartodb_id, the_geom_webmercator, mill_name AS name, parent_com AS company_type, iso AS country, rspo_statu AS cert_status FROM universal_mill_list {{where}}"}, "type": "cartodb"}], "maxzoom": 19, "minzoom": 2, "vectorLayers": [{"paint": {"circle-color": "#EADC15", "circle-radius": 2, "circle-stroke-color": "#FFF", "circle-stroke-opacity": 1, "circle-stroke-width": 0.5}, "source-layer": "layer0", "type": "circle"}]}, "sql_config": [{"key": "where", "key_params": [{"key": "country", "required": false}]}]}, "legendConfig": {"items": [{"color": "#EADC15", "name": "Palm oil mills"}], "type": "basic"}, "interactionConfig": {"output": [{"format": null, "type": "string", "property": "Name", "column": "name"}, {"format": null, "type": "string", "property": "Parent Company", "column": "company_type"}, {"format": null, "type": "string", "property": "Certificate Status", "column": "cert_status"}, {"column": "cartodb_id", "format": null, "property": "cartodb_id", "type": "number", "hidden": true}, {"column": "the_geom_webmercator", "format": "json", "property": "the_geom", "type": "json", "hidden": true}], "type": "intersection"}, "applicationConfig": {"active": true, "analysisEndpoint": "use", "default": true, "global": true, "metadata": "uml"}, "staticImageConfig": {}, "updatedAt": "2019-03-08T16:31:11.948Z"}}], "metadata": [{"id": "5b645544c96e1e0011f1e38c", "type": "metadata", "attributes": {"dataset": "c8c7e5ae-d7bd-4e00-98e7-48677791d8f6", "application": "gfw", "resource": {"id": "c8c7e5ae-d7bd-4e00-98e7-48677791d8f6", "type": "dataset"}, "language": "en", "info": {"citation": "", "color": "#12724C", "description": "Displays location of palm oil mills.", "name": "Palm oil mills"}, "createdAt": "2018-08-03T13:14:44.176Z", "updatedAt": "2018-11-14T19:29:44.868Z", "status": "published"}}], "vocabulary": [{"id": "c8c7e5ae-d7bd-4e00-98e7-48677791d8f6", "type": "vocabulary", "attributes": {"resource": {"id": "c8c7e5ae-d7bd-4e00-98e7-48677791d8f6", "type": "dataset"}, "tags": ["landUse", "concessions"], "name": "categoryTab", "application": "gfw"}}]}}