{"id": "d4550e06-9ae3-4c82-a104-459b58efbba0", "type": "dataset", "attributes": {"name": "Cambodia Economic Land Concessions", "slug": "Cambodia-Economic-Land-Concessions", "type": null, "subtitle": null, "application": ["gfw"], "dataPath": null, "attributesPath": null, "connectorType": "rest", "provider": "cartodb", "userId": "59db4eace9c1380001d6e4c3", "connectorUrl": "https://wri-01.carto.com/tables/khm_economic_land_concession_wgs", "tableName": "khm_economic_land_concession_wgs", "status": "saved", "published": true, "overwrite": false, "verified": false, "blockchain": {}, "mainDateField": null, "env": "production", "geoInfo": false, "protected": true, "legend": {"date": [], "region": [], "country": [], "nested": []}, "clonedHost": {}, "errorMessage": "", "taskId": null, "updatedAt": "2018-11-21T14:02:38.360Z", "dataLastUpdated": null, "widgetRelevantProps": [], "layerRelevantProps": [], "layer": [{"id": "7223ed76-ee6f-4cb5-bfa8-f2d65ca45f9b", "type": "layer", "attributes": {"name": "Cambodia economic land concessions - 1995-2015", "slug": "Cambodia-Economic-Land-Concessions_1", "dataset": "d4550e06-9ae3-4c82-a104-459b58efbba0", "description": "This data shows the location of known Economic Land Concessions (ELCs) for industrial agriculture in Cambodia.", "application": ["gfw"], "iso": ["KHM"], "provider": "cartodb", "userId": "59db4eace9c1380001d6e4c3", "default": false, "protected": true, "published": true, "env": "production", "layerConfig": {"account": "wri-01", "body": {"layers": [{"options": {"cartocss": "#khm_economic_land_concession_wgs { polygon-opacity: 0.8; line-color: #FFF; line-width: 0; line-opacity: 1; } #khm_economic_land_concession_wgs[adjustment_classification=\"Downsized\"] { polygon-fill: #FFCC00; } #khm_economic_land_concession_wgs[adjustment_classification=\"Downsized after revocation\"] { polygon-fill: #FF6600; } #khm_economic_land_concession_wgs[adjustment_classification=\"No evidence of adjustment\"] { polygon-fill: #055D00; } #khm_economic_land_concession_wgs[adjustment_classification=\"Revoked\"] { polygon-fill: #B40903; }", "cartocss_version": "2.3.0", "sql": "SELECT cartodb_id, the_geom_webmercator,adjustment as adjustment_classification, developer as name, contractin as contracting_authority,contract_d as contract_duration, inv_intent, contract_0 as contract_date, original_s as original_size_h FROM khm_economic_land_concession_wgs"}, "type": "cartodb"}], "maxzoom": 19, "minzoom": 2, "vectorLayers": [{"filter": ["all", ["==", "adjustment_classification", "Downsized"]], "paint": {"fill-color": "#FFCC00", "fill-opacity": 0.8}, "source-layer": "layer0", "type": "fill"}, {"filter": ["all", ["==", "adjustment_classification", "Downsized after revocation"]], "paint": {"fill-color": "#FF6600", "fill-opacity": 0.8}, "source-layer": "layer0", "type": "fill"}, {"filter": ["all", ["==", "adjustment_classification", "No evidence of adjustment"]], "paint": {"fill-color": "#055D00", "fill-opacity": 0.8}, "source-layer": "layer0", "type": "fill"}, {"filter": ["all", ["==", "adjustment_classification", "Revoked"]], "paint": {"fill-color": "#B40903", "fill-opacity": 0.8}, "source-layer": "layer0", "type": "fill"}]}}, "legendConfig": {"type": "basic", "items": [{"color": "#FFCC00", "name": "Downsized"}, {"color": "#FF6600", "name": "Downsized after revocation"}, {"color": "#055D00", "name": "No evidence of adjustment"}, {"color": "#B40903", "name": "Revoked"}]}, "interactionConfig": {}, "applicationConfig": {"default": true, "active": true, "global": false, "metadata": "khm_economic_land_concession"}, "staticImageConfig": {}, "updatedAt": "2019-03-08T16:10:43.651Z"}}], "metadata": [{"id": "5b6455476ec14b00117e299c", "type": "metadata", "attributes": {"dataset": "d4550e06-9ae3-4c82-a104-459b58efbba0", "application": "gfw", "resource": {"id": "d4550e06-9ae3-4c82-a104-459b58efbba0", "type": "dataset"}, "language": "en", "info": {"name": "Cambodia economic land concessions", "description": "This data shows the location of known Economic Land Concessions (ELCs) for industrial agriculture in Cambodia.", "color": "#12724C", "citation": ""}, "createdAt": "2018-08-03T13:14:47.504Z", "updatedAt": "2018-11-06T15:57:56.983Z", "status": "published"}}], "vocabulary": [{"id": "d4550e06-9ae3-4c82-a104-459b58efbba0", "type": "vocabulary", "attributes": {"resource": {"id": "d4550e06-9ae3-4c82-a104-459b58efbba0", "type": "dataset"}, "tags": ["landUse", "concessions"], "name": "categoryTab", "application": "gfw"}}]}}