{"id": "dcf70e60-ff2b-4bc9-a4cb-1f12c0e370c8", "type": "dataset", "attributes": {"name": "Indonesia Leuser Ecosystem", "slug": "Indonesia-Leuser-Ecosystem", "type": null, "subtitle": null, "application": ["gfw"], "dataPath": null, "attributesPath": null, "connectorType": "rest", "provider": "cartodb", "userId": "59db4eace9c1380001d6e4c3", "connectorUrl": "https://wri-01.carto.com/tables/leuser_ecosystem_province_boundary", "tableName": "leuser_ecosystem_province_boundary", "status": "saved", "published": true, "overwrite": false, "verified": false, "blockchain": {}, "mainDateField": null, "env": "production", "geoInfo": false, "protected": true, "legend": {"date": [], "region": [], "country": [], "nested": []}, "clonedHost": {}, "errorMessage": "", "taskId": null, "updatedAt": "2018-11-21T14:02:32.719Z", "dataLastUpdated": null, "widgetRelevantProps": [], "layerRelevantProps": [], "layer": [{"id": "c575ebb4-5a6b-4dcb-b0b3-1c8951403afc", "type": "layer", "attributes": {"name": "Indonesia Leuser ecosystem - 2013", "slug": "Indonesia-Leuser-Ecosystem", "dataset": "dcf70e60-ff2b-4bc9-a4cb-1f12c0e370c8", "description": "Displays the boundary of the Leuser Ecosystem, a National Strategic Area for its Environmental Protection Function.", "application": ["gfw"], "iso": ["IDN"], "provider": "cartodb", "userId": "59db4eace9c1380001d6e4c3", "default": true, "protected": true, "published": true, "env": "production", "layerConfig": {"body": {"layers": [{"options": {"cartocss_version": "2.3.0", "cartocss": "#leuser_ecosystem_province_boundary{ polygon-fill: #5CA2AA; polygon-opacity: 0.7; line-color: #5CA0AA; line-width: 0.5; line-opacity: 1; }", "sql": "SELECT cartodb_id, the_geom_webmercator, name,  round(area_ha::float) as area_ha FROM leuser_ecosystem_province_boundary"}, "type": "cartodb"}], "minzoom": 2, "maxzoom": 19, "vectorLayers": [{"type": "fill", "source-layer": "layer0", "paint": {"fill-opacity": 0.7, "fill-color": "#5CA2AA"}}, {"type": "line", "source-layer": "layer0", "paint": {"line-opacity": 1, "line-color": "#5CA0AA", "line-width": 0.5}}]}, "account": "wri-01"}, "legendConfig": {"items": [{"color": "#5CA2AA", "name": "Indonesia Leuser ecosystem"}], "type": "basic"}, "interactionConfig": {"output": [{"column": "name", "format": null, "prefix": "", "property": "Name", "suffix": "", "type": "string"}, {"column": "area_ha", "format": null, "prefix": "ha", "property": "Area", "suffix": "", "type": "number"}, {"column": "cartodb_id", "format": null, "hidden": true, "property": "cartodb_id", "type": "number"}, {"column": "the_geom_webmercator", "format": "json", "hidden": true, "property": "the_geom", "type": "json"}]}, "applicationConfig": {"active": true, "analysisEndpoint": "use", "default": true, "global": false, "metadata": "idn_leuser"}, "staticImageConfig": {}, "updatedAt": "2019-03-08T13:19:30.853Z"}}], "metadata": [{"id": "5b645545c31667001159bafb", "type": "metadata", "attributes": {"dataset": "dcf70e60-ff2b-4bc9-a4cb-1f12c0e370c8", "application": "gfw", "resource": {"id": "dcf70e60-ff2b-4bc9-a4cb-1f12c0e370c8", "type": "dataset"}, "language": "en", "info": {"citation": "", "color": "#A878F3", "description": "Displays the boundary of the Leuser Ecosystem, a National Strategic Area for its Environmental Protection Function.", "name": "Indonesia Leuser ecosystem"}, "createdAt": "2018-08-03T13:14:45.382Z", "updatedAt": "2018-11-06T16:09:37.383Z", "status": "published"}}], "vocabulary": [{"id": "dcf70e60-ff2b-4bc9-a4cb-1f12c0e370c8", "type": "vocabulary", "attributes": {"resource": {"id": "dcf70e60-ff2b-4bc9-a4cb-1f12c0e370c8", "type": "dataset"}, "tags": ["landUse", "conservation"], "name": "categoryTab", "application": "gfw"}}]}}