{"id": "dddcba3c-f746-4787-9915-f24c141a94da", "type": "dataset", "attributes": {"name": "USA Land Cover", "slug": "USA-Land-Cover", "type": "raster", "subtitle": null, "application": ["gfw"], "dataPath": null, "attributesPath": null, "connectorType": "wms", "provider": "wms", "userId": "59db4eace9c1380001d6e4c3", "connectorUrl": "https://s3.amazonaws.com/wri-tiles/usa_landcover/{z}/{x}/{y}.png", "tableName": null, "status": "saved", "published": true, "overwrite": false, "verified": false, "blockchain": {}, "mainDateField": null, "env": "production", "geoInfo": false, "protected": true, "legend": {"date": [], "region": [], "country": [], "nested": []}, "clonedHost": {}, "errorMessage": null, "taskId": null, "updatedAt": "2018-11-21T14:02:53.751Z", "dataLastUpdated": null, "widgetRelevantProps": [], "layerRelevantProps": [], "layer": [{"id": "27bbbfbe-60c4-4ac0-84c3-bf4be26c3753", "type": "layer", "attributes": {"name": "USA land cover - 2001-2011", "slug": "USA-Land-Cover", "dataset": "dddcba3c-f746-4787-9915-f24c141a94da", "description": "Identifies land cover for the United States, utilizing the National Land Cover Database (NLCD) for 2011.", "application": ["gfw"], "iso": ["USA"], "provider": "leaflet", "userId": "59db4eace9c1380001d6e4c3", "default": false, "protected": true, "published": true, "env": "production", "layerConfig": {"body": {"format": "image/png", "maxzoom": 16, "minzoom": 2, "maxNativeZoom": 12, "options": {"useCors": true}, "params_config": [{"default": 16, "key": "dataMaxZoom", "required": true}], "url": "https://s3.amazonaws.com/wri-tiles/usa_landcover/{z}/{x}/{y}.png"}, "service": "leaflet", "type": "tileLayer"}, "legendConfig": {"type": "basic", "items": [{"color": "#85C77E", "name": "Deciduous forest"}, {"color": "#38814E", "name": "Evergreen forest"}, {"color": "#D4E7B0", "name": "Mixed forest"}, {"color": "#AF963C", "name": "Dwarf scrub"}, {"color": "#DCCA8F", "name": "Shrub/scrub"}, {"color": "#FDE9AA", "name": "Grassland/herbaceous"}, {"color": "#D1D182", "name": "Sedge/herbaceous"}, {"color": "#CA9146", "name": "Cultivated crops"}, {"color": "#FBF65D", "name": "Pasture/hay"}, {"color": "#E8D1D1", "name": "Developed, open space"}, {"color": "#E29E8C", "name": "Developed, low intensity"}, {"color": "#FF0000", "name": "Developed, medium intensity"}, {"color": "#B50000", "name": "Developed high intensity"}, {"color": "#C8E6F8", "name": "Woody wetlands"}, {"color": "#64B3D5", "name": "Emergent herbaceous wetlands"}, {"color": "#D2CDC0", "name": "Barren land (rock/sand/clay)"}, {"color": "#A3CC51", "name": "Lichens"}, {"color": "#82BA9E", "name": "Moss"}, {"color": "#ffffff", "name": "Perennial ice/snow"}]}, "interactionConfig": {}, "applicationConfig": {"default": true, "active": true, "global": false, "metadata": "usa_land_cover"}, "staticImageConfig": {}, "updatedAt": "2019-03-08T13:19:48.873Z"}}, {"id": "2b4b882b-1d2b-44fd-92b9-a1ffcabe6ca6", "type": "layer", "attributes": {"name": "Usa land cover change", "slug": "USA-Land-Cover-Change", "dataset": "dddcba3c-f746-4787-9915-f24c141a94da", "description": "This layer displays change in land cover between 2001 and 2011. Pixels that changed during this period display the land cover value that they changed to. Pixels with no change are transparent.", "application": ["gfw"], "iso": ["USA"], "provider": "leaflet", "userId": "59db4eace9c1380001d6e4c3", "default": false, "protected": true, "published": true, "env": "production", "layerConfig": {"body": {"maxzoom": 12}, "params_config": [], "service": "leaflet", "sql_config": [], "type": "tileLayer", "url": "https://s3.amazonaws.com/wri-tiles/usa_landcover_change/{z}/{x}/{y}.png"}, "legendConfig": {"items": [{"name": "Deciduous forest", "color": "#85C77E"}, {"name": "Evergreen forest", "color": "#38814E"}, {"name": "Mixed forest", "color": "#D4E7B0"}, {"name": "Dwarf scrub", "color": "#AF963C"}, {"name": "Shrub/scrub", "color": "#DCCA8F"}, {"name": "Grassland/herbaceous", "color": "#FDE9AA"}, {"name": "Sedge/herbaceous", "color": "#D1D182"}, {"name": "Cultivated crops", "color": "#CA9146"}, {"name": "Pasture/hay", "color": "#FBF65D"}, {"name": "Developed, open space", "color": "#E8D1D1"}, {"name": "Developed, low intensity", "color": "#E29E8C"}, {"name": "Developed, medium intensity", "color": "#FF0000"}, {"name": "Developed high intensity", "color": "#B50000"}, {"name": "Woody wetlands", "color": "#C8E6F8"}, {"name": "Emergent herbaceous wetlands", "color": "#64B3D5"}, {"name": "Barren land (rock/sand/clay)", "color": "#D2CDC0"}, {"name": "Lichens", "color": "#A3CC51"}, {"name": "Moss", "color": "#82BA9E"}, {"name": "Perennial ice/snow", "color": "#ffffff"}], "type": "basic"}, "interactionConfig": {}, "applicationConfig": {"default": true, "active": true, "global": false, "metadata": "usa_land_cover_change"}, "staticImageConfig": {}, "updatedAt": "2018-11-21T14:02:54.558Z"}}], "metadata": [{"id": "5b64554a6ec14b00117e29a1", "type": "metadata", "attributes": {"dataset": "dddcba3c-f746-4787-9915-f24c141a94da", "application": "gfw", "resource": {"id": "dddcba3c-f746-4787-9915-f24c141a94da", "type": "dataset"}, "language": "en", "info": {"name": "USA Land Cover", "color": "#a0c746", "description": "This layer displays change in land cover between 2001 and 2011. Pixels that changed during this period display the land cover value that they changed to. Pixels with no change are transparent.", "citation": "2001-2011"}, "createdAt": "2018-08-03T13:14:50.872Z", "updatedAt": "2018-09-19T13:47:13.957Z", "status": "published"}}], "vocabulary": [{"id": "dddcba3c-f746-4787-9915-f24c141a94da", "type": "vocabulary", "attributes": {"resource": {"id": "dddcba3c-f746-4787-9915-f24c141a94da", "type": "dataset"}, "tags": ["landCover"], "name": "categoryTab", "application": "gfw"}}]}}