{"id": "fee5fc38-7a62-49b8-8874-dfa31cbb1ef6", "type": "dataset", "attributes": {"name": "Global Biodiversity", "slug": "Global-Biodiversity", "type": null, "subtitle": null, "application": ["gfw"], "dataPath": null, "attributesPath": null, "connectorType": "rest", "provider": "gee", "userId": "59db4eace9c1380001d6e4c3", "connectorUrl": null, "tableName": "projects/wri-datalab/biodiversity-layers", "status": "saved", "published": true, "overwrite": false, "verified": false, "blockchain": {}, "mainDateField": null, "env": "production", "geoInfo": false, "protected": true, "legend": {"date": [], "region": [], "country": [], "nested": []}, "clonedHost": {}, "errorMessage": "", "taskId": null, "updatedAt": "2018-11-21T14:00:18.246Z", "dataLastUpdated": null, "widgetRelevantProps": [], "layerRelevantProps": [], "layer": [{"id": "43a205fe-aad3-4db1-8807-c399a3264349", "type": "layer", "attributes": {"name": "Biodiversity significance - 2016", "slug": "Biodiversity-Significance", "dataset": "fee5fc38-7a62-49b8-8874-dfa31cbb1ef6", "application": ["gfw"], "iso": [], "provider": "gee", "userId": "59db4eace9c1380001d6e4c3", "default": false, "protected": true, "published": true, "env": "production", "layerConfig": {"assetId": "projects/wri-datalab/biodiversity-layers/significance", "body": {"maxNativeZoom": 13, "maxzoom": 19, "minNativeZoom": 4, "minzoom": 2, "sldValue": "<RasterSymbolizer> + <ColorMap type=\"ramp\" extended=\"false\" > + <ColorMapEntry color=\"#F8EBFF\" quantity=\"0\"/> + <ColorMapEntry color=\"#ECCAFC\" quantity=\"0.5\" /> + <ColorMapEntry color=\"#DFA4FF\" quantity=\"2.5\" /> + <ColorMapEntry color=\"#C26DFE\" quantity=\"7.5\" /> + <ColorMapEntry color=\"#9D36F7\" quantity=\"11.0\" /> + <ColorMapEntry color=\"#6D00E1\" quantity=\"15.5\" /> + <ColorMapEntry color=\"#3C00AB\" quantity=\"30\" /> + </ColorMap> + </RasterSymbolizer>", "styleType": "sld"}, "isImageCollection": false, "params_config": [], "type": "tileLayer"}, "legendConfig": {"items": [{"value": "Low", "color": "#F8EBFF"}, {"value": "", "color": "#ECCAFC"}, {"value": "", "color": "#DFA4FF"}, {"value": "", "color": "#C26DFE"}, {"value": "", "color": "#9D36F7"}, {"value": "", "color": "#6D00E1"}, {"value": "High", "color": "#3C00AB"}], "type": "gradient"}, "interactionConfig": {}, "applicationConfig": {"active": true, "default": true, "global": true, "metadata": "biodiversity_importance", "selectorConfig": {"label": "Significance", "position": 0, "sentence": "Displaying Biodiversity {selector}", "value": "significance"}}, "staticImageConfig": {}, "updatedAt": "2019-04-02T15:12:42.956Z"}}, {"id": "f13f86cb-08b5-4e6c-bb8d-b4782052f9e5", "type": "layer", "attributes": {"name": "Biodiversity intactness - 2016", "slug": "Biodiversity-Intactness_1", "dataset": "fee5fc38-7a62-49b8-8874-dfa31cbb1ef6", "application": ["gfw"], "iso": [], "provider": "gee", "userId": "59db4eace9c1380001d6e4c3", "default": false, "protected": true, "published": true, "env": "production", "layerConfig": {"assetId": "projects/wri-datalab/biodiversity-layers/intactness", "body": {"maxNativeZoom": 13, "maxzoom": 19, "minNativeZoom": 4, "minzoom": 2, "sldValue": "<RasterSymbolizer> + <ColorMap type=\"ramp\" extended=\"false\" > + <ColorMapEntry color=\"#F8EBFF\" quantity=\"-40\"/> + <ColorMapEntry color=\"#ECCAFC\" quantity=\"-20.667\" /> + <ColorMapEntry color=\"#DFA4FF\" quantity=\"-14.667\" /> + <ColorMapEntry color=\"#C26DFE\" quantity=\"-10\" /> + <ColorMapEntry color=\"#9D36F7\" quantity=\"-3.333\" /> + <ColorMapEntry color=\"#6D00E1\" quantity=\"-0.667\" /> + <ColorMapEntry color=\"#3C00AB\" quantity=\"0\" /> + </ColorMap> + </RasterSymbolizer>", "styleType": "sld"}, "params_config": [], "type": "tileLayer"}, "legendConfig": {"type": "gradient", "items": [{"color": "#F8EBFF", "value": "Low"}, {"color": "#ECCAFC", "value": ""}, {"color": "#DFA4FF", "value": ""}, {"color": "#C26DFE", "value": ""}, {"color": "#9D36F7", "value": ""}, {"color": "#6D00E1", "value": ""}, {"color": "#3C00AB", "value": "High"}]}, "interactionConfig": {}, "applicationConfig": {"active": true, "default": true, "global": true, "metadata": "biodiversity_intactness", "selectorConfig": {"label": "Intactness", "position": 1, "sentence": "Displaying Biodiversity {selector}", "value": "intactness"}}, "staticImageConfig": {}, "updatedAt": "2019-04-02T15:13:43.242Z"}}], "metadata": [{"id": "5b64553f6ec14b00117e299a", "type": "metadata", "attributes": {"dataset": "fee5fc38-7a62-49b8-8874-dfa31cbb1ef6", "application": "gfw", "resource": {"id": "fee5fc38-7a62-49b8-8874-dfa31cbb1ef6", "type": "dataset"}, "language": "en", "info": {"name": "Global biodiversity", "color": "#A878F3", "description": "Displays the relative importance of each pixel in terms of its aggregate contribution to the distribution of forest-dependent species of mammals, birds, amphibians, and conifers.", "isSelectorLayer": true, "citation": "IUCN/BirdLife International/UNEP-WCMC"}, "createdAt": "2018-08-03T13:14:39.616Z", "updatedAt": "2018-11-06T15:57:50.216Z", "status": "published"}}], "vocabulary": [{"id": "fee5fc38-7a62-49b8-8874-dfa31cbb1ef6", "type": "vocabulary", "attributes": {"resource": {"id": "fee5fc38-7a62-49b8-8874-dfa31cbb1ef6", "type": "dataset"}, "tags": ["biodiversity", "biodiversity"], "name": "categoryTab", "application": "gfw"}}]}}