{"id": "284b3e2d-72e6-4f97-bf20-83f57ecbedfc", "type": "dataset", "attributes": {"name": "Alliance for zero extinction sites - 2018", "slug": "Alliance-for-zero-extinction-sites-2018", "type": "tabular", "subtitle": null, "application": ["gfw"], "dataPath": null, "attributesPath": null, "connectorType": "rest", "provider": "cartodb", "userId": "57a0aa1071e394dd32ffe137", "connectorUrl": "https://wri-rw.carto.com/tables/aze_global_2019", "tableName": "aze_global_2019", "status": "saved", "published": true, "overwrite": false, "verified": false, "blockchain": {}, "mainDateField": null, "env": "staging", "geoInfo": false, "protected": false, "legend": {"date": [], "region": [], "country": [], "nested": []}, "clonedHost": {}, "errorMessage": "", "taskId": null, "updatedAt": "2019-04-03T09:33:51.072Z", "dataLastUpdated": null, "widgetRelevantProps": [], "layerRelevantProps": [], "layer": [{"id": "456f2747-d004-4bd0-abdb-7cd798c761f0", "type": "layer", "attributes": {"name": "Alliance for zero extinction sites - 2018", "slug": "Alliance-for-zero-extinction-sites-2018", "dataset": "284b3e2d-72e6-4f97-bf20-83f57ecbedfc", "description": "", "application": ["gfw"], "iso": [], "provider": "cartodb", "userId": "57a0aa1071e394dd32ffe137", "default": false, "protected": false, "published": true, "env": "staging", "layerConfig": {"account": "wri-01", "body": {"layers": [{"options": {"cartocss": "#alliance_for_zero_extinction_sites_species_joi{ polygon-fill: #b2d26e; polygon-opacity: 0.9; line-color: #b2d26e; line-width: 1.5; line-opacity: 1;}", "cartocss_version": "2.3.0", "sql": "SELECT the_geom_webmercator, cartodb_id, intname as name, country, source FROM aze_global_2019"}, "type": "cartodb"}], "maxzoom": 19, "minzoom": 2, "vectorLayers": [{"paint": {"fill-color": "#b2d26e", "fill-opacity": 0.9}, "source-layer": "layer0", "type": "fill"}, {"paint": {"line-color": "#b2d26e", "line-opacity": 1, "line-width": 1.5}, "source-layer": "layer0", "type": "line"}]}}, "legendConfig": {"items": [{"color": "#b2d26e", "name": "Alliance for Zero Extinction sites"}], "type": "basic"}, "interactionConfig": {"output": [{"column": "name", "format": null, "property": "Site Name", "type": "string"}, {"column": "country", "format": null, "property": "Country", "type": "string"}, {"column": "source", "format": null, "property": "Source", "type": "string"}, {"column": "mapid", "format": null, "property": "ID", "type": "string"}, {"column": "cartodb_id", "format": null, "hidden": true, "property": "cartodb_id", "type": "number"}, {"column": "the_geom_webmercator", "format": "json", "hidden": true, "property": "the_geom", "type": "json"}]}, "applicationConfig": {"analysisEndpoint": "use", "default": true, "active": true, "global": true, "metadata": "alliance_for_zero_extinction_sites"}, "staticImageConfig": {}, "updatedAt": "2019-04-03T09:29:54.455Z"}}], "metadata": [{"id": "5ca3854a82cc18001216fb19", "type": "metadata", "attributes": {"dataset": "284b3e2d-72e6-4f97-bf20-83f57ecbedfc", "application": "gfw", "resource": {"id": "284b3e2d-72e6-4f97-bf20-83f57ecbedfc", "type": "dataset"}, "language": "en", "info": {"citation": "World Database of Key Biodiversity Areas", "color": "#A878F3", "description": "Displays critical sites for conservation that contain endangered species with limited ranges and populations found nowhere else on the planet.", "name": "Alliance for zero extinction sites - 2018"}, "createdAt": "2019-04-02T15:52:42.257Z", "updatedAt": "2019-04-02T15:52:42.257Z", "status": "published"}}], "vocabulary": [{"id": "284b3e2d-72e6-4f97-bf20-83f57ecbedfc", "type": "vocabulary", "attributes": {"resource": {"id": "284b3e2d-72e6-4f97-bf20-83f57ecbedfc", "type": "dataset"}, "tags": ["biodiversity"], "name": "categoryTab", "application": "gfw"}}]}}