{"id": "4839cc85-a4fe-41e5-96fd-51796aa694a6", "type": "dataset", "attributes": {"name": "Tree cover loss - 2018", "slug": "Tree-cover-loss-2018", "type": null, "subtitle": null, "application": ["gfw"], "dataPath": null, "attributesPath": null, "connectorType": "rest", "provider": "gee", "userId": "57a0aa1071e394dd32ffe137", "connectorUrl": null, "tableName": "projects/wri-datalab/HansenComposite_18", "status": "failed", "published": true, "overwrite": false, "verified": false, "blockchain": {}, "mainDateField": null, "env": "staging", "geoInfo": false, "protected": false, "legend": {"date": [], "region": [], "country": [], "nested": []}, "clonedHost": {}, "errorMessage": null, "taskId": null, "updatedAt": "2019-03-25T13:49:00.198Z", "dataLastUpdated": null, "widgetRelevantProps": [], "layerRelevantProps": [], "layer": [{"id": "0d35db15-9c05-4dbb-9879-ceded4f7951d", "type": "layer", "attributes": {"name": "Tree cover loss - 2018 ver.", "slug": "Tree-cover-loss_3", "dataset": "4839cc85-a4fe-41e5-96fd-51796aa694a6", "application": ["gfw"], "iso": [], "provider": "leaflet", "userId": "57a0aa1071e394dd32ffe137", "default": true, "protected": false, "published": true, "env": "staging", "layerConfig": {"body": {"format": "image/png", "maxzoom": 12, "metadata": "https://production-api.globalforestwatch.org/v1/gfw-metadata/tree_cover_loss", "minzoom": 2, "options": {"useCors": true}, "url": "https://storage.googleapis.com/wri-public/Hansen18/tiles/hansen_world/v1/tc{thresh}/{z}/{x}/{y}.png"}, "decode_config": [{"default": "2001-01-01", "key": "startDate", "required": true}, {"default": "2018-12-31", "key": "endDate", "required": true}], "params_config": [{"default": 12, "key": "dataMaxZoom", "required": true}, {"default": 30, "key": "thresh", "required": true}], "timeline_config": {"dateFormat": "YYYY", "interval": "years", "speed": 250, "step": 1}, "type": "tileLayer"}, "legendConfig": {"items": [{"dataMaxZoom": 12, "threshold": 30, "color": "#DC6C9A", "name": "Tree cover loss", "source": "(annual, 30m, global, Hansen/UMD/Google/USGS/NASA)", "notes": ["Displaying loss with {thresh} canopy density.", "Tree cover loss is not always deforestation."]}], "type": "basic"}, "interactionConfig": {}, "applicationConfig": {"subscriptionKey": "umd-loss-gain", "metadata": "tree_cover_loss", "global": true, "default": false, "analysisConfig": [{"version": "v1", "unit": "ha", "type": "geostore", "service": "umd-loss-gain", "key": "loss"}, {"version": "v3", "unit": "ha", "type": "admin", "subKey": "loss", "service": "umd-loss-gain", "key": "totals"}], "active": true}, "staticImageConfig": {}, "updatedAt": "2019-03-25T14:54:36.408Z"}}], "metadata": [{"id": "5c98ed5a788b3b00128bc466", "type": "metadata", "attributes": {"dataset": "4839cc85-a4fe-41e5-96fd-51796aa694a6", "application": "gfw", "resource": {"id": "4839cc85-a4fe-41e5-96fd-51796aa694a6", "type": "dataset"}, "language": "en", "info": {"citation": "annual, 30m, global, Hansen/UMD/Google/USGS/NASA", "color": "#fe6598", "description": "Identifies areas of gross tree cover loss.", "isLossLayer": true, "name": "Tree cover loss"}, "createdAt": "2019-03-25T15:01:46.515Z", "updatedAt": "2019-03-25T15:01:46.515Z", "status": "published"}}], "vocabulary": [{"id": "4839cc85-a4fe-41e5-96fd-51796aa694a6", "type": "vocabulary", "attributes": {"resource": {"id": "4839cc85-a4fe-41e5-96fd-51796aa694a6", "type": "dataset"}, "tags": ["forestChange", "treeCoverChange"], "name": "categoryTab", "application": "gfw"}}]}}